substance,dtxsid,drug_group,outer_fold,class,appendix_a,appendix_a_original_xlsx,oecd_tbl2,mundy_revised,full_series_call,forecast_anchorboost_inactive_of_5,chain_anchorboost_inactive_of_5,forecast_measured_only_inactive_of_5,chain_measured_only_inactive_of_5,anchorboost_released_of_5
"1,2-Propylene glycol",DTXSID0021206,DTXSID0021206,1,Industrial,Negative,Negative,Negative,,active,1,1,1,1,5
5-Fluorouracil,DTXSID2020634,DTXSID2020634,1,Pharmaceutical,Positive,Positive,Positive,Positive,active,0,0,0,0,5
Acephate,DTXSID8023846,DTXSID8023846,1,OP,,,,Positive,inactive,3,3,5,5,3
Acetaminophen,DTXSID2020006,DTXSID2020006,1,Pharmaceutical,Negative,Negative,,,inactive,5,5,5,5,5
Aspirin,DTXSID5020108,DTXSID5020108,1,Pharmaceutical,Negative,Negative,Negative,Negative,inactive,5,5,5,5,5
Bifenthrin,DTXSID9020160,DTXSID9020160,1,Not annotated,,,,Positive,active,0,0,0,0,5
Bis(tributyltin)oxide,DTXSID9020166,parent:DTXSID3027403,1,Metal,Positive,Positive,Positive,Positive,active,0,0,0,0,5
Bisindolylmaleimide I,DTXSID50157932,DTXSID50157932,1,Research,,,Positive,,active,0,0,0,0,5
Bisphenol A,DTXSID7020182,DTXSID7020182,1,Industrial,Positive,Positive,Positive,Positive,active,0,0,1,0,5
Caffeine,DTXSID0020232,DTXSID0020232,1,Food additive,Positive,Positive,Positive,Positive,active,2,0,3,0,2
Chlordiazepoxide hydrochloride,DTXSID40880060,DTXSID40880060,1,Pharmaceutical,Positive,Positive,Positive,Positive,active,0,0,0,0,5
Cyclophosphamide monohydrate,DTXSID6024888,DTXSID6024888,1,Pharmaceutical,Positive,Positive,Positive,Positive,active,3,1,4,2,3
Cymoxanil,DTXSID6032358,DTXSID6032358,1,Pesticide,,,,Positive,inactive,4,4,5,5,5
Diazepam,DTXSID4020406,DTXSID4020406,1,Pharmaceutical,Positive,Positive,Positive,Positive,active,0,0,0,0,5
Diethylene glycol,DTXSID8020462,DTXSID8020462,1,Industrial,Negative,Negative,Negative,Negative,inactive,5,5,5,5,5
Diethylstilbestrol,DTXSID3020465,DTXSID3020465,1,Pharmaceutical,Positive,Positive,Positive,Positive,active,0,0,0,0,5
Dimethoate,DTXSID7020479,DTXSID7020479,1,OP,,,,Positive,active,0,0,2,0,5
Endosulfan,DTXSID1020560,DTXSID1020560,1,Pesticide,,,,Positive,active,1,1,1,0,5
Loperamide,DTXSID00880006,DTXSID00880006,1,Pharmaceutical,Positive,Negative,Positive,,active,0,0,0,0,5
Permethrin,DTXSID8022292,DTXSID8022292,1,Pesticide,Positive,Positive,Positive,Positive,active,0,0,0,0,5
S-Ethyl dipropylthiocarbamate,DTXSID1024091,DTXSID1024091,1,Not annotated,,,,Positive,inactive,5,5,5,5,5
Sodium saccharin hydrate,DTXSID7021992,DTXSID7021992,1,Food additive,Negative,Negative,Negative,Negative,active,3,3,3,3,5
Sodium valproate,DTXSID5037072,DTXSID5037072,1,Pharmaceutical,Positive,Positive,Positive,Positive,active,0,0,0,0,5
Terbufos,DTXSID2022254,DTXSID2022254,1,OP,,,,Positive,active,2,2,4,4,5
Thalidomide,DTXSID9022524,DTXSID9022524,1,Pharmaceutical,Positive,Positive,Positive,Positive,active,0,0,1,0,5
Tributyltin chloride,DTXSID3027403,parent:DTXSID3027403,1,Metal,Positive,Positive,Positive,Positive,active,0,0,1,0,5
Tributyltin methacrylate,DTXSID9035204,parent:DTXSID3027403,1,Metal,Positive,Positive,Positive,Positive,active,0,0,0,0,5
Trimethyltin hydroxide,DTXSID9032240,DTXSID9032240,1,Metal,Positive,Positive,Positive,Positive,active,0,0,1,0,5
"Tris(1,3-dichloro-2-propyl) phosphate",DTXSID9026261,DTXSID9026261,1,Industrial,,,,Positive,active,1,1,1,0,5
Tris(2-chloroethyl) phosphate,DTXSID5021411,DTXSID5021411,1,Industrial,,,,Positive,active,1,1,1,0,5
Z-Tetrachlorvinphos,DTXSID1032648,DTXSID1032648,1,OP,,,,Positive,active,0,0,0,0,5
"p,p'-DDD",DTXSID4020373,DTXSID4020373,1,Pesticide,Positive,Positive,Positive,,active,0,0,1,0,4
"3,3',5,5'-Tetrabromobisphenol A",DTXSID1026081,DTXSID1026081,2,Industrial,,,,Positive,inactive,5,5,5,5,5
Aldicarb,DTXSID0039223,DTXSID0039223,2,Pesticide,,,,Positive,active,2,2,2,0,5
Amoxicillin,DTXSID3037044,DTXSID3037044,2,Pharmaceutical,Negative,Negative,Negative,Negative,active,2,2,3,3,5
Bisphenol AF,DTXSID7037717,DTXSID7037717,2,Not annotated,,,Positive,,active,2,2,2,2,5
Bisphenol B,DTXSID4022442,DTXSID4022442,2,Not annotated,,,Positive,,active,0,0,0,0,5
Cadmium(II) chloride hydrate (2:5),DTXSID4040183,DTXSID4040183,2,Metal,Positive,Positive,Positive,Positive,active,0,0,0,0,5
Carbamazepine,DTXSID4022731,DTXSID4022731,2,Pharmaceutical,Positive,Positive,Positive,Positive,inactive,4,4,5,5,5
Carbaryl,DTXSID9020247,DTXSID9020247,2,Pesticide,,,,Positive,active,0,0,0,0,5
Chloramben,DTXSID2020262,DTXSID2020262,2,Pesticide,Negative,Negative,Negative,Negative,active,0,0,0,0,5
Chlorpromazine hydrochloride,DTXSID7024827,DTXSID7024827,2,Pharmaceutical,Positive,Positive,Positive,Positive,active,1,1,1,1,5
Clothianidin,DTXSID2034465,DTXSID2034465,2,Pesticide,,,,Positive,inactive,5,5,5,5,5
DDT,DTXSID4020375,parent:DTXSID4020375,2,Pesticide,Positive,Positive,Positive,Positive,active,2,1,2,0,4
Dichlorvos,DTXSID5020449,DTXSID5020449,2,OP,,,,Positive,inactive,5,5,5,5,5
Fipronil,DTXSID4034609,DTXSID4034609,2,Pesticide,Negative,Negative,,Positive,active,0,0,2,0,5
Glycerol,DTXSID9020663,DTXSID9020663,2,Food additive,Negative,Negative,Negative,Negative,inactive,5,5,5,5,5
L-Ascorbic acid,DTXSID5020106,DTXSID5020106,2,Vitamin,Negative,Negative,Negative,Negative,inactive,3,3,5,5,5
Lindane,DTXSID2020686,DTXSID2020686,2,Pesticide,Positive,Positive,Positive,Positive,active,0,0,1,0,5
Maneb,DTXSID9020794,DTXSID9020794,2,Pesticide,Positive,Positive,Positive,Positive,inactive,4,4,5,5,5
Manganese dichloride,DTXSID9040681,parent:DTXSID5027279,2,Metal,Positive,Positive,Positive,Positive,inactive,5,5,5,5,5
Manganese(II) acetate,DTXSID5027279,parent:DTXSID5027279,2,Metal,Positive,Positive,Positive,Positive,inactive,5,5,5,5,5
Mercuric chloride,DTXSID5020811,DTXSID5020811,2,Not annotated,,,Positive,Positive,active,0,0,0,0,5
Methamidophos,DTXSID6024177,DTXSID6024177,2,OP,,,,Positive,active,1,1,1,0,5
Methylmercuric(II) chloride,DTXSID5020813,DTXSID5020813,2,Metal,Positive,Positive,Positive,Positive,active,0,0,0,0,5
Mevastatin,DTXSID4040684,DTXSID4040684,2,Not annotated,,,Positive,,active,0,0,0,0,5
Parathion,DTXSID7021100,DTXSID7021100,2,OP,Positive,Positive,Positive,Positive,inactive,3,3,5,5,5
Sodium arsenite,DTXSID5020104,DTXSID5020104,2,Metal,Positive,Positive,Positive,Positive,active,0,0,0,0,5
Tebuconazole,DTXSID9032113,DTXSID9032113,2,Pesticide,Positive,Positive,Positive,Positive,active,0,0,0,0,5
Terbutaline hemisulfate,DTXSID3045437,DTXSID3045437,2,Pharmaceutical,Positive,Positive,Positive,Positive,inactive,5,5,5,5,5
Tribufos,DTXSID1024174,DTXSID1024174,2,OP,,,,Positive,active,1,1,1,0,5
Trichlorfon,DTXSID0021389,DTXSID0021389,2,OP,Positive,Positive,Positive,Positive,active,0,0,0,0,5
1-Methyl-4-phenylpyridinium iodide,DTXSID40880040,DTXSID40880040,3,Drug,Positive,Positive,Positive,,active,1,0,4,2,1
"5,5-Diphenylhydantoin",DTXSID8020541,DTXSID8020541,3,Pharmaceutical,Positive,Positive,Positive,Positive,inactive,5,5,5,5,3
6-Methyl-2-thiouracil,DTXSID2020890,DTXSID2020890,3,Not annotated,,,Positive,Positive,active,1,1,2,2,5
Allethrin,DTXSID8035180,parent:DTXSID2039336,3,Pesticide,Positive,Positive,Positive,Positive,active,0,0,1,0,5
Anthracene,DTXSID0023878,DTXSID0023878,3,PAH,Negative,Negative,Negative,Negative,inactive,5,5,5,5,4
Carbofuran,DTXSID9020249,DTXSID9020249,3,Not annotated,,,,Positive,active,3,1,3,3,3
Clodinafop-propargyl,DTXSID6032354,DTXSID6032354,3,Not annotated,,,,Positive,active,1,1,1,1,5
Cocaine,DTXSID2038443,DTXSID2038443,3,Drug,Positive,Positive,Positive,Positive,active,2,0,1,0,3
Colchicine,DTXSID5024845,DTXSID5024845,3,Pharmaceutical,Positive,Positive,Positive,Positive,active,0,0,0,0,5
D-Mannitol,DTXSID1023235,DTXSID1023235,3,Food additive,Negative,Negative,Negative,Negative,active,1,0,1,0,4
Deltamethrin,DTXSID8020381,DTXSID8020381,3,Pesticide,Positive,Positive,Positive,Positive,active,0,0,0,0,5
Dexamethasone,DTXSID3020384,DTXSID3020384,3,Pharmaceutical,Positive,Positive,Positive,Positive,inactive,5,5,5,5,5
Dicrotophos,DTXSID9023914,DTXSID9023914,3,OP,,,,Positive,inactive,5,5,5,5,5
Emamectin benzoate,DTXSID0034566,DTXSID0034566,3,Pesticide,,,,Positive,active,0,0,0,0,5
Etofenprox,DTXSID9032610,DTXSID9032610,3,Pesticide,,,,Positive,active,0,0,2,0,5
Fenpropathrin,DTXSID0024002,DTXSID0024002,3,Not annotated,,,,Positive,active,0,0,0,0,5
Folic acid,DTXSID0022519,DTXSID0022519,3,Food additive,Negative,Negative,,,active,3,0,4,0,1
Haloperidol,DTXSID4034150,DTXSID4034150,3,Pharmaceutical,Positive,Positive,Positive,Positive,active,0,0,0,0,5
Hexachlorophene,DTXSID6020690,DTXSID6020690,3,Pesticide,Positive,Positive,Positive,Positive,active,0,0,0,0,5
Lead(II) acetate trihydrate,DTXSID3031521,DTXSID3031521,3,Metal,Positive,Positive,Positive,Positive,active,0,0,0,0,5
Malathion,DTXSID4020791,DTXSID4020791,3,OP,,,,Positive,active,0,0,2,2,5
Naloxone hydrochloride dihydrate,DTXSID90199452,DTXSID90199452,3,Pharmaceutical,Positive,Positive,Positive,Positive,inactive,5,5,5,5,5
Phenol,DTXSID5021124,DTXSID5021124,3,Industrial,Negative,Negative,Negative,Negative,active,1,1,1,1,5
Phorate,DTXSID4032459,DTXSID4032459,3,OP,,,,Positive,active,3,0,3,0,2
Profenofos,DTXSID3032464,DTXSID3032464,3,OP,,,,Positive,active,2,2,2,1,5
Sodium fluoride,DTXSID2020630,DTXSID2020630,3,Pharmaceutical,Positive,Positive,Positive,Positive,inactive,5,5,5,5,2
Tetracycline,DTXSID7023645,DTXSID7023645,3,Pharmaceutical,Negative,Negative,Negative,Negative,inactive,4,4,5,5,5
Thiamethoxam,DTXSID2034962,DTXSID2034962,3,Pesticide,,,,Positive,inactive,5,5,5,5,2
(-)-Nicotine,DTXSID1020930,DTXSID1020930,4,Drug,Positive,Positive,Positive,Positive,active,0,0,0,0,5
6-aminopyridine-3-carboxamide,DTXSID5051446,DTXSID5051446,4,Pharmaceutical,Positive,Positive,Positive,Positive,active,0,0,0,0,5
Acetamiprid,DTXSID0034300,DTXSID0034300,4,Pesticide,,,,Positive,active,4,4,4,2,5
Captopril,DTXSID1037197,DTXSID1037197,4,Pharmaceutical,Negative,Negative,Negative,Negative,active,1,1,1,1,5
Chlorpyrifos oxon,DTXSID1038666,DTXSID1038666,4,OP,Positive,Positive,Positive,,active,0,0,1,1,5
Cotinine,DTXSID1047576,DTXSID1047576,4,Pharmaceutical,Negative,Negative,Negative,Negative,inactive,5,5,5,5,5
Coumaphos,DTXSID2020347,DTXSID2020347,4,OP,,,,Positive,active,0,0,2,2,5
Cypermethrin,DTXSID1023998,DTXSID1023998,4,Pesticide,Positive,Positive,Positive,Positive,active,0,0,0,0,5
D-Glucitol,DTXSID5023588,DTXSID5023588,4,Food additive,Negative,Negative,Negative,Negative,inactive,4,4,5,5,5
Dextroamphetamine sulfate,DTXSID2057865,DTXSID2057865,4,Drug,Positive,Positive,Positive,Positive,active,0,0,0,0,5
Di(2-ethylhexyl) phthalate,DTXSID5020607,DTXSID5020607,4,Phthalate,Positive,Positive,Positive,Positive,active,0,0,1,1,5
Diazinon,DTXSID9020407,DTXSID9020407,4,OP,Positive,Positive,Positive,Positive,active,0,0,2,2,5
Dieldrin,DTXSID9020453,DTXSID9020453,4,Pesticide,Positive,Positive,Positive,Positive,active,0,0,0,0,5
Diphenhydramine hydrochloride,DTXSID4020537,DTXSID4020537,4,Pharmaceutical,Negative,Negative,,,active,0,0,0,0,5
Heptachlor epoxide B,DTXSID1024126,DTXSID1024126,4,Pesticide,Positive,Positive,Positive,Positive,active,2,2,3,0,5
Imidacloprid,DTXSID5032442,DTXSID5032442,4,Pesticide,,,,Positive,active,1,1,3,3,5
Kepone,DTXSID1020770,DTXSID1020770,4,Pesticide,Positive,Positive,Positive,Positive,active,0,0,0,0,5
Methimazole,DTXSID4020820,DTXSID4020820,4,Pharmaceutical,Positive,Positive,Positive,Positive,active,0,0,2,0,5
Molinate,DTXSID6024206,DTXSID6024206,4,Not annotated,,,,Positive,active,0,0,0,0,5
Paraquat dichloride,DTXSID7024243,DTXSID7024243,4,Pesticide,Positive,Positive,Positive,,active,0,0,1,0,5
Retinoic acid,DTXSID7021239,DTXSID7021239,4,Pharmaceutical,Positive,Positive,Positive,Positive,active,0,0,0,0,5
Sodium orthovanadate,DTXSID2037269,DTXSID2037269,4,Not annotated,,,Positive,,active,0,0,0,0,5
