class,substances,designs,appendix_a_positive,appendix_a_negative,anchorboost_released,anchorboost_wrong_reports_vs_full_series,measured_only_wrong_reports_vs_full_series,labeled_designs,full_series_disagree_appendix_a,chain_anchorboost_disagree_appendix_a
Not annotated,64,320,0,0,306,27,28,0,0,0
Pesticide,29,145,14,2,138,15,7,80,15,17
Pharmaceutical,27,135,20,7,128,7,7,135,45,44
OP,25,125,4,0,119,22,21,20,5,3
Industrial,13,65,1,3,65,7,5,20,10,8
PAH,11,55,0,1,52,0,1,5,0,0
Metal,10,50,10,0,50,0,0,50,10,10
Food additive,6,30,1,5,22,4,3,30,15,13
Drug,4,20,4,0,14,0,2,20,0,0
Phthalate,2,10,1,0,10,0,1,5,0,0
Research,1,5,0,0,5,0,0,0,0,0
Vitamin,1,5,0,1,5,2,0,5,0,2
