task_id,fold,chemical,design,observed_conc_index,observed_log10_conc_um
0,4,(-)-Nicotine,0,13,-1.0
1,4,(-)-Nicotine,1,16,-0.5228787660598755
2,4,(-)-Nicotine,2,10,-1.5228787660598755
3,4,(-)-Nicotine,3,28,1.0
4,4,(-)-Nicotine,4,30,1.4771212339401245
5,1,(Methylcyclopentadienyl)tricarbonylmanganese,0,13,-1.0
6,1,(Methylcyclopentadienyl)tricarbonylmanganese,1,10,-1.5228787660598755
7,1,(Methylcyclopentadienyl)tricarbonylmanganese,2,29,1.3010300397872925
8,1,(Methylcyclopentadienyl)tricarbonylmanganese,3,24,0.4771212637424469
9,1,(Methylcyclopentadienyl)tricarbonylmanganese,4,21,0.0
10,1,"1,2-Propylene glycol",0,13,-1.0
11,1,"1,2-Propylene glycol",1,21,0.0
12,1,"1,2-Propylene glycol",2,16,-0.5228787660598755
13,1,"1,2-Propylene glycol",3,30,1.4771212339401245
14,1,"1,2-Propylene glycol",4,28,1.0
15,0,1-Ethyl-3-methyl-1H-imidazol-3-ium diethyl phosphate,0,16,-0.5228787660598755
16,0,1-Ethyl-3-methyl-1H-imidazol-3-ium diethyl phosphate,1,21,0.0
17,0,1-Ethyl-3-methyl-1H-imidazol-3-ium diethyl phosphate,2,24,0.4771212637424469
18,0,1-Ethyl-3-methyl-1H-imidazol-3-ium diethyl phosphate,3,10,-1.5228787660598755
19,0,1-Ethyl-3-methyl-1H-imidazol-3-ium diethyl phosphate,4,13,-1.0
20,3,1-Methyl-4-phenylpyridinium iodide,0,16,-0.5228787660598755
21,3,1-Methyl-4-phenylpyridinium iodide,1,13,-1.0
22,3,1-Methyl-4-phenylpyridinium iodide,2,28,1.0
23,3,1-Methyl-4-phenylpyridinium iodide,3,7,-2.0
24,3,1-Methyl-4-phenylpyridinium iodide,4,24,0.4771212637424469
25,4,17beta-Estradiol,0,24,0.4771212637424469
26,4,17beta-Estradiol,1,7,-2.0
27,4,17beta-Estradiol,2,21,0.0
28,4,17beta-Estradiol,3,29,1.3010300397872925
29,4,17beta-Estradiol,4,28,1.0
30,0,"1H,1H,2H,2H-Perfluorooctyl iodide",0,24,0.4771212637424469
31,0,"1H,1H,2H,2H-Perfluorooctyl iodide",1,16,-0.5228787660598755
32,0,"1H,1H,2H,2H-Perfluorooctyl iodide",2,21,0.0
33,0,"1H,1H,2H,2H-Perfluorooctyl iodide",3,28,1.0
34,0,"1H,1H,2H,2H-Perfluorooctyl iodide",4,29,1.3010300397872925
35,0,"2,2',4,4',5,5'-Hexabromodiphenyl ether",0,19,-0.3010300099849701
36,0,"2,2',4,4',5,5'-Hexabromodiphenyl ether",1,28,1.0
37,0,"2,2',4,4',5,5'-Hexabromodiphenyl ether",2,9,-1.6989699602127075
38,0,"2,2',4,4',5,5'-Hexabromodiphenyl ether",3,15,-0.8239087462425232
39,0,"2,2',4,4',5,5'-Hexabromodiphenyl ether",4,12,-1.3010300397872925
40,0,"2,2',4,4',5-Pentabromodiphenyl ether",0,10,-1.5228787660598755
41,0,"2,2',4,4',5-Pentabromodiphenyl ether",1,13,-1.0
42,0,"2,2',4,4',5-Pentabromodiphenyl ether",2,29,1.3010300397872925
43,0,"2,2',4,4',5-Pentabromodiphenyl ether",3,16,-0.5228787660598755
44,0,"2,2',4,4',5-Pentabromodiphenyl ether",4,24,0.4771212637424469
45,0,"2,2',4,4'-Tetrabromodiphenyl ether",0,16,-0.5228787660598755
46,0,"2,2',4,4'-Tetrabromodiphenyl ether",1,10,-1.5228787660598755
47,0,"2,2',4,4'-Tetrabromodiphenyl ether",2,7,-2.0
48,0,"2,2',4,4'-Tetrabromodiphenyl ether",3,28,1.0
49,0,"2,2',4,4'-Tetrabromodiphenyl ether",4,21,0.0
50,4,"2,2-Bis(4-hydroxyphenyl)-1,1,1-trichloroethane",0,29,1.3010300397872925
51,4,"2,2-Bis(4-hydroxyphenyl)-1,1,1-trichloroethane",1,10,-1.5228787660598755
52,4,"2,2-Bis(4-hydroxyphenyl)-1,1,1-trichloroethane",2,16,-0.5228787660598755
53,4,"2,2-Bis(4-hydroxyphenyl)-1,1,1-trichloroethane",3,21,0.0
54,4,"2,2-Bis(4-hydroxyphenyl)-1,1,1-trichloroethane",4,28,1.0
55,2,2-(m-Chlorophenoxy)propionic acid,0,21,0.0
56,2,2-(m-Chlorophenoxy)propionic acid,1,29,1.3010300397872925
57,2,2-(m-Chlorophenoxy)propionic acid,2,28,1.0
58,2,2-(m-Chlorophenoxy)propionic acid,3,10,-1.5228787660598755
59,2,2-(m-Chlorophenoxy)propionic acid,4,24,0.4771212637424469
60,3,"2-Ethylhexyl 2,3,4,5-tetrabromobenzoate",0,28,1.0
61,3,"2-Ethylhexyl 2,3,4,5-tetrabromobenzoate",1,29,1.3010300397872925
62,3,"2-Ethylhexyl 2,3,4,5-tetrabromobenzoate",2,10,-1.5228787660598755
63,3,"2-Ethylhexyl 2,3,4,5-tetrabromobenzoate",3,21,0.0
64,3,"2-Ethylhexyl 2,3,4,5-tetrabromobenzoate",4,13,-1.0
65,2,2-Ethylhexyl diphenyl phosphate,0,13,-1.0
66,2,2-Ethylhexyl diphenyl phosphate,1,28,1.0
67,2,2-Ethylhexyl diphenyl phosphate,2,10,-1.5228787660598755
68,2,2-Ethylhexyl diphenyl phosphate,3,29,1.3010300397872925
69,2,2-Ethylhexyl diphenyl phosphate,4,16,-0.5228787660598755
70,0,2-Methoxyethanol,0,24,0.4771212637424469
71,0,2-Methoxyethanol,1,28,1.0
72,0,2-Methoxyethanol,2,16,-0.5228787660598755
73,0,2-Methoxyethanol,3,10,-1.5228787660598755
74,0,2-Methoxyethanol,4,21,0.0
75,2,"3,3',5,5'-Tetrabromobisphenol A",0,28,1.0
76,2,"3,3',5,5'-Tetrabromobisphenol A",1,13,-1.0
77,2,"3,3',5,5'-Tetrabromobisphenol A",2,21,0.0
78,2,"3,3',5,5'-Tetrabromobisphenol A",3,30,1.4771212339401245
79,2,"3,3',5,5'-Tetrabromobisphenol A",4,16,-0.5228787660598755
80,0,"3,3'-Iminobispropanenitrile",0,21,0.0
81,0,"3,3'-Iminobispropanenitrile",1,28,1.0
82,0,"3,3'-Iminobispropanenitrile",2,29,1.3010300397872925
83,0,"3,3'-Iminobispropanenitrile",3,16,-0.5228787660598755
84,0,"3,3'-Iminobispropanenitrile",4,13,-1.0
85,3,3-Iodo-2-propynyl-N-butylcarbamate,0,7,-2.0
86,3,3-Iodo-2-propynyl-N-butylcarbamate,1,10,-1.5228787660598755
87,3,3-Iodo-2-propynyl-N-butylcarbamate,2,21,0.0
88,3,3-Iodo-2-propynyl-N-butylcarbamate,3,24,0.4771212637424469
89,3,3-Iodo-2-propynyl-N-butylcarbamate,4,13,-1.0
90,4,"4,4'-Sulfonyldiphenol",0,10,-1.5228787660598755
91,4,"4,4'-Sulfonyldiphenol",1,28,1.0
92,4,"4,4'-Sulfonyldiphenol",2,24,0.4771212637424469
93,4,"4,4'-Sulfonyldiphenol",3,16,-0.5228787660598755
94,4,"4,4'-Sulfonyldiphenol",4,29,1.3010300397872925
95,0,4H-Cyclopenta(def)phenanthrene,0,13,-1.0
96,0,4H-Cyclopenta(def)phenanthrene,1,24,0.4771212637424469
97,0,4H-Cyclopenta(def)phenanthrene,2,10,-1.5228787660598755
98,0,4H-Cyclopenta(def)phenanthrene,3,21,0.0
99,0,4H-Cyclopenta(def)phenanthrene,4,16,-0.5228787660598755
100,3,"5,5-Diphenylhydantoin",0,24,0.4771212637424469
101,3,"5,5-Diphenylhydantoin",1,16,-0.5228787660598755
102,3,"5,5-Diphenylhydantoin",2,30,1.4771212339401245
103,3,"5,5-Diphenylhydantoin",3,21,0.0
104,3,"5,5-Diphenylhydantoin",4,13,-1.0
105,1,5-Chloro-2-methyl-3(2H)-isothiazolone,0,13,-1.0
106,1,5-Chloro-2-methyl-3(2H)-isothiazolone,1,30,1.4771212339401245
107,1,5-Chloro-2-methyl-3(2H)-isothiazolone,2,21,0.0
108,1,5-Chloro-2-methyl-3(2H)-isothiazolone,3,24,0.4771212637424469
109,1,5-Chloro-2-methyl-3(2H)-isothiazolone,4,10,-1.5228787660598755
110,1,5-Fluorouracil,0,21,0.0
111,1,5-Fluorouracil,1,24,0.4771212637424469
112,1,5-Fluorouracil,2,10,-1.5228787660598755
113,1,5-Fluorouracil,3,16,-0.5228787660598755
114,1,5-Fluorouracil,4,30,1.4771212339401245
115,3,6-Methyl-2-thiouracil,0,10,-1.5228787660598755
116,3,6-Methyl-2-thiouracil,1,16,-0.5228787660598755
117,3,6-Methyl-2-thiouracil,2,24,0.4771212637424469
118,3,6-Methyl-2-thiouracil,3,13,-1.0
119,3,6-Methyl-2-thiouracil,4,21,0.0
120,0,6-Propyl-2-thiouracil,0,13,-1.0
121,0,6-Propyl-2-thiouracil,1,30,1.4771212339401245
122,0,6-Propyl-2-thiouracil,2,29,1.3010300397872925
123,0,6-Propyl-2-thiouracil,3,28,1.0
124,0,6-Propyl-2-thiouracil,4,21,0.0
125,4,6-aminopyridine-3-carboxamide,0,30,1.4771212339401245
126,4,6-aminopyridine-3-carboxamide,1,16,-0.5228787660598755
127,4,6-aminopyridine-3-carboxamide,2,13,-1.0
128,4,6-aminopyridine-3-carboxamide,3,28,1.0
129,4,6-aminopyridine-3-carboxamide,4,24,0.4771212637424469
130,2,Abamectin,0,10,-1.5228787660598755
131,2,Abamectin,1,16,-0.5228787660598755
132,2,Abamectin,2,7,-2.0
133,2,Abamectin,3,29,1.3010300397872925
134,2,Abamectin,4,2,-3.522878646850586
135,3,Acenaphthene,0,28,1.0
136,3,Acenaphthene,1,21,0.0
137,3,Acenaphthene,2,16,-0.5228787660598755
138,3,Acenaphthene,3,24,0.4771212637424469
139,3,Acenaphthene,4,10,-1.5228787660598755
140,2,Acenaphthylene,0,21,0.0
141,2,Acenaphthylene,1,10,-1.5228787660598755
142,2,Acenaphthylene,2,28,1.0
143,2,Acenaphthylene,3,13,-1.0
144,2,Acenaphthylene,4,24,0.4771212637424469
145,1,Acephate,0,21,0.0
146,1,Acephate,1,30,1.4771212339401245
147,1,Acephate,2,16,-0.5228787660598755
148,1,Acephate,3,31,2.0
149,1,Acephate,4,24,0.4771212637424469
150,1,Acetaminophen,0,21,0.0
151,1,Acetaminophen,1,16,-0.5228787660598755
152,1,Acetaminophen,2,30,1.4771212339401245
153,1,Acetaminophen,3,24,0.4771212637424469
154,1,Acetaminophen,4,10,-1.5228787660598755
155,4,Acetamiprid,0,28,1.0
156,4,Acetamiprid,1,16,-0.5228787660598755
157,4,Acetamiprid,2,30,1.4771212339401245
158,4,Acetamiprid,3,24,0.4771212637424469
159,4,Acetamiprid,4,21,0.0
160,0,Acrylamide,0,10,-1.5228787660598755
161,0,Acrylamide,1,30,1.4771212339401245
162,0,Acrylamide,2,16,-0.5228787660598755
163,0,Acrylamide,3,28,1.0
164,0,Acrylamide,4,13,-1.0
165,2,Aldicarb,0,30,1.4771212339401245
166,2,Aldicarb,1,21,0.0
167,2,Aldicarb,2,13,-1.0
168,2,Aldicarb,3,16,-0.5228787660598755
169,2,Aldicarb,4,24,0.4771212637424469
170,0,Aldrin,0,13,-1.0
171,0,Aldrin,1,10,-1.5228787660598755
172,0,Aldrin,2,28,1.0
173,0,Aldrin,3,29,1.3010300397872925
174,0,Aldrin,4,24,0.4771212637424469
175,3,Allethrin,0,21,0.0
176,3,Allethrin,1,16,-0.5228787660598755
177,3,Allethrin,2,10,-1.5228787660598755
178,3,Allethrin,3,28,1.0
179,3,Allethrin,4,29,1.3010300397872925
180,2,Amoxicillin,0,28,1.0
181,2,Amoxicillin,1,21,0.0
182,2,Amoxicillin,2,24,0.4771212637424469
183,2,Amoxicillin,3,16,-0.5228787660598755
184,2,Amoxicillin,4,10,-1.5228787660598755
185,3,Anthracene,0,29,1.3010300397872925
186,3,Anthracene,1,24,0.4771212637424469
187,3,Anthracene,2,28,1.0
188,3,Anthracene,3,16,-0.5228787660598755
189,3,Anthracene,4,10,-1.5228787660598755
190,1,Aspirin,0,28,1.0
191,1,Aspirin,1,21,0.0
192,1,Aspirin,2,13,-1.0
193,1,Aspirin,3,10,-1.5228787660598755
194,1,Aspirin,4,16,-0.5228787660598755
195,4,Atrazine,0,21,0.0
196,4,Atrazine,1,13,-1.0
197,4,Atrazine,2,28,1.0
198,4,Atrazine,3,29,1.3010300397872925
199,4,Atrazine,4,24,0.4771212637424469
200,1,Auramine hydrochloride,0,24,0.4771212637424469
201,1,Auramine hydrochloride,1,29,1.3010300397872925
202,1,Auramine hydrochloride,2,10,-1.5228787660598755
203,1,Auramine hydrochloride,3,16,-0.5228787660598755
204,1,Auramine hydrochloride,4,28,1.0
205,2,Azoxystrobin,0,5,-2.522878646850586
206,2,Azoxystrobin,1,13,-1.0
207,2,Azoxystrobin,2,24,0.4771212637424469
208,2,Azoxystrobin,3,10,-1.5228787660598755
209,2,Azoxystrobin,4,28,1.0
210,4,Bensulide,0,24,0.4771212637424469
211,4,Bensulide,1,31,2.0
212,4,Bensulide,2,30,1.4771212339401245
213,4,Bensulide,3,28,1.0
214,4,Bensulide,4,21,0.0
215,0,Benz(a)anthracene,0,24,0.4771212637424469
216,0,Benz(a)anthracene,1,16,-0.5228787660598755
217,0,Benz(a)anthracene,2,13,-1.0
218,0,Benz(a)anthracene,3,21,0.0
219,0,Benz(a)anthracene,4,10,-1.5228787660598755
220,3,Benzo(b)fluoranthene,0,16,-0.5228787660598755
221,3,Benzo(b)fluoranthene,1,24,0.4771212637424469
222,3,Benzo(b)fluoranthene,2,21,0.0
223,3,Benzo(b)fluoranthene,3,28,1.0
224,3,Benzo(b)fluoranthene,4,13,-1.0
225,2,Benzo[a]pyrene,0,13,-1.0
226,2,Benzo[a]pyrene,1,24,0.4771212637424469
227,2,Benzo[a]pyrene,2,16,-0.5228787660598755
228,2,Benzo[a]pyrene,3,21,0.0
229,2,Benzo[a]pyrene,4,10,-1.5228787660598755
230,2,Benzo[e]pyrene,0,13,-1.0
231,2,Benzo[e]pyrene,1,29,1.3010300397872925
232,2,Benzo[e]pyrene,2,24,0.4771212637424469
233,2,Benzo[e]pyrene,3,10,-1.5228787660598755
234,2,Benzo[e]pyrene,4,16,-0.5228787660598755
235,0,"Benzo[g,h,i]perylene",0,8,-1.92081880569458
236,0,"Benzo[g,h,i]perylene",1,4,-2.92081880569458
237,0,"Benzo[g,h,i]perylene",2,6,-2.397939920425415
238,0,"Benzo[g,h,i]perylene",3,14,-0.9208187460899353
239,0,"Benzo[g,h,i]perylene",4,20,-0.0969100147485733
240,1,Benzo[k]fluoranthene,0,28,1.0
241,1,Benzo[k]fluoranthene,1,24,0.4771212637424469
242,1,Benzo[k]fluoranthene,2,29,1.3010300397872925
243,1,Benzo[k]fluoranthene,3,21,0.0
244,1,Benzo[k]fluoranthene,4,10,-1.5228787660598755
245,1,Berberine chloride,0,2,-3.522878646850586
246,1,Berberine chloride,1,13,-1.0
247,1,Berberine chloride,2,1,-4.0
248,1,Berberine chloride,3,10,-1.5228787660598755
249,1,Berberine chloride,4,5,-2.522878646850586
250,1,Bifenthrin,0,13,-1.0
251,1,Bifenthrin,1,16,-0.5228787660598755
252,1,Bifenthrin,2,10,-1.5228787660598755
253,1,Bifenthrin,3,29,1.3010300397872925
254,1,Bifenthrin,4,28,1.0
255,2,Bis(2-ethylhexyl) tetrabromophthalate,0,28,1.0
256,2,Bis(2-ethylhexyl) tetrabromophthalate,1,21,0.0
257,2,Bis(2-ethylhexyl) tetrabromophthalate,2,24,0.4771212637424469
258,2,Bis(2-ethylhexyl) tetrabromophthalate,3,16,-0.5228787660598755
259,2,Bis(2-ethylhexyl) tetrabromophthalate,4,10,-1.5228787660598755
260,1,Bis(tributyltin)oxide,0,21,0.0
261,1,Bis(tributyltin)oxide,1,7,-2.0
262,1,Bis(tributyltin)oxide,2,10,-1.5228787660598755
263,1,Bis(tributyltin)oxide,3,3,-3.0
264,1,Bis(tributyltin)oxide,4,16,-0.5228787660598755
265,1,Bisindolylmaleimide I,0,21,0.0
266,1,Bisindolylmaleimide I,1,24,0.4771212637424469
267,1,Bisindolylmaleimide I,2,16,-0.5228787660598755
268,1,Bisindolylmaleimide I,3,13,-1.0
269,1,Bisindolylmaleimide I,4,28,1.0
270,1,Bisphenol A,0,13,-1.0
271,1,Bisphenol A,1,16,-0.5228787660598755
272,1,Bisphenol A,2,10,-1.5228787660598755
273,1,Bisphenol A,3,24,0.4771212637424469
274,1,Bisphenol A,4,28,1.0
275,2,Bisphenol AF,0,24,0.4771212637424469
276,2,Bisphenol AF,1,21,0.0
277,2,Bisphenol AF,2,28,1.0
278,2,Bisphenol AF,3,10,-1.5228787660598755
279,2,Bisphenol AF,4,13,-1.0
280,2,Bisphenol B,0,10,-1.5228787660598755
281,2,Bisphenol B,1,21,0.0
282,2,Bisphenol B,2,29,1.3010300397872925
283,2,Bisphenol B,3,16,-0.5228787660598755
284,2,Bisphenol B,4,24,0.4771212637424469
285,0,Boric acid (H3BO3),0,10,-1.5228787660598755
286,0,Boric acid (H3BO3),1,21,0.0
287,0,Boric acid (H3BO3),2,29,1.3010300397872925
288,0,Boric acid (H3BO3),3,24,0.4771212637424469
289,0,Boric acid (H3BO3),4,16,-0.5228787660598755
290,0,Boscalid,0,24,0.4771212637424469
291,0,Boscalid,1,13,-1.0
292,0,Boscalid,2,29,1.3010300397872925
293,0,Boscalid,3,28,1.0
294,0,Boscalid,4,21,0.0
295,1,Busulfan,0,29,1.3010300397872925
296,1,Busulfan,1,28,1.0
297,1,Busulfan,2,24,0.4771212637424469
298,1,Busulfan,3,13,-1.0
299,1,Busulfan,4,10,-1.5228787660598755
300,4,CP-409092,0,21,0.0
301,4,CP-409092,1,24,0.4771212637424469
302,4,CP-409092,2,13,-1.0
303,4,CP-409092,3,29,1.3010300397872925
304,4,CP-409092,4,28,1.0
305,0,CP-457920,0,29,1.3010300397872925
306,0,CP-457920,1,28,1.0
307,0,CP-457920,2,10,-1.5228787660598755
308,0,CP-457920,3,13,-1.0
309,0,CP-457920,4,21,0.0
310,2,Cadmium(II) chloride hydrate (2:5),0,28,1.0
311,2,Cadmium(II) chloride hydrate (2:5),1,21,0.0
312,2,Cadmium(II) chloride hydrate (2:5),2,10,-1.5228787660598755
313,2,Cadmium(II) chloride hydrate (2:5),3,24,0.4771212637424469
314,2,Cadmium(II) chloride hydrate (2:5),4,16,-0.5228787660598755
315,1,Caffeine,0,21,0.0
316,1,Caffeine,1,30,1.4771212339401245
317,1,Caffeine,2,10,-1.5228787660598755
318,1,Caffeine,3,28,1.0
319,1,Caffeine,4,24,0.4771212637424469
320,2,Captan,0,28,1.0
321,2,Captan,1,29,1.3010300397872925
322,2,Captan,2,10,-1.5228787660598755
323,2,Captan,3,16,-0.5228787660598755
324,2,Captan,4,13,-1.0
325,4,Captopril,0,10,-1.5228787660598755
326,4,Captopril,1,13,-1.0
327,4,Captopril,2,16,-0.5228787660598755
328,4,Captopril,3,24,0.4771212637424469
329,4,Captopril,4,21,0.0
330,2,Carbamazepine,0,16,-0.5228787660598755
331,2,Carbamazepine,1,10,-1.5228787660598755
332,2,Carbamazepine,2,24,0.4771212637424469
333,2,Carbamazepine,3,30,1.4771212339401245
334,2,Carbamazepine,4,13,-1.0
335,2,Carbaryl,0,16,-0.5228787660598755
336,2,Carbaryl,1,10,-1.5228787660598755
337,2,Carbaryl,2,21,0.0
338,2,Carbaryl,3,28,1.0
339,2,Carbaryl,4,24,0.4771212637424469
340,3,Carbofuran,0,16,-0.5228787660598755
341,3,Carbofuran,1,13,-1.0
342,3,Carbofuran,2,21,0.0
343,3,Carbofuran,3,28,1.0
344,3,Carbofuran,4,10,-1.5228787660598755
345,2,Cariporide mesylate,0,24,0.4771212637424469
346,2,Cariporide mesylate,1,13,-1.0
347,2,Cariporide mesylate,2,21,0.0
348,2,Cariporide mesylate,3,29,1.3010300397872925
349,2,Cariporide mesylate,4,10,-1.5228787660598755
350,2,Chloramben,0,30,1.4771212339401245
351,2,Chloramben,1,13,-1.0
352,2,Chloramben,2,28,1.0
353,2,Chloramben,3,10,-1.5228787660598755
354,2,Chloramben,4,16,-0.5228787660598755
355,1,Chlordiazepoxide hydrochloride,0,24,0.4771212637424469
356,1,Chlordiazepoxide hydrochloride,1,21,0.0
357,1,Chlordiazepoxide hydrochloride,2,13,-1.0
358,1,Chlordiazepoxide hydrochloride,3,30,1.4771212339401245
359,1,Chlordiazepoxide hydrochloride,4,28,1.0
360,3,Chlorendic acid,0,16,-0.5228787660598755
361,3,Chlorendic acid,1,21,0.0
362,3,Chlorendic acid,2,10,-1.5228787660598755
363,3,Chlorendic acid,3,13,-1.0
364,3,Chlorendic acid,4,24,0.4771212637424469
365,4,Chlorethoxyfos,0,28,1.0
366,4,Chlorethoxyfos,1,30,1.4771212339401245
367,4,Chlorethoxyfos,2,16,-0.5228787660598755
368,4,Chlorethoxyfos,3,31,2.0
369,4,Chlorethoxyfos,4,13,-1.0
370,2,Chlorpromazine hydrochloride,0,10,-1.5228787660598755
371,2,Chlorpromazine hydrochloride,1,24,0.4771212637424469
372,2,Chlorpromazine hydrochloride,2,30,1.4771212339401245
373,2,Chlorpromazine hydrochloride,3,21,0.0
374,2,Chlorpromazine hydrochloride,4,16,-0.5228787660598755
375,0,Chlorpyrifos,0,16,-0.5228787660598755
376,0,Chlorpyrifos,1,31,2.0
377,0,Chlorpyrifos,2,10,-1.5228787660598755
378,0,Chlorpyrifos,3,30,1.4771212339401245
379,0,Chlorpyrifos,4,21,0.0
380,4,Chlorpyrifos oxon,0,16,-0.5228787660598755
381,4,Chlorpyrifos oxon,1,31,2.0
382,4,Chlorpyrifos oxon,2,28,1.0
383,4,Chlorpyrifos oxon,3,30,1.4771212339401245
384,4,Chlorpyrifos oxon,4,13,-1.0
385,4,Chrysene,0,12,-1.3010300397872925
386,4,Chrysene,1,18,-0.30980393290519714
387,4,Chrysene,2,25,0.6857417225837708
388,4,Chrysene,3,15,-0.8239087462425232
389,4,Chrysene,4,7,-2.0
390,3,Clodinafop-propargyl,0,24,0.4771212637424469
391,3,Clodinafop-propargyl,1,10,-1.5228787660598755
392,3,Clodinafop-propargyl,2,13,-1.0
393,3,Clodinafop-propargyl,3,16,-0.5228787660598755
394,3,Clodinafop-propargyl,4,29,1.3010300397872925
395,2,Clothianidin,0,13,-1.0
396,2,Clothianidin,1,10,-1.5228787660598755
397,2,Clothianidin,2,16,-0.5228787660598755
398,2,Clothianidin,3,29,1.3010300397872925
399,2,Clothianidin,4,21,0.0
400,4,Clove leaf oil,0,29,1.3010300397872925
401,4,Clove leaf oil,1,10,-1.5228787660598755
402,4,Clove leaf oil,2,24,0.4771212637424469
403,4,Clove leaf oil,3,16,-0.5228787660598755
404,4,Clove leaf oil,4,13,-1.0
405,3,Cocaine,0,16,-0.5228787660598755
406,3,Cocaine,1,24,0.4771212637424469
407,3,Cocaine,2,30,1.4771212339401245
408,3,Cocaine,3,21,0.0
409,3,Cocaine,4,13,-1.0
410,3,Colchicine,0,24,0.4771212637424469
411,3,Colchicine,1,10,-1.5228787660598755
412,3,Colchicine,2,30,1.4771212339401245
413,3,Colchicine,3,16,-0.5228787660598755
414,3,Colchicine,4,28,1.0
415,4,Cotinine,0,28,1.0
416,4,Cotinine,1,10,-1.5228787660598755
417,4,Cotinine,2,21,0.0
418,4,Cotinine,3,24,0.4771212637424469
419,4,Cotinine,4,16,-0.5228787660598755
420,4,Coumaphos,0,16,-0.5228787660598755
421,4,Coumaphos,1,13,-1.0
422,4,Coumaphos,2,24,0.4771212637424469
423,4,Coumaphos,3,30,1.4771212339401245
424,4,Coumaphos,4,31,2.0
425,1,Cyclophosphamide monohydrate,0,16,-0.5228787660598755
426,1,Cyclophosphamide monohydrate,1,24,0.4771212637424469
427,1,Cyclophosphamide monohydrate,2,10,-1.5228787660598755
428,1,Cyclophosphamide monohydrate,3,21,0.0
429,1,Cyclophosphamide monohydrate,4,28,1.0
430,0,Cyfluthrin,0,24,0.4771212637424469
431,0,Cyfluthrin,1,16,-0.5228787660598755
432,0,Cyfluthrin,2,13,-1.0
433,0,Cyfluthrin,3,10,-1.5228787660598755
434,0,Cyfluthrin,4,28,1.0
435,1,Cymoxanil,0,29,1.3010300397872925
436,1,Cymoxanil,1,21,0.0
437,1,Cymoxanil,2,16,-0.5228787660598755
438,1,Cymoxanil,3,13,-1.0
439,1,Cymoxanil,4,28,1.0
440,4,Cypermethrin,0,28,1.0
441,4,Cypermethrin,1,24,0.4771212637424469
442,4,Cypermethrin,2,16,-0.5228787660598755
443,4,Cypermethrin,3,13,-1.0
444,4,Cypermethrin,4,10,-1.5228787660598755
445,0,Cytarabine,0,28,1.0
446,0,Cytarabine,1,21,0.0
447,0,Cytarabine,2,30,1.4771212339401245
448,0,Cytarabine,3,10,-1.5228787660598755
449,0,Cytarabine,4,24,0.4771212637424469
450,4,D-Glucitol,0,30,1.4771212339401245
451,4,D-Glucitol,1,21,0.0
452,4,D-Glucitol,2,13,-1.0
453,4,D-Glucitol,3,16,-0.5228787660598755
454,4,D-Glucitol,4,29,1.3010300397872925
455,3,D-Mannitol,0,21,0.0
456,3,D-Mannitol,1,24,0.4771212637424469
457,3,D-Mannitol,2,10,-1.5228787660598755
458,3,D-Mannitol,3,28,1.0
459,3,D-Mannitol,4,13,-1.0
460,3,DDT,0,21,0.0
461,3,DDT,1,28,1.0
462,3,DDT,2,29,1.3010300397872925
463,3,DDT,3,16,-0.5228787660598755
464,3,DDT,4,13,-1.0
465,3,Deltamethrin,0,21,0.0
466,3,Deltamethrin,1,28,1.0
467,3,Deltamethrin,2,10,-1.5228787660598755
468,3,Deltamethrin,3,16,-0.5228787660598755
469,3,Deltamethrin,4,24,0.4771212637424469
470,3,Dexamethasone,0,16,-0.5228787660598755
471,3,Dexamethasone,1,24,0.4771212637424469
472,3,Dexamethasone,2,21,0.0
473,3,Dexamethasone,3,30,1.4771212339401245
474,3,Dexamethasone,4,13,-1.0
475,4,Dextroamphetamine sulfate,0,13,-1.0
476,4,Dextroamphetamine sulfate,1,24,0.4771212637424469
477,4,Dextroamphetamine sulfate,2,21,0.0
478,4,Dextroamphetamine sulfate,3,16,-0.5228787660598755
479,4,Dextroamphetamine sulfate,4,28,1.0
480,4,Di(2-ethylhexyl) phthalate,0,10,-1.5228787660598755
481,4,Di(2-ethylhexyl) phthalate,1,30,1.4771212339401245
482,4,Di(2-ethylhexyl) phthalate,2,16,-0.5228787660598755
483,4,Di(2-ethylhexyl) phthalate,3,13,-1.0
484,4,Di(2-ethylhexyl) phthalate,4,24,0.4771212637424469
485,1,Diazepam,0,28,1.0
486,1,Diazepam,1,24,0.4771212637424469
487,1,Diazepam,2,10,-1.5228787660598755
488,1,Diazepam,3,21,0.0
489,1,Diazepam,4,13,-1.0
490,4,Diazinon,0,21,0.0
491,4,Diazinon,1,28,1.0
492,4,Diazinon,2,16,-0.5228787660598755
493,4,Diazinon,3,24,0.4771212637424469
494,4,Diazinon,4,13,-1.0
495,1,Diazoxon,0,28,1.0
496,1,Diazoxon,1,31,2.0
497,1,Diazoxon,2,16,-0.5228787660598755
498,1,Diazoxon,3,24,0.4771212637424469
499,1,Diazoxon,4,21,0.0
500,3,"Dibenz[a,c]anthracene",0,13,-1.0
501,3,"Dibenz[a,c]anthracene",1,21,0.0
502,3,"Dibenz[a,c]anthracene",2,16,-0.5228787660598755
503,3,"Dibenz[a,c]anthracene",3,10,-1.5228787660598755
504,3,"Dibenz[a,c]anthracene",4,29,1.3010300397872925
505,0,"Dibenz[a,h]anthracene",0,19,-0.3010300099849701
506,0,"Dibenz[a,h]anthracene",1,23,0.1760912537574768
507,0,"Dibenz[a,h]anthracene",2,26,0.6989700198173523
508,0,"Dibenz[a,h]anthracene",3,9,-1.6989699602127075
509,0,"Dibenz[a,h]anthracene",4,12,-1.3010300397872925
510,2,Dichlorvos,0,16,-0.5228787660598755
511,2,Dichlorvos,1,7,-2.0
512,2,Dichlorvos,2,13,-1.0
513,2,Dichlorvos,3,10,-1.5228787660598755
514,2,Dichlorvos,4,21,0.0
515,3,Dicrotophos,0,28,1.0
516,3,Dicrotophos,1,21,0.0
517,3,Dicrotophos,2,13,-1.0
518,3,Dicrotophos,3,16,-0.5228787660598755
519,3,Dicrotophos,4,31,2.0
520,4,Dieldrin,0,21,0.0
521,4,Dieldrin,1,28,1.0
522,4,Dieldrin,2,30,1.4771212339401245
523,4,Dieldrin,3,16,-0.5228787660598755
524,4,Dieldrin,4,10,-1.5228787660598755
525,1,Diethylene glycol,0,28,1.0
526,1,Diethylene glycol,1,24,0.4771212637424469
527,1,Diethylene glycol,2,13,-1.0
528,1,Diethylene glycol,3,16,-0.5228787660598755
529,1,Diethylene glycol,4,30,1.4771212339401245
530,1,Diethylstilbestrol,0,13,-1.0
531,1,Diethylstilbestrol,1,10,-1.5228787660598755
532,1,Diethylstilbestrol,2,16,-0.5228787660598755
533,1,Diethylstilbestrol,3,21,0.0
534,1,Diethylstilbestrol,4,24,0.4771212637424469
535,1,Difpas-pyrazole,0,16,-0.5228787660598755
536,1,Difpas-pyrazole,1,29,1.3010300397872925
537,1,Difpas-pyrazole,2,10,-1.5228787660598755
538,1,Difpas-pyrazole,3,13,-1.0
539,1,Difpas-pyrazole,4,21,0.0
540,1,Dimethoate,0,28,1.0
541,1,Dimethoate,1,16,-0.5228787660598755
542,1,Dimethoate,2,30,1.4771212339401245
543,1,Dimethoate,3,24,0.4771212637424469
544,1,Dimethoate,4,21,0.0
545,4,Diphenhydramine hydrochloride,0,10,-1.5228787660598755
546,4,Diphenhydramine hydrochloride,1,29,1.3010300397872925
547,4,Diphenhydramine hydrochloride,2,24,0.4771212637424469
548,4,Diphenhydramine hydrochloride,3,13,-1.0
549,4,Diphenhydramine hydrochloride,4,28,1.0
550,0,Disulfoton,0,13,-1.0
551,0,Disulfoton,1,28,1.0
552,0,Disulfoton,2,16,-0.5228787660598755
553,0,Disulfoton,3,29,1.3010300397872925
554,0,Disulfoton,4,10,-1.5228787660598755
555,3,Emamectin benzoate,0,28,1.0
556,3,Emamectin benzoate,1,13,-1.0
557,3,Emamectin benzoate,2,24,0.4771212637424469
558,3,Emamectin benzoate,3,21,0.0
559,3,Emamectin benzoate,4,30,1.4771212339401245
560,0,Enadoline,0,10,-1.5228787660598755
561,0,Enadoline,1,13,-1.0
562,0,Enadoline,2,24,0.4771212637424469
563,0,Enadoline,3,21,0.0
564,0,Enadoline,4,29,1.3010300397872925
565,1,Endosulfan,0,16,-0.5228787660598755
566,1,Endosulfan,1,28,1.0
567,1,Endosulfan,2,13,-1.0
568,1,Endosulfan,3,24,0.4771212637424469
569,1,Endosulfan,4,21,0.0
570,1,Endrin,0,16,-0.5228787660598755
571,1,Endrin,1,13,-1.0
572,1,Endrin,2,10,-1.5228787660598755
573,1,Endrin,3,24,0.4771212637424469
574,1,Endrin,4,28,1.0
575,0,Erythromycin,0,16,-0.5228787660598755
576,0,Erythromycin,1,13,-1.0
577,0,Erythromycin,2,10,-1.5228787660598755
578,0,Erythromycin,3,24,0.4771212637424469
579,0,Erythromycin,4,29,1.3010300397872925
580,3,Es-fenvalerate,0,29,1.3010300397872925
581,3,Es-fenvalerate,1,28,1.0
582,3,Es-fenvalerate,2,16,-0.5228787660598755
583,3,Es-fenvalerate,3,10,-1.5228787660598755
584,3,Es-fenvalerate,4,21,0.0
585,3,Esketamine hydrochloride,0,28,1.0
586,3,Esketamine hydrochloride,1,21,0.0
587,3,Esketamine hydrochloride,2,24,0.4771212637424469
588,3,Esketamine hydrochloride,3,10,-1.5228787660598755
589,3,Esketamine hydrochloride,4,16,-0.5228787660598755
590,0,Ethoprop,0,16,-0.5228787660598755
591,0,Ethoprop,1,21,0.0
592,0,Ethoprop,2,24,0.4771212637424469
593,0,Ethoprop,3,13,-1.0
594,0,Ethoprop,4,28,1.0
595,3,Etofenprox,0,16,-0.5228787660598755
596,3,Etofenprox,1,21,0.0
597,3,Etofenprox,2,10,-1.5228787660598755
598,3,Etofenprox,3,28,1.0
599,3,Etofenprox,4,13,-1.0
600,2,Eugenol,0,13,-1.0
601,2,Eugenol,1,16,-0.5228787660598755
602,2,Eugenol,2,21,0.0
603,2,Eugenol,3,29,1.3010300397872925
604,2,Eugenol,4,28,1.0
605,0,Fenamiphos,0,13,-1.0
606,0,Fenamiphos,1,21,0.0
607,0,Fenamiphos,2,29,1.3010300397872925
608,0,Fenamiphos,3,16,-0.5228787660598755
609,0,Fenamiphos,4,24,0.4771212637424469
610,1,Fenitrothion,0,13,-1.0
611,1,Fenitrothion,1,28,1.0
612,1,Fenitrothion,2,16,-0.5228787660598755
613,1,Fenitrothion,3,24,0.4771212637424469
614,1,Fenitrothion,4,29,1.3010300397872925
615,3,Fenpropathrin,0,21,0.0
616,3,Fenpropathrin,1,24,0.4771212637424469
617,3,Fenpropathrin,2,13,-1.0
618,3,Fenpropathrin,3,10,-1.5228787660598755
619,3,Fenpropathrin,4,29,1.3010300397872925
620,2,Fipronil,0,16,-0.5228787660598755
621,2,Fipronil,1,10,-1.5228787660598755
622,2,Fipronil,2,13,-1.0
623,2,Fipronil,3,24,0.4771212637424469
624,2,Fipronil,4,30,1.4771212339401245
625,3,Firemaster 550,0,21,0.0
626,3,Firemaster 550,1,28,1.0
627,3,Firemaster 550,2,16,-0.5228787660598755
628,3,Firemaster 550,3,29,1.3010300397872925
629,3,Firemaster 550,4,10,-1.5228787660598755
630,0,Fluconazole,0,10,-1.5228787660598755
631,0,Fluconazole,1,28,1.0
632,0,Fluconazole,2,21,0.0
633,0,Fluconazole,3,16,-0.5228787660598755
634,0,Fluconazole,4,30,1.4771212339401245
635,0,Flufenacet,0,13,-1.0
636,0,Flufenacet,1,16,-0.5228787660598755
637,0,Flufenacet,2,29,1.3010300397872925
638,0,Flufenacet,3,24,0.4771212637424469
639,0,Flufenacet,4,28,1.0
640,2,Fluorene,0,16,-0.5228787660598755
641,2,Fluorene,1,28,1.0
642,2,Fluorene,2,29,1.3010300397872925
643,2,Fluorene,3,10,-1.5228787660598755
644,2,Fluorene,4,24,0.4771212637424469
645,0,Fluoxastrobin,0,7,-2.0
646,0,Fluoxastrobin,1,10,-1.5228787660598755
647,0,Fluoxastrobin,2,28,1.0
648,0,Fluoxastrobin,3,13,-1.0
649,0,Fluoxastrobin,4,24,0.4771212637424469
650,0,Fluoxetine hydrochloride,0,24,0.4771212637424469
651,0,Fluoxetine hydrochloride,1,16,-0.5228787660598755
652,0,Fluoxetine hydrochloride,2,21,0.0
653,0,Fluoxetine hydrochloride,3,28,1.0
654,0,Fluoxetine hydrochloride,4,30,1.4771212339401245
655,0,Flusilazole,0,24,0.4771212637424469
656,0,Flusilazole,1,21,0.0
657,0,Flusilazole,2,13,-1.0
658,0,Flusilazole,3,28,1.0
659,0,Flusilazole,4,16,-0.5228787660598755
660,3,Folic acid,0,24,0.4771212637424469
661,3,Folic acid,1,21,0.0
662,3,Folic acid,2,13,-1.0
663,3,Folic acid,3,16,-0.5228787660598755
664,3,Folic acid,4,28,1.0
665,4,Fosthiazate,0,28,1.0
666,4,Fosthiazate,1,16,-0.5228787660598755
667,4,Fosthiazate,2,24,0.4771212637424469
668,4,Fosthiazate,3,31,2.0
669,4,Fosthiazate,4,30,1.4771212339401245
670,2,Glycerol,0,29,1.3010300397872925
671,2,Glycerol,1,13,-1.0
672,2,Glycerol,2,16,-0.5228787660598755
673,2,Glycerol,3,10,-1.5228787660598755
674,2,Glycerol,4,21,0.0
675,0,Glyphosate,0,16,-0.5228787660598755
676,0,Glyphosate,1,30,1.4771212339401245
677,0,Glyphosate,2,13,-1.0
678,0,Glyphosate,3,10,-1.5228787660598755
679,0,Glyphosate,4,28,1.0
680,3,Haloperidol,0,16,-0.5228787660598755
681,3,Haloperidol,1,13,-1.0
682,3,Haloperidol,2,30,1.4771212339401245
683,3,Haloperidol,3,28,1.0
684,3,Haloperidol,4,10,-1.5228787660598755
685,4,Heptachlor epoxide B,0,30,1.4771212339401245
686,4,Heptachlor epoxide B,1,21,0.0
687,4,Heptachlor epoxide B,2,16,-0.5228787660598755
688,4,Heptachlor epoxide B,3,24,0.4771212637424469
689,4,Heptachlor epoxide B,4,10,-1.5228787660598755
690,3,Hexachlorophene,0,21,0.0
691,3,Hexachlorophene,1,10,-1.5228787660598755
692,3,Hexachlorophene,2,30,1.4771212339401245
693,3,Hexachlorophene,3,13,-1.0
694,3,Hexachlorophene,4,16,-0.5228787660598755
695,0,Hydroxyurea,0,10,-1.5228787660598755
696,0,Hydroxyurea,1,28,1.0
697,0,Hydroxyurea,2,21,0.0
698,0,Hydroxyurea,3,24,0.4771212637424469
699,0,Hydroxyurea,4,30,1.4771212339401245
700,4,Imidacloprid,0,28,1.0
701,4,Imidacloprid,1,10,-1.5228787660598755
702,4,Imidacloprid,2,21,0.0
703,4,Imidacloprid,3,13,-1.0
704,4,Imidacloprid,4,16,-0.5228787660598755
705,4,Isodecyl diphenyl phosphate,0,21,0.0
706,4,Isodecyl diphenyl phosphate,1,28,1.0
707,4,Isodecyl diphenyl phosphate,2,24,0.4771212637424469
708,4,Isodecyl diphenyl phosphate,3,16,-0.5228787660598755
709,4,Isodecyl diphenyl phosphate,4,13,-1.0
710,0,Isoniazid,0,13,-1.0
711,0,Isoniazid,1,10,-1.5228787660598755
712,0,Isoniazid,2,30,1.4771212339401245
713,0,Isoniazid,3,16,-0.5228787660598755
714,0,Isoniazid,4,24,0.4771212637424469
715,4,Kepone,0,16,-0.5228787660598755
716,4,Kepone,1,13,-1.0
717,4,Kepone,2,24,0.4771212637424469
718,4,Kepone,3,10,-1.5228787660598755
719,4,Kepone,4,21,0.0
720,2,L-Ascorbic acid,0,28,1.0
721,2,L-Ascorbic acid,1,13,-1.0
722,2,L-Ascorbic acid,2,24,0.4771212637424469
723,2,L-Ascorbic acid,3,21,0.0
724,2,L-Ascorbic acid,4,29,1.3010300397872925
725,0,L-Domoic acid,0,13,-1.0
726,0,L-Domoic acid,1,21,0.0
727,0,L-Domoic acid,2,16,-0.5228787660598755
728,0,L-Domoic acid,3,28,1.0
729,0,L-Domoic acid,4,24,0.4771212637424469
730,0,Lactofen,0,10,-1.5228787660598755
731,0,Lactofen,1,21,0.0
732,0,Lactofen,2,30,1.4771212339401245
733,0,Lactofen,3,28,1.0
734,0,Lactofen,4,13,-1.0
735,3,Lead(II) acetate trihydrate,0,10,-1.5228787660598755
736,3,Lead(II) acetate trihydrate,1,13,-1.0
737,3,Lead(II) acetate trihydrate,2,16,-0.5228787660598755
738,3,Lead(II) acetate trihydrate,3,30,1.4771212339401245
739,3,Lead(II) acetate trihydrate,4,28,1.0
740,2,Lindane,0,16,-0.5228787660598755
741,2,Lindane,1,30,1.4771212339401245
742,2,Lindane,2,10,-1.5228787660598755
743,2,Lindane,3,21,0.0
744,2,Lindane,4,28,1.0
745,1,Loperamide,0,24,0.4771212637424469
746,1,Loperamide,1,13,-1.0
747,1,Loperamide,2,28,1.0
748,1,Loperamide,3,30,1.4771212339401245
749,1,Loperamide,4,21,0.0
750,0,Lovastatin,0,29,1.3010300397872925
751,0,Lovastatin,1,16,-0.5228787660598755
752,0,Lovastatin,2,21,0.0
753,0,Lovastatin,3,28,1.0
754,0,Lovastatin,4,24,0.4771212637424469
755,1,Malaoxon,0,28,1.0
756,1,Malaoxon,1,21,0.0
757,1,Malaoxon,2,24,0.4771212637424469
758,1,Malaoxon,3,13,-1.0
759,1,Malaoxon,4,30,1.4771212339401245
760,3,Malathion,0,24,0.4771212637424469
761,3,Malathion,1,21,0.0
762,3,Malathion,2,30,1.4771212339401245
763,3,Malathion,3,13,-1.0
764,3,Malathion,4,31,2.0
765,3,Mancozeb,0,24,0.4771212637424469
766,3,Mancozeb,1,16,-0.5228787660598755
767,3,Mancozeb,2,10,-1.5228787660598755
768,3,Mancozeb,3,21,0.0
769,3,Mancozeb,4,28,1.0
770,2,Maneb,0,21,0.0
771,2,Maneb,1,28,1.0
772,2,Maneb,2,10,-1.5228787660598755
773,2,Maneb,3,16,-0.5228787660598755
774,2,Maneb,4,7,-2.0
775,2,Manganese dichloride,0,10,-1.5228787660598755
776,2,Manganese dichloride,1,13,-1.0
777,2,Manganese dichloride,2,24,0.4771212637424469
778,2,Manganese dichloride,3,21,0.0
779,2,Manganese dichloride,4,16,-0.5228787660598755
780,3,Manganese(II) acetate,0,16,-0.5228787660598755
781,3,Manganese(II) acetate,1,24,0.4771212637424469
782,3,Manganese(II) acetate,2,29,1.3010300397872925
783,3,Manganese(II) acetate,3,10,-1.5228787660598755
784,3,Manganese(II) acetate,4,28,1.0
785,2,Mercuric chloride,0,24,0.4771212637424469
786,2,Mercuric chloride,1,28,1.0
787,2,Mercuric chloride,2,7,-2.0
788,2,Mercuric chloride,3,5,-2.522878646850586
789,2,Mercuric chloride,4,21,0.0
790,0,Methadone hydrochloride,0,13,-1.0
791,0,Methadone hydrochloride,1,24,0.4771212637424469
792,0,Methadone hydrochloride,2,29,1.3010300397872925
793,0,Methadone hydrochloride,3,28,1.0
794,0,Methadone hydrochloride,4,16,-0.5228787660598755
795,2,Methamidophos,0,28,1.0
796,2,Methamidophos,1,31,2.0
797,2,Methamidophos,2,16,-0.5228787660598755
798,2,Methamidophos,3,21,0.0
799,2,Methamidophos,4,24,0.4771212637424469
800,4,Methimazole,0,21,0.0
801,4,Methimazole,1,16,-0.5228787660598755
802,4,Methimazole,2,24,0.4771212637424469
803,4,Methimazole,3,10,-1.5228787660598755
804,4,Methimazole,4,28,1.0
805,0,Methotrexate,0,28,1.0
806,0,Methotrexate,1,24,0.4771212637424469
807,0,Methotrexate,2,30,1.4771212339401245
808,0,Methotrexate,3,10,-1.5228787660598755
809,0,Methotrexate,4,13,-1.0
810,1,Methoxychlor,0,13,-1.0
811,1,Methoxychlor,1,28,1.0
812,1,Methoxychlor,2,16,-0.5228787660598755
813,1,Methoxychlor,3,29,1.3010300397872925
814,1,Methoxychlor,4,24,0.4771212637424469
815,2,Methylmercuric(II) chloride,0,21,0.0
816,2,Methylmercuric(II) chloride,1,13,-1.0
817,2,Methylmercuric(II) chloride,2,10,-1.5228787660598755
818,2,Methylmercuric(II) chloride,3,7,-2.0
819,2,Methylmercuric(II) chloride,4,24,0.4771212637424469
820,2,Mevastatin,0,13,-1.0
821,2,Mevastatin,1,24,0.4771212637424469
822,2,Mevastatin,2,21,0.0
823,2,Mevastatin,3,30,1.4771212339401245
824,2,Mevastatin,4,10,-1.5228787660598755
825,2,Mirex,0,29,1.3010300397872925
826,2,Mirex,1,21,0.0
827,2,Mirex,2,24,0.4771212637424469
828,2,Mirex,3,16,-0.5228787660598755
829,2,Mirex,4,13,-1.0
830,4,Molinate,0,29,1.3010300397872925
831,4,Molinate,1,28,1.0
832,4,Molinate,2,21,0.0
833,4,Molinate,3,13,-1.0
834,4,Molinate,4,24,0.4771212637424469
835,1,Naled,0,16,-0.5228787660598755
836,1,Naled,1,28,1.0
837,1,Naled,2,24,0.4771212637424469
838,1,Naled,3,31,2.0
839,1,Naled,4,30,1.4771212339401245
840,3,Naloxone hydrochloride dihydrate,0,30,1.4771212339401245
841,3,Naloxone hydrochloride dihydrate,1,16,-0.5228787660598755
842,3,Naloxone hydrochloride dihydrate,2,10,-1.5228787660598755
843,3,Naloxone hydrochloride dihydrate,3,21,0.0
844,3,Naloxone hydrochloride dihydrate,4,24,0.4771212637424469
845,0,Naphthalene,0,13,-1.0
846,0,Naphthalene,1,21,0.0
847,0,Naphthalene,2,10,-1.5228787660598755
848,0,Naphthalene,3,24,0.4771212637424469
849,0,Naphthalene,4,28,1.0
850,2,"Octachloro-4,7-methanotetrahydroindane",0,28,1.0
851,2,"Octachloro-4,7-methanotetrahydroindane",1,16,-0.5228787660598755
852,2,"Octachloro-4,7-methanotetrahydroindane",2,10,-1.5228787660598755
853,2,"Octachloro-4,7-methanotetrahydroindane",3,29,1.3010300397872925
854,2,"Octachloro-4,7-methanotetrahydroindane",4,21,0.0
855,4,Octylbicycloheptenedicarboximide,0,21,0.0
856,4,Octylbicycloheptenedicarboximide,1,28,1.0
857,4,Octylbicycloheptenedicarboximide,2,13,-1.0
858,4,Octylbicycloheptenedicarboximide,3,10,-1.5228787660598755
859,4,Octylbicycloheptenedicarboximide,4,29,1.3010300397872925
860,0,Omethoate,0,21,0.0
861,0,Omethoate,1,16,-0.5228787660598755
862,0,Omethoate,2,28,1.0
863,0,Omethoate,3,31,2.0
864,0,Omethoate,4,24,0.4771212637424469
865,1,Oxidopamine hydrochloride,0,13,-1.0
866,1,Oxidopamine hydrochloride,1,24,0.4771212637424469
867,1,Oxidopamine hydrochloride,2,7,-2.0
868,1,Oxidopamine hydrochloride,3,21,0.0
869,1,Oxidopamine hydrochloride,4,28,1.0
870,4,Paraquat dichloride,0,10,-1.5228787660598755
871,4,Paraquat dichloride,1,28,1.0
872,4,Paraquat dichloride,2,13,-1.0
873,4,Paraquat dichloride,3,30,1.4771212339401245
874,4,Paraquat dichloride,4,21,0.0
875,2,Parathion,0,13,-1.0
876,2,Parathion,1,10,-1.5228787660598755
877,2,Parathion,2,24,0.4771212637424469
878,2,Parathion,3,29,1.3010300397872925
879,2,Parathion,4,21,0.0
880,4,Perfluoroundecanoic acid,0,13,-1.0
881,4,Perfluoroundecanoic acid,1,16,-0.5228787660598755
882,4,Perfluoroundecanoic acid,2,21,0.0
883,4,Perfluoroundecanoic acid,3,24,0.4771212637424469
884,4,Perfluoroundecanoic acid,4,28,1.0
885,1,Permethrin,0,16,-0.5228787660598755
886,1,Permethrin,1,10,-1.5228787660598755
887,1,Permethrin,2,28,1.0
888,1,Permethrin,3,24,0.4771212637424469
889,1,Permethrin,4,21,0.0
890,1,PharmaGSID_47330,0,16,-0.5228787660598755
891,1,PharmaGSID_47330,1,24,0.4771212637424469
892,1,PharmaGSID_47330,2,29,1.3010300397872925
893,1,PharmaGSID_47330,3,28,1.0
894,1,PharmaGSID_47330,4,13,-1.0
895,1,Phenanthrene,0,29,1.3010300397872925
896,1,Phenanthrene,1,24,0.4771212637424469
897,1,Phenanthrene,2,16,-0.5228787660598755
898,1,Phenanthrene,3,13,-1.0
899,1,Phenanthrene,4,10,-1.5228787660598755
900,4,Phenobarbital,0,10,-1.5228787660598755
901,4,Phenobarbital,1,16,-0.5228787660598755
902,4,Phenobarbital,2,29,1.3010300397872925
903,4,Phenobarbital,3,21,0.0
904,4,Phenobarbital,4,28,1.0
905,0,Phenobarbital sodium,0,28,1.0
906,0,Phenobarbital sodium,1,24,0.4771212637424469
907,0,Phenobarbital sodium,2,16,-0.5228787660598755
908,0,Phenobarbital sodium,3,10,-1.5228787660598755
909,0,Phenobarbital sodium,4,30,1.4771212339401245
910,3,Phenol,0,21,0.0
911,3,Phenol,1,28,1.0
912,3,Phenol,2,24,0.4771212637424469
913,3,Phenol,3,16,-0.5228787660598755
914,3,Phenol,4,13,-1.0
915,4,Phenylmercuric acetate,0,13,-1.0
916,4,Phenylmercuric acetate,1,10,-1.5228787660598755
917,4,Phenylmercuric acetate,2,2,-3.522878646850586
918,4,Phenylmercuric acetate,3,16,-0.5228787660598755
919,4,Phenylmercuric acetate,4,29,1.3010300397872925
920,3,Phorate,0,16,-0.5228787660598755
921,3,Phorate,1,31,2.0
922,3,Phorate,2,24,0.4771212637424469
923,3,Phorate,3,21,0.0
924,3,Phorate,4,30,1.4771212339401245
925,4,Phosmet,0,30,1.4771212339401245
926,4,Phosmet,1,16,-0.5228787660598755
927,4,Phosmet,2,21,0.0
928,4,Phosmet,3,31,2.0
929,4,Phosmet,4,13,-1.0
930,4,Picoxystrobin,0,5,-2.522878646850586
931,4,Picoxystrobin,1,3,-3.0
932,4,Picoxystrobin,2,24,0.4771212637424469
933,4,Picoxystrobin,3,10,-1.5228787660598755
934,4,Picoxystrobin,4,21,0.0
935,3,Piperonyl butoxide,0,28,1.0
936,3,Piperonyl butoxide,1,24,0.4771212637424469
937,3,Piperonyl butoxide,2,13,-1.0
938,3,Piperonyl butoxide,3,21,0.0
939,3,Piperonyl butoxide,4,29,1.3010300397872925
940,0,Pirimiphos-methyl,0,13,-1.0
941,0,Pirimiphos-methyl,1,24,0.4771212637424469
942,0,Pirimiphos-methyl,2,16,-0.5228787660598755
943,0,Pirimiphos-methyl,3,31,2.0
944,0,Pirimiphos-methyl,4,30,1.4771212339401245
945,2,Prallethrin,0,10,-1.5228787660598755
946,2,Prallethrin,1,13,-1.0
947,2,Prallethrin,2,29,1.3010300397872925
948,2,Prallethrin,3,16,-0.5228787660598755
949,2,Prallethrin,4,24,0.4771212637424469
950,1,Pravastatin sodium,0,16,-0.5228787660598755
951,1,Pravastatin sodium,1,24,0.4771212637424469
952,1,Pravastatin sodium,2,29,1.3010300397872925
953,1,Pravastatin sodium,3,21,0.0
954,1,Pravastatin sodium,4,28,1.0
955,3,Profenofos,0,21,0.0
956,3,Profenofos,1,13,-1.0
957,3,Profenofos,2,7,-2.0
958,3,Profenofos,3,28,1.0
959,3,Profenofos,4,24,0.4771212637424469
960,0,Pyraclostrobin,0,2,-3.522878646850586
961,0,Pyraclostrobin,1,3,-3.0
962,0,Pyraclostrobin,2,24,0.4771212637424469
963,0,Pyraclostrobin,3,29,1.3010300397872925
964,0,Pyraclostrobin,4,21,0.0
965,3,Pyrene,0,10,-1.5228787660598755
966,3,Pyrene,1,24,0.4771212637424469
967,3,Pyrene,2,28,1.0
968,3,Pyrene,3,29,1.3010300397872925
969,3,Pyrene,4,13,-1.0
970,2,Reserpine,0,24,0.4771212637424469
971,2,Reserpine,1,29,1.3010300397872925
972,2,Reserpine,2,16,-0.5228787660598755
973,2,Reserpine,3,21,0.0
974,2,Reserpine,4,10,-1.5228787660598755
975,4,Resmethrin,0,16,-0.5228787660598755
976,4,Resmethrin,1,21,0.0
977,4,Resmethrin,2,13,-1.0
978,4,Resmethrin,3,28,1.0
979,4,Resmethrin,4,24,0.4771212637424469
980,4,Retinoic acid,0,21,0.0
981,4,Retinoic acid,1,13,-1.0
982,4,Retinoic acid,2,16,-0.5228787660598755
983,4,Retinoic acid,3,24,0.4771212637424469
984,4,Retinoic acid,4,10,-1.5228787660598755
985,4,Rotenone,0,28,1.0
986,4,Rotenone,1,21,0.0
987,4,Rotenone,2,24,0.4771212637424469
988,4,Rotenone,3,10,-1.5228787660598755
989,4,Rotenone,4,5,-2.522878646850586
990,3,S-Bioallethrin,0,29,1.3010300397872925
991,3,S-Bioallethrin,1,28,1.0
992,3,S-Bioallethrin,2,16,-0.5228787660598755
993,3,S-Bioallethrin,3,21,0.0
994,3,S-Bioallethrin,4,24,0.4771212637424469
995,1,S-Ethyl dipropylthiocarbamate,0,10,-1.5228787660598755
996,1,S-Ethyl dipropylthiocarbamate,1,16,-0.5228787660598755
997,1,S-Ethyl dipropylthiocarbamate,2,29,1.3010300397872925
998,1,S-Ethyl dipropylthiocarbamate,3,13,-1.0
999,1,S-Ethyl dipropylthiocarbamate,4,21,0.0
1000,3,Simvastatin,0,21,0.0
1001,3,Simvastatin,1,24,0.4771212637424469
1002,3,Simvastatin,2,29,1.3010300397872925
1003,3,Simvastatin,3,28,1.0
1004,3,Simvastatin,4,10,-1.5228787660598755
1005,2,Sodium arsenite,0,21,0.0
1006,2,Sodium arsenite,1,24,0.4771212637424469
1007,2,Sodium arsenite,2,16,-0.5228787660598755
1008,2,Sodium arsenite,3,28,1.0
1009,2,Sodium arsenite,4,30,1.4771212339401245
1010,0,Sodium benzoate,0,24,0.4771212637424469
1011,0,Sodium benzoate,1,13,-1.0
1012,0,Sodium benzoate,2,16,-0.5228787660598755
1013,0,Sodium benzoate,3,10,-1.5228787660598755
1014,0,Sodium benzoate,4,21,0.0
1015,3,Sodium fluoride,0,13,-1.0
1016,3,Sodium fluoride,1,10,-1.5228787660598755
1017,3,Sodium fluoride,2,30,1.4771212339401245
1018,3,Sodium fluoride,3,16,-0.5228787660598755
1019,3,Sodium fluoride,4,28,1.0
1020,4,Sodium orthovanadate,0,21,0.0
1021,4,Sodium orthovanadate,1,24,0.4771212637424469
1022,4,Sodium orthovanadate,2,28,1.0
1023,4,Sodium orthovanadate,3,13,-1.0
1024,4,Sodium orthovanadate,4,7,-2.0
1025,1,Sodium saccharin hydrate,0,24,0.4771212637424469
1026,1,Sodium saccharin hydrate,1,30,1.4771212339401245
1027,1,Sodium saccharin hydrate,2,10,-1.5228787660598755
1028,1,Sodium saccharin hydrate,3,16,-0.5228787660598755
1029,1,Sodium saccharin hydrate,4,13,-1.0
1030,1,Sodium valproate,0,34,3.477121353149414
1031,1,Sodium valproate,1,24,0.4771212637424469
1032,1,Sodium valproate,2,30,1.4771212339401245
1033,1,Sodium valproate,3,32,2.477121353149414
1034,1,Sodium valproate,4,31,2.0
1035,0,Spirodiclofen,0,24,0.4771212637424469
1036,0,Spirodiclofen,1,13,-1.0
1037,0,Spirodiclofen,2,16,-0.5228787660598755
1038,0,Spirodiclofen,3,21,0.0
1039,0,Spirodiclofen,4,29,1.3010300397872925
1040,3,Spiroxamine,0,10,-1.5228787660598755
1041,3,Spiroxamine,1,16,-0.5228787660598755
1042,3,Spiroxamine,2,28,1.0
1043,3,Spiroxamine,3,21,0.0
1044,3,Spiroxamine,4,30,1.4771212339401245
1045,3,Tamoxifen,0,28,1.0
1046,3,Tamoxifen,1,16,-0.5228787660598755
1047,3,Tamoxifen,2,24,0.4771212637424469
1048,3,Tamoxifen,3,10,-1.5228787660598755
1049,3,Tamoxifen,4,21,0.0
1050,2,Tebuconazole,0,24,0.4771212637424469
1051,2,Tebuconazole,1,21,0.0
1052,2,Tebuconazole,2,10,-1.5228787660598755
1053,2,Tebuconazole,3,16,-0.5228787660598755
1054,2,Tebuconazole,4,13,-1.0
1055,4,Tebupirimfos,0,16,-0.5228787660598755
1056,4,Tebupirimfos,1,30,1.4771212339401245
1057,4,Tebupirimfos,2,13,-1.0
1058,4,Tebupirimfos,3,21,0.0
1059,4,Tebupirimfos,4,31,2.0
1060,3,Tefluthrin,0,29,1.3010300397872925
1061,3,Tefluthrin,1,28,1.0
1062,3,Tefluthrin,2,21,0.0
1063,3,Tefluthrin,3,24,0.4771212637424469
1064,3,Tefluthrin,4,16,-0.5228787660598755
1065,1,Terbufos,0,28,1.0
1066,1,Terbufos,1,21,0.0
1067,1,Terbufos,2,30,1.4771212339401245
1068,1,Terbufos,3,16,-0.5228787660598755
1069,1,Terbufos,4,24,0.4771212637424469
1070,2,Terbutaline hemisulfate,0,30,1.4771212339401245
1071,2,Terbutaline hemisulfate,1,10,-1.5228787660598755
1072,2,Terbutaline hemisulfate,2,21,0.0
1073,2,Terbutaline hemisulfate,3,13,-1.0
1074,2,Terbutaline hemisulfate,4,28,1.0
1075,3,Tetracycline,0,29,1.3010300397872925
1076,3,Tetracycline,1,24,0.4771212637424469
1077,3,Tetracycline,2,10,-1.5228787660598755
1078,3,Tetracycline,3,21,0.0
1079,3,Tetracycline,4,16,-0.5228787660598755
1080,2,Tetraethylthiuram disulfide,0,10,-1.5228787660598755
1081,2,Tetraethylthiuram disulfide,1,29,1.3010300397872925
1082,2,Tetraethylthiuram disulfide,2,21,0.0
1083,2,Tetraethylthiuram disulfide,3,7,-2.0
1084,2,Tetraethylthiuram disulfide,4,5,-2.522878646850586
1085,2,Tetramethrin,0,24,0.4771212637424469
1086,2,Tetramethrin,1,28,1.0
1087,2,Tetramethrin,2,13,-1.0
1088,2,Tetramethrin,3,21,0.0
1089,2,Tetramethrin,4,16,-0.5228787660598755
1090,1,Thalidomide,0,13,-1.0
1091,1,Thalidomide,1,24,0.4771212637424469
1092,1,Thalidomide,2,16,-0.5228787660598755
1093,1,Thalidomide,3,28,1.0
1094,1,Thalidomide,4,21,0.0
1095,0,Thiacloprid,0,13,-1.0
1096,0,Thiacloprid,1,21,0.0
1097,0,Thiacloprid,2,10,-1.5228787660598755
1098,0,Thiacloprid,3,16,-0.5228787660598755
1099,0,Thiacloprid,4,24,0.4771212637424469
1100,3,Thiamethoxam,0,21,0.0
1101,3,Thiamethoxam,1,28,1.0
1102,3,Thiamethoxam,2,16,-0.5228787660598755
1103,3,Thiamethoxam,3,10,-1.5228787660598755
1104,3,Thiamethoxam,4,29,1.3010300397872925
1105,2,Tribufos,0,13,-1.0
1106,2,Tribufos,1,31,2.0
1107,2,Tribufos,2,16,-0.5228787660598755
1108,2,Tribufos,3,30,1.4771212339401245
1109,2,Tribufos,4,21,0.0
1110,3,Tributyltin chloride,0,3,-3.0
1111,3,Tributyltin chloride,1,21,0.0
1112,3,Tributyltin chloride,2,5,-2.522878646850586
1113,3,Tributyltin chloride,3,2,-3.522878646850586
1114,3,Tributyltin chloride,4,16,-0.5228787660598755
1115,1,Tributyltin methacrylate,0,13,-1.0
1116,1,Tributyltin methacrylate,1,2,-3.522878646850586
1117,1,Tributyltin methacrylate,2,29,1.3010300397872925
1118,1,Tributyltin methacrylate,3,7,-2.0
1119,1,Tributyltin methacrylate,4,21,0.0
1120,2,Trichlorfon,0,31,2.0
1121,2,Trichlorfon,1,28,1.0
1122,2,Trichlorfon,2,13,-1.0
1123,2,Trichlorfon,3,24,0.4771212637424469
1124,2,Trichlorfon,4,16,-0.5228787660598755
1125,0,Triclosan,0,13,-1.0
1126,0,Triclosan,1,28,1.0
1127,0,Triclosan,2,10,-1.5228787660598755
1128,0,Triclosan,3,24,0.4771212637424469
1129,0,Triclosan,4,29,1.3010300397872925
1130,0,Triethyltin bromide,0,28,1.0
1131,0,Triethyltin bromide,1,13,-1.0
1132,0,Triethyltin bromide,2,16,-0.5228787660598755
1133,0,Triethyltin bromide,3,21,0.0
1134,0,Triethyltin bromide,4,7,-2.0
1135,2,Trifloxystrobin,0,7,-2.0
1136,2,Trifloxystrobin,1,10,-1.5228787660598755
1137,2,Trifloxystrobin,2,24,0.4771212637424469
1138,2,Trifloxystrobin,3,16,-0.5228787660598755
1139,2,Trifloxystrobin,4,28,1.0
1140,1,Trimethyltin hydroxide,0,10,-1.5228787660598755
1141,1,Trimethyltin hydroxide,1,21,0.0
1142,1,Trimethyltin hydroxide,2,13,-1.0
1143,1,Trimethyltin hydroxide,3,24,0.4771212637424469
1144,1,Trimethyltin hydroxide,4,28,1.0
1145,4,Triphenyl phosphate,0,28,1.0
1146,4,Triphenyl phosphate,1,10,-1.5228787660598755
1147,4,Triphenyl phosphate,2,24,0.4771212637424469
1148,4,Triphenyl phosphate,3,30,1.4771212339401245
1149,4,Triphenyl phosphate,4,16,-0.5228787660598755
1150,3,Triphenyl phosphates isopropylated,0,16,-0.5228787660598755
1151,3,Triphenyl phosphates isopropylated,1,10,-1.5228787660598755
1152,3,Triphenyl phosphates isopropylated,2,21,0.0
1153,3,Triphenyl phosphates isopropylated,3,28,1.0
1154,3,Triphenyl phosphates isopropylated,4,24,0.4771212637424469
1155,4,Triphenyl phosphite,0,16,-0.5228787660598755
1156,4,Triphenyl phosphite,1,10,-1.5228787660598755
1157,4,Triphenyl phosphite,2,28,1.0
1158,4,Triphenyl phosphite,3,13,-1.0
1159,4,Triphenyl phosphite,4,29,1.3010300397872925
1160,1,"Tris(1,3-dichloro-2-propyl) phosphate",0,30,1.4771212339401245
1161,1,"Tris(1,3-dichloro-2-propyl) phosphate",1,13,-1.0
1162,1,"Tris(1,3-dichloro-2-propyl) phosphate",2,24,0.4771212637424469
1163,1,"Tris(1,3-dichloro-2-propyl) phosphate",3,21,0.0
1164,1,"Tris(1,3-dichloro-2-propyl) phosphate",4,16,-0.5228787660598755
1165,1,Tris(2-chloroethyl) phosphate,0,10,-1.5228787660598755
1166,1,Tris(2-chloroethyl) phosphate,1,21,0.0
1167,1,Tris(2-chloroethyl) phosphate,2,24,0.4771212637424469
1168,1,Tris(2-chloroethyl) phosphate,3,30,1.4771212339401245
1169,1,Tris(2-chloroethyl) phosphate,4,13,-1.0
1170,4,Tris(2-chloroisopropyl)phosphate,0,28,1.0
1171,4,Tris(2-chloroisopropyl)phosphate,1,10,-1.5228787660598755
1172,4,Tris(2-chloroisopropyl)phosphate,2,13,-1.0
1173,4,Tris(2-chloroisopropyl)phosphate,3,24,0.4771212637424469
1174,4,Tris(2-chloroisopropyl)phosphate,4,29,1.3010300397872925
1175,2,Tris(methylphenyl) phosphate,0,10,-1.5228787660598755
1176,2,Tris(methylphenyl) phosphate,1,29,1.3010300397872925
1177,2,Tris(methylphenyl) phosphate,2,28,1.0
1178,2,Tris(methylphenyl) phosphate,3,21,0.0
1179,2,Tris(methylphenyl) phosphate,4,16,-0.5228787660598755
1180,4,Valinomycin,0,7,-2.0
1181,4,Valinomycin,1,2,-3.522878646850586
1182,4,Valinomycin,2,28,1.0
1183,4,Valinomycin,3,24,0.4771212637424469
1184,4,Valinomycin,4,16,-0.5228787660598755
1185,1,Z-Tetrachlorvinphos,0,28,1.0
1186,1,Z-Tetrachlorvinphos,1,21,0.0
1187,1,Z-Tetrachlorvinphos,2,30,1.4771212339401245
1188,1,Z-Tetrachlorvinphos,3,16,-0.5228787660598755
1189,1,Z-Tetrachlorvinphos,4,24,0.4771212637424469
1190,2,"o,p'-DDT",0,10,-1.5228787660598755
1191,2,"o,p'-DDT",1,16,-0.5228787660598755
1192,2,"o,p'-DDT",2,29,1.3010300397872925
1193,2,"o,p'-DDT",3,28,1.0
1194,2,"o,p'-DDT",4,21,0.0
1195,1,"p,p'-DDD",0,21,0.0
1196,1,"p,p'-DDD",1,13,-1.0
1197,1,"p,p'-DDD",2,10,-1.5228787660598755
1198,1,"p,p'-DDD",3,29,1.3010300397872925
1199,1,"p,p'-DDD",4,24,0.4771212637424469
1200,0,"p,p'-DDE",0,28,1.0
1201,0,"p,p'-DDE",1,21,0.0
1202,0,"p,p'-DDE",2,24,0.4771212637424469
1203,0,"p,p'-DDE",3,10,-1.5228787660598755
1204,0,"p,p'-DDE",4,16,-0.5228787660598755
1205,1,tert-Butylhydroquinone,0,16,-0.5228787660598755
1206,1,tert-Butylhydroquinone,1,21,0.0
1207,1,tert-Butylhydroquinone,2,24,0.4771212637424469
1208,1,tert-Butylhydroquinone,3,10,-1.5228787660598755
1209,1,tert-Butylhydroquinone,4,28,1.0
1210,4,tert-Butylphenyl diphenyl phosphate,0,29,1.3010300397872925
1211,4,tert-Butylphenyl diphenyl phosphate,1,28,1.0
1212,4,tert-Butylphenyl diphenyl phosphate,2,10,-1.5228787660598755
1213,4,tert-Butylphenyl diphenyl phosphate,3,21,0.0
1214,4,tert-Butylphenyl diphenyl phosphate,4,16,-0.5228787660598755
