compound,endpoint,concentration,unit,status,forecast,low90,high90,measured_mean,wells,wells_inside_90,response_forecast,response_measured,abs_error_sd
Aminonicotinimide,hN2_NOG_BPCount,0.003,uM,measured,0.940907,0.571587,1.310226,2.466667,3,2,3.771,6.1812,2.4102
Aminonicotinimide,hN2_NOG_BPCount,0.01,uM,measured,0.91308,0.541387,1.284772,0.923333,3,1,3.6146,3.7659,0.1513
Aminonicotinimide,hN2_NOG_BPCount,0.03,uM,measured,0.97781,0.600471,1.355149,1.453333,3,2,3.9784,4.8135,0.8351
Aminonicotinimide,hN2_NOG_BPCount,0.1,uM,measured,0.776652,0.399078,1.154226,1.046667,3,2,2.8478,4.4591,1.6113
Aminonicotinimide,hN2_NOG_BPCount,1.0,uM,measured,0.919245,0.504398,1.334091,1.036667,3,3,3.6492,4.4029,0.7537
Aminonicotinimide,hN2_NOG_BPCount,3.0,uM,measured,0.819568,0.364639,1.274498,0.826667,3,3,3.089,3.2226,0.1336
Aminonicotinimide,hN2_NOG_BPCount,10.0,uM,measured,0.77985,0.305268,1.254432,0.79,3,3,2.8657,3.0165,0.1508
Aminonicotinimide,hN2_NOG_BPCount,30.0,uM,measured,0.37826,-0.094694,0.851214,0.74,3,3,0.6085,2.7354,2.1269
Aminonicotinimide,hN2_NOG_NeuriteCount,0.003,uM,measured,1.675738,1.348068,2.003408,2.513333,3,2,2.9107,5.5971,2.6864
Aminonicotinimide,hN2_NOG_NeuriteCount,0.01,uM,measured,1.729941,1.413063,2.04682,1.756667,3,3,3.1629,3.3182,0.1553
Aminonicotinimide,hN2_NOG_NeuriteCount,0.03,uM,measured,1.755913,1.440189,2.071638,1.853333,3,2,3.2837,3.7678,0.4841
Aminonicotinimide,hN2_NOG_NeuriteCount,0.1,uM,measured,1.754905,1.434945,2.074865,1.736667,3,3,3.279,3.2252,0.0538
Aminonicotinimide,hN2_NOG_NeuriteCount,1.0,uM,measured,1.739505,1.295442,2.183568,1.8,3,3,3.2073,3.5198,0.3125
Aminonicotinimide,hN2_NOG_NeuriteCount,3.0,uM,measured,1.740466,1.252659,2.228273,1.693333,3,3,3.2118,3.0236,0.1882
Aminonicotinimide,hN2_NOG_NeuriteCount,10.0,uM,measured,1.736093,0.89035,2.581837,1.603333,3,3,3.1915,2.6049,0.5866
Aminonicotinimide,hN2_NOG_NeuriteCount,30.0,uM,measured,1.369553,0.492021,2.247085,1.716667,3,3,1.4865,3.1321,1.6456
Aminonicotinimide,hN2_NOG_NeuriteLength,0.003,uM,measured,75.649943,41.757968,109.541919,100.93,3,1,3.3105,4.9252,1.6147
Aminonicotinimide,hN2_NOG_NeuriteLength,0.01,uM,measured,72.546105,38.973783,106.118428,76.34,3,1,3.0669,2.9955,0.0714
Aminonicotinimide,hN2_NOG_NeuriteLength,0.03,uM,measured,71.773418,37.502035,106.0448,75.496667,3,2,3.0062,2.9293,0.0769
Aminonicotinimide,hN2_NOG_NeuriteLength,0.1,uM,measured,65.523177,29.323585,101.722769,85.086667,3,2,2.5158,3.6819,1.1661
Aminonicotinimide,hN2_NOG_NeuriteLength,1.0,uM,measured,75.345829,33.953937,116.73772,78.343333,3,3,3.2866,3.1527,0.1339
Aminonicotinimide,hN2_NOG_NeuriteLength,3.0,uM,measured,67.757402,24.270547,111.244256,67.42,3,3,2.6911,2.2955,0.3956
Aminonicotinimide,hN2_NOG_NeuriteLength,10.0,uM,measured,64.45564,16.820759,112.090521,73.66,3,3,2.432,2.7852,0.3532
Aminonicotinimide,hN2_NOG_NeuriteLength,30.0,uM,measured,47.623721,-2.139673,97.387114,70.04,3,3,1.1111,2.5011,1.39
Aminonicotinimide,hN2_NOG_NeuronCount,0.003,uM,measured,22.466266,5.215797,39.716735,14.833333,3,3,0.1225,-0.4392,0.5617
Aminonicotinimide,hN2_NOG_NeuronCount,0.01,uM,measured,23.279136,6.479945,40.078328,20.293333,3,3,0.1877,-0.0011,0.1888
Aminonicotinimide,hN2_NOG_NeuronCount,0.03,uM,measured,23.032536,5.054485,41.010588,13.43,3,3,0.1679,-0.5518,0.7197
Aminonicotinimide,hN2_NOG_NeuronCount,0.1,uM,measured,24.149551,6.013087,42.286015,21.226667,3,3,0.2576,0.0738,0.1838
Aminonicotinimide,hN2_NOG_NeuronCount,1.0,uM,measured,22.062337,6.508006,37.616669,18.376667,3,3,0.0901,-0.1549,0.245
Aminonicotinimide,hN2_NOG_NeuronCount,3.0,uM,measured,20.622454,3.800769,37.444138,21.83,3,3,-0.0255,0.1222,0.1477
Aminonicotinimide,hN2_NOG_NeuronCount,10.0,uM,measured,24.5285,6.62805,42.428951,16.433333,3,3,0.288,-0.3108,0.5988
Aminonicotinimide,hN2_NOG_NeuronCount,30.0,uM,measured,26.467019,8.750702,44.183335,25.046667,3,3,0.4435,0.3804,0.0631
Aminonicotinimide,hNP1_Caspase_Apop,0.003,uM,measured,62736.13497,46320.993799,79151.276142,61961.666667,3,3,-1.9363,-1.8442,0.0921
Aminonicotinimide,hNP1_Caspase_Apop,0.01,uM,measured,61623.56975,44897.15964,78349.979859,67450.0,3,2,-2.1506,-0.7873,1.3633
Aminonicotinimide,hNP1_Caspase_Apop,0.03,uM,measured,61374.505704,44117.052736,78631.958671,63204.666667,3,3,-2.1985,-1.6048,0.5937
Aminonicotinimide,hNP1_Caspase_Apop,0.1,uM,measured,57103.541519,39565.761674,74641.321365,65180.0,3,2,-3.021,-1.2245,1.7965
Aminonicotinimide,hNP1_Caspase_Apop,1.0,uM,measured,66018.442492,47034.753424,85002.13156,65196.666667,3,3,-1.3042,-1.2212,0.083
Aminonicotinimide,hNP1_Caspase_Apop,3.0,uM,measured,63974.796305,45313.11222,82636.48039,68309.333333,3,3,-1.6978,-0.6218,1.076
Aminonicotinimide,hNP1_Caspase_Apop,10.0,uM,measured,56742.278496,28968.424735,84516.132258,65624.0,3,3,-3.0906,-1.1389,1.9517
Aminonicotinimide,hNP1_Caspase_Apop,30.0,uM,measured,55116.69011,23074.273907,87159.106312,59585.666667,3,3,-3.4036,-2.3018,1.1018
Aminonicotinimide,hNP1_CellTiter_Lum,0.003,uM,measured,775088.642535,626820.523212,923356.761857,739983.333333,3,3,0.1738,-1.032,1.2058
Aminonicotinimide,hNP1_CellTiter_Lum,0.01,uM,measured,766068.055293,608636.864214,923499.246372,740135.666667,3,3,-0.0601,-1.028,0.9679
Aminonicotinimide,hNP1_CellTiter_Lum,0.03,uM,measured,769320.123528,608740.002812,929900.244243,730600.333333,3,3,0.0242,-1.2753,1.2995
Aminonicotinimide,hNP1_CellTiter_Lum,0.1,uM,measured,761323.006125,603652.908794,918993.103456,705518.666667,3,3,-0.1832,-1.9259,1.7427
Aminonicotinimide,hNP1_CellTiter_Lum,1.0,uM,measured,749607.136698,586610.55454,912603.718856,697098.0,3,3,-0.4871,-2.1443,1.6572
Aminonicotinimide,hNP1_CellTiter_Lum,3.0,uM,measured,738106.903509,537405.418684,938808.388334,688949.333333,3,3,-0.7854,-2.3556,1.5702
Aminonicotinimide,hNP1_CellTiter_Lum,10.0,uM,measured,731815.509431,421461.48842,1042169.530442,677948.333333,3,3,-0.9485,-2.6409,1.6924
Aminonicotinimide,hNP1_CellTiter_Lum,30.0,uM,measured,535231.984765,173679.625931,896784.3436,620693.333333,3,3,-6.0472,-4.1259,1.9213
Aminonicotinimide,hNP1_Pro_MeanAvgInten,0.003,uM,measured,89.985497,53.862175,126.108819,82.973333,3,3,0.2139,0.0668,0.1471
Aminonicotinimide,hNP1_Pro_MeanAvgInten,0.01,uM,measured,78.993679,39.386136,118.601223,81.793333,3,3,-0.2071,0.0216,0.2287
Aminonicotinimide,hNP1_Pro_MeanAvgInten,0.03,uM,measured,81.503664,42.941029,120.066299,62.396667,3,2,-0.1109,-0.7213,0.6104
Aminonicotinimide,hNP1_Pro_MeanAvgInten,0.1,uM,measured,88.364343,52.664284,124.064402,90.753333,3,3,0.1518,0.3648,0.213
Aminonicotinimide,hNP1_Pro_MeanAvgInten,1.0,uM,measured,78.726159,35.377333,122.074985,77.046667,3,3,-0.2173,-0.1602,0.0571
Aminonicotinimide,hNP1_Pro_MeanAvgInten,3.0,uM,measured,88.328627,41.906017,134.751237,89.806667,3,3,0.1505,0.3285,0.178
Aminonicotinimide,hNP1_Pro_MeanAvgInten,10.0,uM,measured,80.423955,20.078854,140.769055,83.946667,3,3,-0.1523,0.1041,0.2564
Aminonicotinimide,hNP1_Pro_MeanAvgInten,30.0,uM,measured,67.855678,6.85761,128.853747,85.96,3,3,-0.6337,0.1812,0.8149
Aminonicotinimide,hNP1_Pro_ObjectCount,0.003,uM,measured,94.740488,53.906182,135.574795,83.366667,3,3,-0.476,-0.807,0.331
Aminonicotinimide,hNP1_Pro_ObjectCount,0.01,uM,measured,89.957022,45.310615,134.603429,68.55,3,3,-0.6118,-1.2278,0.616
Aminonicotinimide,hNP1_Pro_ObjectCount,0.03,uM,measured,94.283469,50.180496,138.386442,73.7,3,3,-0.4889,-1.0816,0.5927
Aminonicotinimide,hNP1_Pro_ObjectCount,0.1,uM,measured,93.470012,49.031236,137.908787,87.27,3,3,-0.512,-0.6962,0.1842
Aminonicotinimide,hNP1_Pro_ObjectCount,1.0,uM,measured,84.640027,33.900031,135.380024,90.776667,3,3,-0.7628,-0.5966,0.1662
Aminonicotinimide,hNP1_Pro_ObjectCount,3.0,uM,measured,95.230575,39.702021,150.759129,96.523333,3,2,-0.462,-0.4334,0.0286
Aminonicotinimide,hNP1_Pro_ObjectCount,10.0,uM,measured,92.994312,24.461248,161.527375,95.0,3,2,-0.5256,-0.4766,0.049
Aminonicotinimide,hNP1_Pro_ObjectCount,30.0,uM,measured,85.370496,18.326002,152.41499,89.423333,3,3,-0.7421,-0.635,0.1071
Aminonicotinimide,hNP1_Pro_ResponderAvgInten,0.003,uM,measured,41.415934,29.643269,53.188598,41.613333,3,3,0.2158,0.0333,0.1825
Aminonicotinimide,hNP1_Pro_ResponderAvgInten,0.01,uM,measured,41.724494,31.927809,51.521178,46.51,3,2,0.2581,0.7039,0.4458
Aminonicotinimide,hNP1_Pro_ResponderAvgInten,0.03,uM,measured,40.698035,30.434549,50.961522,38.33,3,2,0.1175,-0.4163,0.5338
Aminonicotinimide,hNP1_Pro_ResponderAvgInten,0.1,uM,measured,38.796541,27.175517,50.417565,47.043333,3,2,-0.1429,0.777,0.9199
Aminonicotinimide,hNP1_Pro_ResponderAvgInten,1.0,uM,measured,39.69554,26.22398,53.1671,40.92,3,3,-0.0198,-0.0616,0.0418
Aminonicotinimide,hNP1_Pro_ResponderAvgInten,3.0,uM,measured,36.21205,24.538916,47.885183,43.77,3,2,-0.4969,0.3287,0.8256
Aminonicotinimide,hNP1_Pro_ResponderAvgInten,10.0,uM,measured,34.537859,17.181656,51.894062,42.026667,3,3,-0.7261,0.0899,0.816
Aminonicotinimide,hNP1_Pro_ResponderAvgInten,30.0,uM,measured,31.424012,12.327815,50.520208,37.363333,3,3,-1.1526,-0.5487,0.6039
Amphetamine,hN2_NOG_BPCount,0.003,uM,measured,0.754033,0.390992,1.117075,1.2,3,2,2.7206,5.321,2.6004
Amphetamine,hN2_NOG_BPCount,0.01,uM,measured,0.85736,0.491915,1.222806,1.593333,3,1,3.3014,6.762,3.4606
Amphetamine,hN2_NOG_BPCount,0.03,uM,measured,1.03712,0.666518,1.407722,0.946667,3,1,4.3118,3.8971,0.4147
Amphetamine,hN2_NOG_BPCount,0.1,uM,measured,1.02465,0.65432,1.39498,0.876667,3,3,4.2417,3.5036,0.7381
Amphetamine,hN2_NOG_BPCount,1.0,uM,measured,1.155617,0.754257,1.556978,0.913333,3,2,4.9778,3.7097,1.2681
Amphetamine,hN2_NOG_BPCount,3.0,uM,measured,0.978925,0.537943,1.419907,0.913333,3,3,3.9847,3.7097,0.275
Amphetamine,hN2_NOG_BPCount,10.0,uM,measured,0.777118,0.315255,1.238981,0.826667,3,3,2.8504,3.2226,0.3722
Amphetamine,hN2_NOG_BPCount,30.0,uM,measured,0.19902,-0.261037,0.659076,0.853333,3,1,-0.399,3.3725,3.7715
Amphetamine,hN2_NOG_NeuriteCount,0.003,uM,measured,1.785081,1.450677,2.119485,1.77,3,3,3.4193,3.3802,0.0391
Amphetamine,hN2_NOG_NeuriteCount,0.01,uM,measured,1.786248,1.445262,2.127234,1.87,3,3,3.4248,3.8454,0.4206
Amphetamine,hN2_NOG_NeuriteCount,0.03,uM,measured,1.800344,1.460512,2.140177,1.753333,3,3,3.4903,3.3027,0.1876
Amphetamine,hN2_NOG_NeuriteCount,0.1,uM,measured,1.804114,1.471324,2.136904,1.823333,3,3,3.5079,3.6283,0.1204
Amphetamine,hN2_NOG_NeuriteCount,1.0,uM,measured,1.82926,1.37623,2.28229,1.65,3,3,3.6249,2.822,0.8029
Amphetamine,hN2_NOG_NeuriteCount,3.0,uM,measured,1.806386,1.306252,2.306521,1.663333,3,3,3.5185,2.884,0.6345
Amphetamine,hN2_NOG_NeuriteCount,10.0,uM,measured,1.81394,0.957634,2.670245,1.853333,3,3,3.5536,3.7678,0.2142
Amphetamine,hN2_NOG_NeuriteCount,30.0,uM,measured,1.414795,0.549383,2.280207,1.823333,3,3,1.6969,3.6283,1.9314
Amphetamine,hN2_NOG_NeuriteLength,0.003,uM,measured,73.739342,39.847367,107.631318,81.656667,3,1,3.1605,3.4127,0.2522
Amphetamine,hN2_NOG_NeuriteLength,0.01,uM,measured,74.776152,41.203829,108.348474,101.56,3,0,3.2419,4.9746,1.7327
Amphetamine,hN2_NOG_NeuriteLength,0.03,uM,measured,76.842504,42.571122,111.113887,85.103333,3,2,3.404,3.6832,0.2792
Amphetamine,hN2_NOG_NeuriteLength,0.1,uM,measured,72.55167,36.352078,108.751261,81.706667,3,2,3.0673,3.4167,0.3494
Amphetamine,hN2_NOG_NeuriteLength,1.0,uM,measured,83.379091,41.9872,124.770982,74.3,3,2,3.917,2.8354,1.0816
Amphetamine,hN2_NOG_NeuriteLength,3.0,uM,measured,74.276762,30.789907,117.763616,73.173333,3,2,3.2027,2.747,0.4557
Amphetamine,hN2_NOG_NeuriteLength,10.0,uM,measured,67.585421,19.95054,115.220302,78.21,3,3,2.6776,3.1423,0.4647
Amphetamine,hN2_NOG_NeuriteLength,30.0,uM,measured,39.015301,-10.748093,88.778694,74.536667,3,2,0.4356,2.854,2.4184
Amphetamine,hN2_NOG_NeuronCount,0.003,uM,measured,29.231181,14.882748,43.579614,34.563333,3,3,0.6654,1.1441,0.4787
Amphetamine,hN2_NOG_NeuronCount,0.01,uM,measured,26.807232,12.403639,41.210825,28.196667,3,3,0.4708,0.6332,0.1624
Amphetamine,hN2_NOG_NeuronCount,0.03,uM,measured,29.184737,14.513191,43.856282,31.04,3,3,0.6616,0.8613,0.1997
Amphetamine,hN2_NOG_NeuronCount,0.1,uM,measured,27.735426,13.499129,41.971722,30.29,3,3,0.5453,0.8012,0.2559
Amphetamine,hN2_NOG_NeuronCount,1.0,uM,measured,28.959962,13.338892,44.581032,30.733333,3,3,0.6436,0.8367,0.1931
Amphetamine,hN2_NOG_NeuronCount,3.0,uM,measured,24.609042,8.718634,40.499449,26.07,3,3,0.2944,0.4625,0.1681
Amphetamine,hN2_NOG_NeuronCount,10.0,uM,measured,29.309998,10.926773,47.693224,31.69,3,3,0.6717,0.9135,0.2418
Amphetamine,hN2_NOG_NeuronCount,30.0,uM,measured,30.780759,11.973542,49.587975,28.71,3,3,0.7897,0.6744,0.1153
Amphetamine,hNP1_Caspase_Apop,0.003,uM,measured,62417.785607,44985.48882,79850.082395,58517.333333,3,3,-1.9976,-2.5075,0.5099
Amphetamine,hNP1_Caspase_Apop,0.01,uM,measured,58318.91838,40746.488076,75891.348683,59107.666667,3,3,-2.7869,-2.3938,0.3931
Amphetamine,hNP1_Caspase_Apop,0.03,uM,measured,56605.200915,38301.029963,74909.371867,59767.666667,3,3,-3.117,-2.2667,0.8503
Amphetamine,hNP1_Caspase_Apop,0.1,uM,measured,56812.599425,38301.796001,75323.40285,57796.333333,3,3,-3.077,-2.6464,0.4306
Amphetamine,hNP1_Caspase_Apop,1.0,uM,measured,63778.230627,46347.567565,81208.89369,60115.0,3,3,-1.7356,-2.1998,0.4642
Amphetamine,hNP1_Caspase_Apop,3.0,uM,measured,60377.107274,44075.376889,76678.83766,63851.0,3,3,-2.3906,-1.4804,0.9102
Amphetamine,hNP1_Caspase_Apop,10.0,uM,measured,63812.7108,42885.514228,84739.907371,62962.333333,3,3,-1.729,-1.6515,0.0775
Amphetamine,hNP1_Caspase_Apop,30.0,uM,measured,68485.882561,45328.478002,91643.287119,59885.666667,3,3,-0.8291,-2.244,1.4149
Amphetamine,hNP1_CellTiter_Lum,0.003,uM,measured,770994.586542,688179.056085,853810.117,771113.0,3,3,0.0676,-0.2246,0.2922
Amphetamine,hNP1_CellTiter_Lum,0.01,uM,measured,776621.544149,689502.037382,863741.050917,773957.666667,3,3,0.2136,-0.1508,0.3644
Amphetamine,hNP1_CellTiter_Lum,0.03,uM,measured,772111.19555,684438.264142,859784.126958,775860.0,3,3,0.0966,-0.1015,0.1981
Amphetamine,hNP1_CellTiter_Lum,0.1,uM,measured,776166.013335,686998.435746,865333.590924,770070.0,3,3,0.2018,-0.2516,0.4534
Amphetamine,hNP1_CellTiter_Lum,1.0,uM,measured,781605.704474,691464.600913,871746.808036,746949.0,3,3,0.3428,-0.8513,1.1941
Amphetamine,hNP1_CellTiter_Lum,3.0,uM,measured,773777.340685,647079.054091,900475.62728,747037.0,3,3,0.1398,-0.849,0.9888
Amphetamine,hNP1_CellTiter_Lum,10.0,uM,measured,801976.929679,657767.42523,946186.434128,724054.333333,3,3,0.8712,-1.4451,2.3163
Amphetamine,hNP1_CellTiter_Lum,30.0,uM,measured,742124.609232,605905.786412,878343.432052,726819.333333,3,3,-0.6812,-1.3734,0.6922
Amphetamine,hNP1_Pro_MeanAvgInten,0.003,uM,measured,87.92822,56.107965,119.748475,73.876667,3,3,0.1351,-0.2816,0.4167
Amphetamine,hNP1_Pro_MeanAvgInten,0.01,uM,measured,87.756618,54.369943,121.143293,60.123333,3,2,0.1286,-0.8084,0.937
Amphetamine,hNP1_Pro_MeanAvgInten,0.03,uM,measured,86.701672,54.214152,119.189193,76.753333,3,3,0.0882,-0.1715,0.2597
Amphetamine,hNP1_Pro_MeanAvgInten,0.1,uM,measured,92.237438,59.600213,124.874663,80.746667,3,3,0.3002,-0.0185,0.3187
Amphetamine,hNP1_Pro_MeanAvgInten,1.0,uM,measured,84.613935,43.645427,125.582443,87.35,3,3,0.0082,0.2344,0.2262
Amphetamine,hNP1_Pro_MeanAvgInten,3.0,uM,measured,82.373289,40.821744,123.924833,75.626667,3,3,-0.0776,-0.2146,0.137
Amphetamine,hNP1_Pro_MeanAvgInten,10.0,uM,measured,82.719845,30.55511,134.88458,90.63,3,3,-0.0644,0.36,0.4244
Amphetamine,hNP1_Pro_MeanAvgInten,30.0,uM,measured,76.472807,25.382321,127.563294,76.75,3,3,-0.3036,-0.1716,0.132
Amphetamine,hNP1_Pro_ObjectCount,0.003,uM,measured,109.606589,62.592269,156.62091,97.0,3,3,-0.0538,-0.4198,0.366
Amphetamine,hNP1_Pro_ObjectCount,0.01,uM,measured,98.414852,48.75659,148.073113,115.5,3,3,-0.3716,0.1056,0.4772
Amphetamine,hNP1_Pro_ObjectCount,0.03,uM,measured,104.656832,55.377396,153.936269,99.0,3,3,-0.1943,-0.363,0.1687
Amphetamine,hNP1_Pro_ObjectCount,0.1,uM,measured,100.973468,48.871724,153.075212,116.866667,3,3,-0.2989,0.1444,0.4433
Amphetamine,hNP1_Pro_ObjectCount,1.0,uM,measured,91.648869,40.026636,143.271101,113.22,3,3,-0.5638,0.0408,0.6046
Amphetamine,hNP1_Pro_ObjectCount,3.0,uM,measured,109.849841,60.336332,159.36335,119.39,3,3,-0.0469,0.216,0.2629
Amphetamine,hNP1_Pro_ObjectCount,10.0,uM,measured,114.182424,64.733849,163.631,102.0,3,3,0.0762,-0.2778,0.354
Amphetamine,hNP1_Pro_ObjectCount,30.0,uM,measured,79.076453,23.65066,134.502245,108.666667,3,2,-0.9208,-0.0885,0.8323
Amphetamine,hNP1_Pro_ResponderAvgInten,0.003,uM,measured,41.939848,28.76066,55.119036,45.446667,3,3,0.2876,0.5583,0.2707
Amphetamine,hNP1_Pro_ResponderAvgInten,0.01,uM,measured,41.381893,29.011035,53.752752,37.9,3,2,0.2112,-0.4752,0.6864
Amphetamine,hNP1_Pro_ResponderAvgInten,0.03,uM,measured,40.30677,28.931288,51.682252,46.826667,3,3,0.0639,0.7473,0.6834
Amphetamine,hNP1_Pro_ResponderAvgInten,0.1,uM,measured,41.255431,29.66029,52.850572,44.636667,3,3,0.1938,0.4474,0.2536
Amphetamine,hNP1_Pro_ResponderAvgInten,1.0,uM,measured,39.038198,27.637345,50.439052,48.113333,3,3,-0.1098,0.9235,1.0333
Amphetamine,hNP1_Pro_ResponderAvgInten,3.0,uM,measured,39.744343,29.221088,50.267599,45.173333,3,3,-0.0131,0.5209,0.534
Amphetamine,hNP1_Pro_ResponderAvgInten,10.0,uM,measured,38.587237,23.427024,53.74745,47.856667,3,3,-0.1716,0.8884,1.06
Amphetamine,hNP1_Pro_ResponderAvgInten,30.0,uM,measured,37.919542,22.543241,53.295843,43.606667,3,3,-0.263,0.3063,0.5693
Caffeine,hN2_NOG_BPCount,0.003,uM,measured,0.42935,0.260536,0.598163,0.356667,3,3,-0.4533,-0.7869,0.3336
Caffeine,hN2_NOG_BPCount,0.01,uM,measured,0.387348,0.211066,0.563631,0.42,3,3,-0.6894,-0.4309,0.2585
Caffeine,hN2_NOG_BPCount,0.03,uM,measured,0.421962,0.228774,0.615151,0.4,3,3,-0.4948,-0.5433,0.0485
Caffeine,hN2_NOG_BPCount,0.1,uM,measured,0.42468,0.242369,0.606992,0.396667,3,3,-0.4796,-0.5621,0.0825
Caffeine,hN2_NOG_BPCount,1.0,uM,measured,0.397595,0.164797,0.630392,0.333333,3,3,-0.6318,-0.9181,0.2863
Caffeine,hN2_NOG_BPCount,3.0,uM,measured,0.355642,0.103311,0.607973,0.38,3,3,-0.8676,-0.6558,0.2118
Caffeine,hN2_NOG_BPCount,10.0,uM,measured,0.345917,0.114463,0.577371,0.336667,3,3,-0.9223,-0.8993,0.023
Caffeine,hN2_NOG_BPCount,30.0,uM,measured,0.273295,0.053449,0.49314,0.27,3,3,-1.3305,-1.274,0.0565
Caffeine,hN2_NOG_NeuriteCount,0.003,uM,measured,1.370804,1.020348,1.721259,1.2,3,2,-0.2288,-0.9148,0.686
Caffeine,hN2_NOG_NeuriteCount,0.01,uM,measured,1.304636,0.967229,1.642044,1.363333,3,3,-0.5366,-0.1551,0.3815
Caffeine,hN2_NOG_NeuriteCount,0.03,uM,measured,1.343228,1.0044,1.682055,1.326667,3,3,-0.3571,-0.3256,0.0315
Caffeine,hN2_NOG_NeuriteCount,0.1,uM,measured,1.337234,0.997789,1.676679,1.31,3,3,-0.385,-0.4031,0.0181
Caffeine,hN2_NOG_NeuriteCount,1.0,uM,measured,1.269591,0.918809,1.620372,1.323333,3,3,-0.6997,-0.3411,0.3586
Caffeine,hN2_NOG_NeuriteCount,3.0,uM,measured,1.353279,0.956121,1.750437,1.346667,3,3,-0.3104,-0.2326,0.0778
Caffeine,hN2_NOG_NeuriteCount,10.0,uM,measured,1.238365,0.617825,1.858904,1.27,3,3,-0.8449,-0.5892,0.2557
Caffeine,hN2_NOG_NeuriteCount,30.0,uM,measured,1.141477,0.510501,1.772453,1.2,3,3,-1.2956,-0.9148,0.3808
Caffeine,hN2_NOG_NeuriteLength,0.003,uM,measured,52.849698,34.396615,71.30278,45.996667,3,3,0.1204,-0.4992,0.6196
Caffeine,hN2_NOG_NeuriteLength,0.01,uM,measured,52.650545,34.465192,70.835898,52.39,3,3,0.1048,0.0025,0.1023
Caffeine,hN2_NOG_NeuriteLength,0.03,uM,measured,56.728648,38.165457,75.291838,50.88,3,3,0.4248,-0.116,0.5408
Caffeine,hN2_NOG_NeuriteLength,0.1,uM,measured,53.937144,35.376549,72.497739,52.863333,3,3,0.2058,0.0396,0.1662
Caffeine,hN2_NOG_NeuriteLength,1.0,uM,measured,54.287874,36.354945,72.220802,46.193333,3,2,0.2333,-0.4838,0.7171
Caffeine,hN2_NOG_NeuriteLength,3.0,uM,measured,56.313432,38.551487,74.075378,47.62,3,3,0.3923,-0.3718,0.7641
Caffeine,hN2_NOG_NeuriteLength,10.0,uM,measured,53.060606,31.558817,74.562395,50.993333,3,3,0.137,-0.1071,0.2441
Caffeine,hN2_NOG_NeuriteLength,30.0,uM,measured,45.298324,23.501462,67.095187,44.136667,3,3,-0.4722,-0.6452,0.173
Caffeine,hN2_NOG_NeuronCount,0.003,uM,measured,50.078817,31.42696,68.730675,46.05,3,3,-0.9799,-1.001,0.0211
Caffeine,hN2_NOG_NeuronCount,0.01,uM,measured,45.788168,26.721304,64.855032,42.356667,3,3,-1.3243,-1.2974,0.0269
Caffeine,hN2_NOG_NeuronCount,0.03,uM,measured,41.744967,21.991721,61.498214,32.34,3,3,-1.6487,-2.1012,0.4525
Caffeine,hN2_NOG_NeuronCount,0.1,uM,measured,41.827032,21.045905,62.608158,37.933333,3,3,-1.6421,-1.6523,0.0102
Caffeine,hN2_NOG_NeuronCount,1.0,uM,measured,43.222265,21.368289,65.076242,36.443333,3,3,-1.5302,-1.7719,0.2417
Caffeine,hN2_NOG_NeuronCount,3.0,uM,measured,38.351402,15.789153,60.913652,43.633333,3,3,-1.921,-1.1949,0.7261
Caffeine,hN2_NOG_NeuronCount,10.0,uM,measured,39.889958,15.757812,64.022104,30.283333,3,3,-1.7976,-2.2662,0.4686
Caffeine,hN2_NOG_NeuronCount,30.0,uM,measured,39.068719,15.540033,62.597406,37.013333,3,2,-1.8635,-1.7262,0.1373
Caffeine,hNP1_Caspase_Apop,0.003,uM,measured,129785.887448,115469.233063,144102.541833,130019.0,3,2,1.0449,0.4589,0.586
Caffeine,hNP1_Caspase_Apop,0.01,uM,measured,126936.126888,111149.764495,142722.489281,129550.333333,3,3,0.4961,0.3687,0.1274
Caffeine,hNP1_Caspase_Apop,0.03,uM,measured,128681.819169,112353.441824,145010.196514,131971.333333,3,1,0.8323,0.8349,0.0026
Caffeine,hNP1_Caspase_Apop,0.1,uM,measured,129961.831267,114982.338875,144941.32366,127864.333333,3,2,1.0788,0.044,1.0348
Caffeine,hNP1_Caspase_Apop,1.0,uM,measured,130870.319943,116395.436745,145345.20314,131629.0,3,3,1.2537,0.7689,0.4848
Caffeine,hNP1_Caspase_Apop,3.0,uM,measured,131432.7218,113854.406791,149011.03681,133032.333333,3,2,1.362,1.0392,0.3228
Caffeine,hNP1_Caspase_Apop,10.0,uM,measured,135300.520919,104538.664278,166062.37756,131321.0,3,3,2.1069,0.7096,1.3973
Caffeine,hNP1_Caspase_Apop,30.0,uM,measured,134736.338041,105079.677754,164392.998328,135509.666667,3,3,1.9982,1.5163,0.4819
Caffeine,hNP1_CellTiter_Lum,0.003,uM,measured,1955465.958713,1805731.401175,2105200.516252,1959666.666667,3,3,0.2105,-0.1388,0.3493
Caffeine,hNP1_CellTiter_Lum,0.01,uM,measured,1958757.419883,1796048.764349,2121466.075416,1947000.0,3,3,0.2959,-0.4673,0.7632
Caffeine,hNP1_CellTiter_Lum,0.03,uM,measured,1959113.46911,1794588.121118,2123638.817102,1928333.333333,3,3,0.3051,-0.9514,1.2565
Caffeine,hNP1_CellTiter_Lum,0.1,uM,measured,1960098.882643,1798214.909634,2121982.855652,1948333.333333,3,3,0.3307,-0.4327,0.7634
Caffeine,hNP1_CellTiter_Lum,1.0,uM,measured,1963299.820425,1797144.851833,2129454.789017,1943000.0,3,3,0.4137,-0.571,0.9847
Caffeine,hNP1_CellTiter_Lum,3.0,uM,measured,1950744.230332,1753423.043253,2148065.417411,1927666.666667,3,3,0.088,-0.9687,1.0567
Caffeine,hNP1_CellTiter_Lum,10.0,uM,measured,1983134.599281,1777626.486089,2188642.712474,1938000.0,3,3,0.9281,-0.7007,1.6288
Caffeine,hNP1_CellTiter_Lum,30.0,uM,measured,1891795.651623,1698251.954094,2085339.349153,1899666.666667,3,3,-1.4409,-1.6949,0.254
Caffeine,hNP1_Pro_MeanAvgInten,0.003,uM,measured,109.016283,61.877779,156.154786,104.89,3,3,0.5395,0.4661,0.0734
Caffeine,hNP1_Pro_MeanAvgInten,0.01,uM,measured,103.4237,55.850028,150.997372,95.946667,3,3,0.3253,0.1236,0.2017
Caffeine,hNP1_Pro_MeanAvgInten,0.03,uM,measured,108.072618,60.886341,155.258895,234.093333,3,1,0.5034,4.3959,3.8925
Caffeine,hNP1_Pro_MeanAvgInten,0.1,uM,measured,118.711715,70.767822,166.655608,116.553333,3,3,0.9109,0.9129,0.002
Caffeine,hNP1_Pro_MeanAvgInten,1.0,uM,measured,110.490953,52.426263,168.555642,113.353333,3,3,0.596,0.7903,0.1943
Caffeine,hNP1_Pro_MeanAvgInten,3.0,uM,measured,116.627478,58.490415,174.764541,98.86,3,3,0.831,0.2352,0.5958
Caffeine,hNP1_Pro_MeanAvgInten,10.0,uM,measured,107.579016,44.419813,170.73822,103.543333,3,3,0.4845,0.4146,0.0699
Caffeine,hNP1_Pro_MeanAvgInten,30.0,uM,measured,95.375278,37.827811,152.922745,90.426667,3,3,0.0171,-0.0878,0.1049
Caffeine,hNP1_Pro_ObjectCount,0.003,uM,measured,85.638975,47.379221,123.898729,113.75,3,3,0.1672,0.3313,0.1641
Caffeine,hNP1_Pro_ObjectCount,0.01,uM,measured,74.304282,35.736149,112.872415,103.433333,3,3,-0.1547,0.0383,0.193
Caffeine,hNP1_Pro_ObjectCount,0.03,uM,measured,73.614328,35.677465,111.551191,116.443333,3,2,-0.1743,0.4078,0.5821
Caffeine,hNP1_Pro_ObjectCount,0.1,uM,measured,66.922606,31.633181,102.21203,95.433333,3,3,-0.3643,-0.1889,0.1754
Caffeine,hNP1_Pro_ObjectCount,1.0,uM,measured,56.841077,20.446486,93.235669,88.193333,3,3,-0.6506,-0.3945,0.2561
Caffeine,hNP1_Pro_ObjectCount,3.0,uM,measured,55.041581,18.375439,91.707724,83.316667,3,1,-0.7017,-0.533,0.1687
Caffeine,hNP1_Pro_ObjectCount,10.0,uM,measured,51.468095,15.001638,87.934552,81.666667,3,1,-0.8032,-0.5798,0.2234
Caffeine,hNP1_Pro_ObjectCount,30.0,uM,measured,47.277433,14.215262,80.339605,84.75,3,2,-0.9222,-0.4923,0.4299
Caffeine,hNP1_Pro_ResponderAvgInten,0.003,uM,measured,39.01454,26.711912,51.317168,38.636667,3,3,0.1431,0.2949,0.1518
Caffeine,hNP1_Pro_ResponderAvgInten,0.01,uM,measured,37.441443,25.974329,48.908557,37.553333,3,3,-0.0724,0.1465,0.2189
Caffeine,hNP1_Pro_ResponderAvgInten,0.03,uM,measured,37.313075,26.233699,48.392451,44.803333,3,2,-0.09,1.1394,1.2294
Caffeine,hNP1_Pro_ResponderAvgInten,0.1,uM,measured,39.02589,27.270302,50.781478,40.226667,3,3,0.1446,0.5127,0.3681
Caffeine,hNP1_Pro_ResponderAvgInten,1.0,uM,measured,36.931483,25.274245,48.588721,40.01,3,3,-0.1422,0.483,0.6252
Caffeine,hNP1_Pro_ResponderAvgInten,3.0,uM,measured,36.799124,25.736604,47.861643,39.02,3,3,-0.1604,0.3474,0.5078
Caffeine,hNP1_Pro_ResponderAvgInten,10.0,uM,measured,35.503639,19.825092,51.182186,36.6,3,3,-0.3378,0.016,0.3538
Caffeine,hNP1_Pro_ResponderAvgInten,30.0,uM,measured,36.684583,21.640755,51.728411,37.806667,3,3,-0.176,0.1812,0.3572
Chlorpyrifos,hN2_NOG_BPCount,0.003,uM,measured,0.518048,0.262304,0.773792,0.46,3,2,-0.4606,-0.8431,0.3825
Chlorpyrifos,hN2_NOG_BPCount,0.01,uM,measured,0.527625,0.256989,0.798261,0.613333,3,3,-0.4068,0.0187,0.4255
Chlorpyrifos,hN2_NOG_BPCount,0.03,uM,measured,0.573329,0.265864,0.880793,0.503333,3,3,-0.1499,-0.5995,0.4496
Chlorpyrifos,hN2_NOG_BPCount,0.1,uM,measured,0.577704,0.29121,0.864197,0.52,3,3,-0.1253,-0.5059,0.3806
Chlorpyrifos,hN2_NOG_BPCount,1.0,uM,measured,0.531535,0.199965,0.863105,0.653333,3,3,-0.3848,0.2436,0.6284
Chlorpyrifos,hN2_NOG_BPCount,3.0,uM,measured,0.47019,0.131906,0.808475,0.56,3,3,-0.7296,-0.281,0.4486
Chlorpyrifos,hN2_NOG_BPCount,10.0,uM,measured,0.253943,-0.135032,0.642917,0.626667,3,2,-1.9451,0.0937,2.0388
Chlorpyrifos,hN2_NOG_BPCount,30.0,uM,measured,-0.051759,-0.440548,0.33703,0.18,3,3,-3.6634,-2.4169,1.2465
Chlorpyrifos,hN2_NOG_NeuriteCount,0.003,uM,measured,1.891493,1.373052,2.409934,1.7,3,3,0.7512,-0.2481,0.9993
Chlorpyrifos,hN2_NOG_NeuriteCount,0.01,uM,measured,1.707316,1.440779,1.973853,1.75,3,3,-0.1055,-0.0155,0.09
Chlorpyrifos,hN2_NOG_NeuriteCount,0.03,uM,measured,1.716742,1.421879,2.011606,1.75,3,3,-0.0617,-0.0155,0.0462
Chlorpyrifos,hN2_NOG_NeuriteCount,0.1,uM,measured,1.774195,1.46189,2.086501,1.726667,3,3,0.2056,-0.124,0.3296
Chlorpyrifos,hN2_NOG_NeuriteCount,1.0,uM,measured,1.686132,1.369099,2.003164,1.736667,3,3,-0.2041,-0.0775,0.1266
Chlorpyrifos,hN2_NOG_NeuriteCount,3.0,uM,measured,1.664772,0.715315,2.614229,1.536667,3,3,-0.3034,-1.0079,0.7045
Chlorpyrifos,hN2_NOG_NeuriteCount,10.0,uM,measured,1.133012,-0.095571,2.361595,1.753333,3,3,-2.777,0.0,2.777
Chlorpyrifos,hN2_NOG_NeuriteCount,30.0,uM,measured,0.976927,-0.275612,2.229466,0.843333,3,3,-3.503,-4.233,0.73
Chlorpyrifos,hN2_NOG_NeuriteLength,0.003,uM,measured,81.369999,57.391459,105.348539,75.436667,3,3,0.1566,-0.1696,0.3262
Chlorpyrifos,hN2_NOG_NeuriteLength,0.01,uM,measured,81.795811,58.393167,105.198455,80.366667,3,3,0.19,0.2172,0.0272
Chlorpyrifos,hN2_NOG_NeuriteLength,0.03,uM,measured,79.685682,57.000174,102.371189,79.603333,3,3,0.0244,0.1573,0.1329
Chlorpyrifos,hN2_NOG_NeuriteLength,0.1,uM,measured,79.875133,58.140508,101.609758,74.75,3,3,0.0392,-0.2235,0.2627
Chlorpyrifos,hN2_NOG_NeuriteLength,1.0,uM,measured,72.842915,46.965948,98.719881,79.03,3,3,-0.5126,0.1123,0.6249
Chlorpyrifos,hN2_NOG_NeuriteLength,3.0,uM,measured,67.023426,28.474529,105.572324,67.426667,3,3,-0.9693,-0.7982,0.1711
Chlorpyrifos,hN2_NOG_NeuriteLength,10.0,uM,measured,51.926574,3.792752,100.060396,78.766667,3,3,-2.154,0.0917,2.2457
Chlorpyrifos,hN2_NOG_NeuriteLength,30.0,uM,measured,33.733325,-14.932206,82.398856,29.95,3,3,-3.5817,-3.7392,0.1575
Chlorpyrifos,hN2_NOG_NeuronCount,0.003,uM,measured,14.8797,-11.075439,40.83484,23.146667,3,3,-0.7351,-0.1581,0.577
Chlorpyrifos,hN2_NOG_NeuronCount,0.01,uM,measured,17.202496,-7.894792,42.299784,17.5,3,3,-0.5487,-0.6112,0.0625
Chlorpyrifos,hN2_NOG_NeuronCount,0.03,uM,measured,15.498789,-8.61562,39.613199,15.266667,3,3,-0.6854,-0.7905,0.1051
Chlorpyrifos,hN2_NOG_NeuronCount,0.1,uM,measured,19.650435,-3.859248,43.160117,20.66,3,3,-0.3523,-0.3576,0.0053
Chlorpyrifos,hN2_NOG_NeuronCount,1.0,uM,measured,17.552274,-6.354458,41.459005,21.69,3,3,-0.5206,-0.275,0.2456
Chlorpyrifos,hN2_NOG_NeuronCount,3.0,uM,measured,9.593698,-15.891749,35.079145,20.133333,3,3,-1.1593,-0.3999,0.7594
Chlorpyrifos,hN2_NOG_NeuronCount,10.0,uM,measured,12.454575,-13.282362,38.191512,17.093333,3,3,-0.9297,-0.6439,0.2858
Chlorpyrifos,hN2_NOG_NeuronCount,30.0,uM,measured,11.220617,-15.119237,37.56047,5.066667,3,3,-1.0287,-1.609,0.5803
Chlorpyrifos,hNP1_Caspase_Apop,0.003,uM,measured,29204.664981,20401.161613,38008.168349,24917.5,3,3,0.3213,-0.2977,0.619
Chlorpyrifos,hNP1_Caspase_Apop,0.01,uM,measured,28289.864855,17947.668174,38632.061535,25989.5,3,3,0.1452,-0.0912,0.2364
Chlorpyrifos,hNP1_Caspase_Apop,0.03,uM,measured,29057.656507,17278.854532,40836.458481,27954.166667,3,3,0.293,0.2871,0.0059
Chlorpyrifos,hNP1_Caspase_Apop,0.1,uM,measured,31311.446172,20043.162956,42579.729389,33144.166667,3,2,0.7271,1.2866,0.5595
Chlorpyrifos,hNP1_Caspase_Apop,1.0,uM,measured,34117.819289,25063.381636,43172.256942,29424.833333,3,2,1.2675,0.5703,0.6972
Chlorpyrifos,hNP1_Caspase_Apop,3.0,uM,measured,34988.835198,25969.892193,44007.778202,26589.5,3,2,1.4352,0.0243,1.4109
Chlorpyrifos,hNP1_Caspase_Apop,10.0,uM,measured,34142.706468,14416.279973,53869.132963,26574.5,3,3,1.2723,0.0214,1.2509
Chlorpyrifos,hNP1_Caspase_Apop,30.0,uM,measured,36455.016841,14433.833158,58476.200524,25784.166667,3,3,1.7176,-0.1308,1.8484
Chlorpyrifos,hNP1_Pro_MeanAvgInten,0.003,uM,measured,118.197232,67.088938,169.305526,98.636667,3,3,0.5281,-0.0294,0.5575
Chlorpyrifos,hNP1_Pro_MeanAvgInten,0.01,uM,measured,110.553187,58.815612,162.290761,85.826667,3,3,0.2353,-0.52,0.7553
Chlorpyrifos,hNP1_Pro_MeanAvgInten,0.03,uM,measured,119.883989,69.443764,170.324214,102.253333,3,3,0.5927,0.1092,0.4835
Chlorpyrifos,hNP1_Pro_MeanAvgInten,0.1,uM,measured,104.063453,54.679589,153.447318,96.65,3,3,-0.0133,-0.1055,0.0922
Chlorpyrifos,hNP1_Pro_MeanAvgInten,1.0,uM,measured,112.899412,50.276038,175.522786,102.006667,3,3,0.3252,0.0997,0.2255
Chlorpyrifos,hNP1_Pro_MeanAvgInten,3.0,uM,measured,109.982778,38.01095,181.954606,78.636667,3,3,0.2134,-0.7954,1.0088
Chlorpyrifos,hNP1_Pro_MeanAvgInten,10.0,uM,measured,88.663873,2.575307,174.752438,107.89,3,3,-0.6031,0.3251,0.9282
Chlorpyrifos,hNP1_Pro_MeanAvgInten,30.0,uM,measured,71.718455,-13.621107,157.058017,64.38,3,3,-1.2521,-1.3414,0.0893
Chlorpyrifos,hNP1_Pro_ObjectCount,0.003,uM,measured,110.125288,48.558645,171.69193,103.943333,3,3,0.1953,-0.0324,0.2277
Chlorpyrifos,hNP1_Pro_ObjectCount,0.01,uM,measured,99.557403,34.232168,164.882637,150.916667,3,2,-0.1049,1.3016,1.4065
Chlorpyrifos,hNP1_Pro_ObjectCount,0.03,uM,measured,110.877001,46.308263,175.44574,107.533333,3,3,0.2166,0.0696,0.147
Chlorpyrifos,hNP1_Pro_ObjectCount,0.1,uM,measured,115.012717,47.073661,182.951773,122.5,3,3,0.3341,0.4946,0.1605
Chlorpyrifos,hNP1_Pro_ObjectCount,1.0,uM,measured,115.098769,45.558099,184.639438,117.89,3,3,0.3365,0.3637,0.0272
Chlorpyrifos,hNP1_Pro_ObjectCount,3.0,uM,measured,106.617717,42.157424,171.078011,124.996667,3,3,0.0956,0.5655,0.4699
Chlorpyrifos,hNP1_Pro_ObjectCount,10.0,uM,measured,85.441664,11.125412,159.757916,133.166667,3,3,-0.5057,0.7976,1.3033
Chlorpyrifos,hNP1_Pro_ObjectCount,30.0,uM,measured,38.060532,-35.001329,111.122393,73.976667,3,2,-1.8514,-0.8834,0.968
Chlorpyrifos,hNP1_Pro_ResponderAvgInten,0.003,uM,measured,41.066687,28.785197,53.348176,36.976667,3,3,0.1324,-0.4008,0.5332
Chlorpyrifos,hNP1_Pro_ResponderAvgInten,0.01,uM,measured,38.600473,27.342255,49.85869,35.5,3,3,-0.2054,-0.603,0.3976
Chlorpyrifos,hNP1_Pro_ResponderAvgInten,0.03,uM,measured,40.30529,30.357542,50.253038,41.043333,3,3,0.0281,0.1561,0.128
Chlorpyrifos,hNP1_Pro_ResponderAvgInten,0.1,uM,measured,39.769386,28.419936,51.118835,33.303333,3,3,-0.0453,-0.9039,0.8586
Chlorpyrifos,hNP1_Pro_ResponderAvgInten,1.0,uM,measured,38.727353,22.767604,54.687103,38.823333,3,3,-0.188,-0.1479,0.0401
Chlorpyrifos,hNP1_Pro_ResponderAvgInten,3.0,uM,measured,38.846931,18.933594,58.760268,32.396667,3,3,-0.1716,-1.0281,0.8565
Chlorpyrifos,hNP1_Pro_ResponderAvgInten,10.0,uM,measured,37.661556,16.138495,59.184616,39.66,3,3,-0.334,-0.0333,0.3007
Chlorpyrifos,hNP1_Pro_ResponderAvgInten,30.0,uM,measured,20.240745,-2.186405,42.667895,31.44,3,3,-2.7198,-1.1591,1.5607
Dexamethasone,hN2_NOG_BPCount,0.003,uM,measured,0.537536,0.246835,0.828237,0.46,3,3,-0.3511,-0.8431,0.492
Dexamethasone,hN2_NOG_BPCount,0.01,uM,measured,0.519573,0.232355,0.806791,0.47,3,3,-0.4521,-0.7869,0.3348
Dexamethasone,hN2_NOG_BPCount,0.03,uM,measured,0.527452,0.226662,0.828242,0.496667,3,3,-0.4078,-0.637,0.2292
Dexamethasone,hN2_NOG_BPCount,0.1,uM,measured,0.534066,0.247175,0.820956,0.59,3,3,-0.3706,-0.1124,0.2582
Dexamethasone,hN2_NOG_BPCount,1.0,uM,measured,0.571381,0.209001,0.933762,0.746667,3,3,-0.1609,0.7682,0.9291
Dexamethasone,hN2_NOG_BPCount,3.0,uM,measured,0.526653,0.143868,0.909438,0.656667,3,3,-0.4123,0.2623,0.6746
Dexamethasone,hN2_NOG_BPCount,10.0,uM,measured,0.515249,0.123412,0.907086,0.68,3,3,-0.4764,0.3935,0.8699
Dexamethasone,hN2_NOG_BPCount,30.0,uM,measured,0.48557,0.091422,0.879718,0.553333,3,3,-0.6432,-0.3185,0.3247
Dexamethasone,hN2_NOG_NeuriteCount,0.003,uM,measured,1.63677,1.260121,2.01342,1.706667,3,3,-0.4337,-0.2171,0.2166
Dexamethasone,hN2_NOG_NeuriteCount,0.01,uM,measured,1.595233,1.310536,1.879929,1.69,3,2,-0.6269,-0.2946,0.3323
Dexamethasone,hN2_NOG_NeuriteCount,0.03,uM,measured,1.637683,1.346809,1.928557,1.55,3,2,-0.4294,-0.9458,0.5164
Dexamethasone,hN2_NOG_NeuriteCount,0.1,uM,measured,1.643255,1.318057,1.968452,1.763333,3,3,-0.4035,0.0465,0.45
Dexamethasone,hN2_NOG_NeuriteCount,1.0,uM,measured,1.621509,1.34033,1.902688,1.85,3,2,-0.5047,0.4497,0.9544
Dexamethasone,hN2_NOG_NeuriteCount,3.0,uM,measured,1.692908,1.454683,1.931134,1.813333,3,3,-0.1725,0.2791,0.4516
Dexamethasone,hN2_NOG_NeuriteCount,10.0,uM,measured,1.70938,1.187528,2.231232,1.7,3,3,-0.0959,-0.2481,0.1522
Dexamethasone,hN2_NOG_NeuriteCount,30.0,uM,measured,1.637384,1.014777,2.25999,1.733333,3,3,-0.4308,-0.093,0.3378
Dexamethasone,hN2_NOG_NeuriteLength,0.003,uM,measured,78.450076,55.547271,101.352882,76.873333,3,2,-0.0726,-0.0569,0.0157
Dexamethasone,hN2_NOG_NeuriteLength,0.01,uM,measured,78.890711,55.886966,101.894455,72.926667,3,2,-0.038,-0.3666,0.3286
Dexamethasone,hN2_NOG_NeuriteLength,0.03,uM,measured,85.053303,62.126229,107.980376,72.533333,3,2,0.4456,-0.3975,0.8431
Dexamethasone,hN2_NOG_NeuriteLength,0.1,uM,measured,81.361527,56.955402,105.767651,76.566667,3,3,0.1559,-0.081,0.2369
Dexamethasone,hN2_NOG_NeuriteLength,1.0,uM,measured,80.899389,54.437457,107.361321,85.833333,3,3,0.1196,0.6462,0.5266
Dexamethasone,hN2_NOG_NeuriteLength,3.0,uM,measured,82.49091,55.797463,109.184358,81.28,3,3,0.2445,0.2889,0.0444
Dexamethasone,hN2_NOG_NeuriteLength,10.0,uM,measured,82.302335,50.800893,113.803778,81.083333,3,3,0.2297,0.2735,0.0438
Dexamethasone,hN2_NOG_NeuriteLength,30.0,uM,measured,83.118298,49.572325,116.664272,76.286667,3,3,0.2938,-0.1029,0.3967
Dexamethasone,hN2_NOG_NeuronCount,0.003,uM,measured,16.922516,0.408895,33.436136,21.05,3,3,-0.5712,-0.3263,0.2449
Dexamethasone,hN2_NOG_NeuronCount,0.01,uM,measured,17.349047,0.762822,33.935273,18.676667,3,3,-0.5369,-0.5168,0.0201
Dexamethasone,hN2_NOG_NeuronCount,0.03,uM,measured,14.138622,-2.320143,30.597387,16.266667,3,2,-0.7946,-0.7102,0.0844
Dexamethasone,hN2_NOG_NeuronCount,0.1,uM,measured,14.432292,-1.384537,30.249121,28.793333,3,2,-0.771,0.295,1.066
Dexamethasone,hN2_NOG_NeuronCount,1.0,uM,measured,19.849617,4.917504,34.78173,26.456667,3,3,-0.3363,0.1075,0.4438
Dexamethasone,hN2_NOG_NeuronCount,3.0,uM,measured,16.832791,1.594094,32.071487,27.9,3,2,-0.5784,0.2234,0.8018
Dexamethasone,hN2_NOG_NeuronCount,10.0,uM,measured,14.670658,-2.479578,31.820894,17.26,3,3,-0.7519,-0.6305,0.1214
Dexamethasone,hN2_NOG_NeuronCount,30.0,uM,measured,14.923156,-1.944273,31.790584,20.363333,3,3,-0.7316,-0.3814,0.3502
Dexamethasone,hNP1_Caspase_Apop,0.003,uM,measured,27348.821543,22942.980307,31754.662778,24113.5,3,3,-0.036,-0.4525,0.4165
Dexamethasone,hNP1_Caspase_Apop,0.01,uM,measured,27935.859702,24005.124142,31866.595262,25471.833333,3,2,0.077,-0.1909,0.2679
Dexamethasone,hNP1_Caspase_Apop,0.03,uM,measured,28547.013706,24794.981565,32299.045848,26534.166667,3,3,0.1947,0.0137,0.181
Dexamethasone,hNP1_Caspase_Apop,0.1,uM,measured,28797.638535,24656.923313,32938.353758,28278.5,3,1,0.243,0.3496,0.1066
Dexamethasone,hNP1_Caspase_Apop,1.0,uM,measured,31382.454078,27883.729935,34881.178221,26331.5,3,2,0.7407,-0.0254,0.7661
Dexamethasone,hNP1_Caspase_Apop,3.0,uM,measured,28594.878524,26734.333167,30455.423881,25699.5,3,2,0.2039,-0.1471,0.351
Dexamethasone,hNP1_Caspase_Apop,10.0,uM,measured,28031.701048,19618.357678,36445.044418,25058.833333,3,3,0.0955,-0.2704,0.3659
Dexamethasone,hNP1_Caspase_Apop,30.0,uM,measured,27685.610408,18412.170803,36959.050013,25602.5,3,3,0.0288,-0.1657,0.1945
Dexamethasone,hNP1_Pro_MeanAvgInten,0.003,uM,measured,88.317584,43.406983,133.228185,96.526667,3,3,-0.6164,-0.1102,0.5062
Dexamethasone,hNP1_Pro_MeanAvgInten,0.01,uM,measured,79.007992,36.340131,121.675853,83.776667,3,3,-0.9729,-0.5985,0.3744
Dexamethasone,hNP1_Pro_MeanAvgInten,0.03,uM,measured,79.911239,37.907547,121.91493,101.663333,3,2,-0.9383,0.0866,1.0249
Dexamethasone,hNP1_Pro_MeanAvgInten,0.1,uM,measured,84.477105,40.44995,128.50426,82.88,3,3,-0.7635,-0.6329,0.1306
Dexamethasone,hNP1_Pro_MeanAvgInten,1.0,uM,measured,77.615786,26.482783,128.748789,69.583333,3,3,-1.0263,-1.1422,0.1159
Dexamethasone,hNP1_Pro_MeanAvgInten,3.0,uM,measured,74.36451,24.61512,124.1139,101.806667,3,3,-1.1508,0.0921,1.2429
Dexamethasone,hNP1_Pro_MeanAvgInten,10.0,uM,measured,78.368739,21.114642,135.622836,93.21,3,3,-0.9974,-0.2372,0.7602
Dexamethasone,hNP1_Pro_MeanAvgInten,30.0,uM,measured,86.647459,28.691677,144.603242,100.18,3,3,-0.6803,0.0297,0.71
Dexamethasone,hNP1_Pro_ObjectCount,0.003,uM,measured,129.566754,73.402914,185.730594,122.666667,3,3,0.7474,0.4994,0.248
Dexamethasone,hNP1_Pro_ObjectCount,0.01,uM,measured,124.890318,72.697974,177.082662,124.22,3,3,0.6146,0.5435,0.0711
Dexamethasone,hNP1_Pro_ObjectCount,0.03,uM,measured,124.972428,74.726867,175.217988,144.916667,3,2,0.6169,1.1313,0.5144
Dexamethasone,hNP1_Pro_ObjectCount,0.1,uM,measured,124.350642,66.648202,182.053082,127.806667,3,3,0.5993,0.6453,0.046
Dexamethasone,hNP1_Pro_ObjectCount,1.0,uM,measured,118.789151,61.434325,176.143977,137.833333,3,3,0.4413,0.9301,0.4888
Dexamethasone,hNP1_Pro_ObjectCount,3.0,uM,measured,120.877514,63.599736,178.155292,117.333333,3,3,0.5006,0.3479,0.1527
Dexamethasone,hNP1_Pro_ObjectCount,10.0,uM,measured,115.12652,55.92064,174.3324,144.056667,3,2,0.3373,1.1068,0.7695
Dexamethasone,hNP1_Pro_ObjectCount,30.0,uM,measured,107.651673,47.333615,167.969731,141.306667,3,2,0.125,1.0287,0.9037
Dexamethasone,hNP1_Pro_ResponderAvgInten,0.003,uM,measured,35.744613,24.409062,47.080164,39.84,3,3,-0.5965,-0.0087,0.5878
Dexamethasone,hNP1_Pro_ResponderAvgInten,0.01,uM,measured,29.136962,18.81333,39.460593,33.28,3,3,-1.5014,-0.9071,0.5943
Dexamethasone,hNP1_Pro_ResponderAvgInten,0.03,uM,measured,34.231595,24.132109,44.33108,37.84,3,3,-0.8037,-0.2826,0.5211
Dexamethasone,hNP1_Pro_ResponderAvgInten,0.1,uM,measured,30.934474,20.229617,41.639331,33.646667,3,3,-1.2552,-0.8569,0.3983
Dexamethasone,hNP1_Pro_ResponderAvgInten,1.0,uM,measured,39.977989,28.428145,51.527834,27.32,3,1,-0.0167,-1.7233,1.7066
Dexamethasone,hNP1_Pro_ResponderAvgInten,3.0,uM,measured,38.463443,28.110554,48.816333,37.586667,3,3,-0.2241,-0.3173,0.0932
Dexamethasone,hNP1_Pro_ResponderAvgInten,10.0,uM,measured,37.733292,23.398367,52.068217,36.383333,3,3,-0.3241,-0.4821,0.158
Dexamethasone,hNP1_Pro_ResponderAvgInten,30.0,uM,measured,37.218519,24.307009,50.130029,34.693333,3,3,-0.3946,-0.7135,0.3189
Diazinon,hNP1_Caspase_Apop,0.003,uM,measured,53084.96308,35097.840156,71072.086003,53124.0,3,3,0.1879,0.3667,0.1788
Diazinon,hNP1_Caspase_Apop,0.01,uM,measured,53003.139519,33292.820302,72713.458735,54693.0,3,3,0.1722,0.6688,0.4966
Diazinon,hNP1_Caspase_Apop,0.03,uM,measured,53365.189724,32813.216977,73917.16247,52728.666667,3,3,0.2419,0.2905,0.0486
Diazinon,hNP1_Caspase_Apop,0.1,uM,measured,55484.414853,36652.041317,74316.788388,53724.333333,3,3,0.65,0.4823,0.1677
Diazinon,hNP1_Caspase_Apop,1.0,uM,measured,58059.070915,39423.975426,76694.166404,54012.333333,3,3,1.1458,0.5377,0.6081
Diazinon,hNP1_Caspase_Apop,3.0,uM,measured,58817.443044,37149.732806,80485.153281,55532.666667,3,3,1.2919,0.8305,0.4614
Diazinon,hNP1_Caspase_Apop,10.0,uM,measured,59276.069221,26022.262905,92529.875536,57482.0,3,3,1.3802,1.2059,0.1743
Diazinon,hNP1_Caspase_Apop,30.0,uM,measured,62163.733086,27520.971996,96806.494177,63276.333333,3,3,1.9363,2.3217,0.3854
Diazinon,hNP1_CellTiter_Lum,0.003,uM,measured,659570.566447,533798.921726,785342.211168,670770.333333,3,3,-0.2419,-0.0198,0.2221
Diazinon,hNP1_CellTiter_Lum,0.01,uM,measured,675854.143611,532938.781062,818769.50616,696769.0,3,3,0.1804,0.6546,0.4742
Diazinon,hNP1_CellTiter_Lum,0.03,uM,measured,693836.945432,559214.983376,828458.907488,702474.333333,3,3,0.6468,0.8025,0.1557
Diazinon,hNP1_CellTiter_Lum,0.1,uM,measured,706920.383169,574782.105309,839058.66103,735121.666667,3,2,0.9862,1.6493,0.6631
Diazinon,hNP1_CellTiter_Lum,1.0,uM,measured,704583.372424,565801.839906,843364.904943,712513.333333,3,2,0.9256,1.0629,0.1373
Diazinon,hNP1_CellTiter_Lum,3.0,uM,measured,697565.07893,536483.188605,858646.969255,734568.666667,3,2,0.7435,1.6349,0.8914
Diazinon,hNP1_CellTiter_Lum,10.0,uM,measured,677805.2003,478628.874974,876981.525625,718279.666667,3,3,0.231,1.2125,0.9815
Diazinon,hNP1_CellTiter_Lum,30.0,uM,measured,628587.74325,439960.269351,817215.217149,678954.666667,3,3,-1.0455,0.1925,1.238
Dicrotophos,hNP1_Caspase_Apop,0.003,uM,measured,55565.293665,39625.526961,71505.06037,55941.333333,3,3,0.6656,0.9092,0.2436
Dicrotophos,hNP1_Caspase_Apop,0.01,uM,measured,53973.711067,36985.78003,70961.642104,54555.333333,3,3,0.3591,0.6423,0.2832
Dicrotophos,hNP1_Caspase_Apop,0.03,uM,measured,57367.27751,39685.516555,75049.038464,55287.666667,3,3,1.0126,0.7833,0.2293
Dicrotophos,hNP1_Caspase_Apop,0.1,uM,measured,59316.285049,42865.026211,75767.543888,60216.0,3,3,1.3879,1.7324,0.3445
Dicrotophos,hNP1_Caspase_Apop,1.0,uM,measured,60524.026018,43646.539281,77401.512755,61992.0,3,2,1.6205,2.0744,0.4539
Dicrotophos,hNP1_Caspase_Apop,3.0,uM,measured,62191.275482,42026.873227,82355.677737,62700.333333,3,3,1.9416,2.2108,0.2692
Dicrotophos,hNP1_Caspase_Apop,10.0,uM,measured,60477.635701,27931.231066,93024.040336,61251.666667,3,3,1.6116,1.9318,0.3202
Dicrotophos,hNP1_Caspase_Apop,30.0,uM,measured,62148.131435,29710.594285,94585.668586,59399.666667,3,3,1.9333,1.5752,0.3581
Dicrotophos,hNP1_CellTiter_Lum,0.003,uM,measured,660308.327691,510397.761012,810218.894369,677823.666667,3,3,-0.2228,0.1632,0.386
Dicrotophos,hNP1_CellTiter_Lum,0.01,uM,measured,657053.774274,501831.995122,812275.553427,712114.0,3,3,-0.3072,1.0526,1.3598
Dicrotophos,hNP1_CellTiter_Lum,0.03,uM,measured,659021.787933,494059.010814,823984.565052,680772.333333,3,3,-0.2562,0.2397,0.4959
Dicrotophos,hNP1_CellTiter_Lum,0.1,uM,measured,671111.281294,525665.671142,816556.891445,693867.0,3,3,0.0574,0.5793,0.5219
Dicrotophos,hNP1_CellTiter_Lum,1.0,uM,measured,672881.568571,514912.069564,830851.067577,689854.0,3,3,0.1033,0.4752,0.3719
Dicrotophos,hNP1_CellTiter_Lum,3.0,uM,measured,666414.391359,459883.713772,872945.068946,584896.666667,3,3,-0.0644,-2.247,2.1826
Dicrotophos,hNP1_CellTiter_Lum,10.0,uM,measured,663527.457583,455571.921384,871482.993781,708739.666667,3,3,-0.1393,0.965,1.1043
Dicrotophos,hNP1_CellTiter_Lum,30.0,uM,measured,652469.460857,454392.843462,850546.078252,658284.333333,3,3,-0.4261,-0.3436,0.0825
Dieldrin,hN2_NOG_BPCount,0.003,uM,measured,0.842992,0.570937,1.115047,0.59,3,1,0.4103,-0.8806,1.2909
Dieldrin,hN2_NOG_BPCount,0.01,uM,measured,0.859188,0.591063,1.127313,0.85,3,1,0.5013,0.5808,0.0795
Dieldrin,hN2_NOG_BPCount,0.03,uM,measured,0.878678,0.596302,1.161055,0.43,3,0,0.6109,-1.7799,2.3908
Dieldrin,hN2_NOG_BPCount,0.1,uM,measured,0.856567,0.57764,1.135493,0.67,3,2,0.4866,-0.4309,0.9175
Dieldrin,hN2_NOG_BPCount,1.0,uM,measured,0.817404,0.447355,1.187453,0.62,3,3,0.2664,-0.712,0.9784
Dieldrin,hN2_NOG_BPCount,3.0,uM,measured,0.74467,0.381049,1.10829,0.556667,3,3,-0.1424,-1.0679,0.9255
Dieldrin,hN2_NOG_BPCount,10.0,uM,measured,0.464723,0.049153,0.880292,0.44,3,3,-1.7159,-1.7237,0.0078
Dieldrin,hN2_NOG_BPCount,30.0,uM,measured,0.154083,-0.267736,0.575903,0.166667,3,3,-3.4619,-3.26,0.2019
Dieldrin,hN2_NOG_NeuriteCount,0.003,uM,measured,1.739238,1.377447,2.10103,1.756667,3,3,0.136,0.1395,0.0035
Dieldrin,hN2_NOG_NeuriteCount,0.01,uM,measured,1.724731,1.356896,2.092565,1.836667,3,3,0.0685,0.5117,0.4432
Dieldrin,hN2_NOG_NeuriteCount,0.03,uM,measured,1.726636,1.357239,2.096034,1.556667,3,3,0.0774,-0.7908,0.8682
Dieldrin,hN2_NOG_NeuriteCount,0.1,uM,measured,1.743036,1.365669,2.120404,1.673333,3,3,0.1537,-0.2481,0.4018
Dieldrin,hN2_NOG_NeuriteCount,1.0,uM,measured,1.631295,1.179585,2.083005,1.686667,3,3,-0.3661,-0.1861,0.18
Dieldrin,hN2_NOG_NeuriteCount,3.0,uM,measured,1.567726,1.134812,2.000639,1.54,3,3,-0.6618,-0.8683,0.2065
Dieldrin,hN2_NOG_NeuriteCount,10.0,uM,measured,1.422915,0.445501,2.400329,1.45,3,3,-1.3354,-1.287,0.0484
Dieldrin,hN2_NOG_NeuriteCount,30.0,uM,measured,0.973653,-0.292867,2.240172,0.973333,3,3,-3.4252,-3.5043,0.0791
Dieldrin,hN2_NOG_NeuriteLength,0.003,uM,measured,79.789499,60.754845,98.824153,70.756667,3,3,0.1118,-0.4451,0.5569
Dieldrin,hN2_NOG_NeuriteLength,0.01,uM,measured,78.552598,60.255878,96.849319,76.8,3,3,0.0147,0.0292,0.0145
Dieldrin,hN2_NOG_NeuriteLength,0.03,uM,measured,76.947928,57.965727,95.930128,56.476667,3,1,-0.1112,-1.5657,1.4545
Dieldrin,hN2_NOG_NeuriteLength,0.1,uM,measured,77.595538,57.071139,98.119937,67.663333,3,3,-0.0604,-0.6878,0.6274
Dieldrin,hN2_NOG_NeuriteLength,1.0,uM,measured,73.557677,53.243226,93.872128,61.056667,3,2,-0.3773,-1.2063,0.829
Dieldrin,hN2_NOG_NeuriteLength,3.0,uM,measured,68.737239,45.643974,91.830503,58.283333,3,3,-0.7555,-1.4239,0.6684
Dieldrin,hN2_NOG_NeuriteLength,10.0,uM,measured,56.151167,15.682759,96.619574,54.963333,3,3,-1.7432,-1.6845,0.0587
Dieldrin,hN2_NOG_NeuriteLength,30.0,uM,measured,40.653406,-7.672944,88.979757,34.273333,3,3,-2.9594,-3.3081,0.3487
Dieldrin,hN2_NOG_NeuronCount,0.003,uM,measured,58.049992,30.004504,86.09548,35.423333,3,3,-0.8017,-1.9372,1.1355
Dieldrin,hN2_NOG_NeuronCount,0.01,uM,measured,61.474183,34.883468,88.064898,57.026667,3,3,-0.5269,-0.2036,0.3233
Dieldrin,hN2_NOG_NeuronCount,0.03,uM,measured,71.724438,47.391973,96.056902,43.553333,3,2,0.2957,-1.2848,1.5805
Dieldrin,hN2_NOG_NeuronCount,0.1,uM,measured,77.319517,51.013334,103.625701,39.996667,3,2,0.7447,-1.5702,2.3149
Dieldrin,hN2_NOG_NeuronCount,1.0,uM,measured,65.759164,37.357015,94.161312,62.583333,3,3,-0.183,0.2424,0.4254
Dieldrin,hN2_NOG_NeuronCount,3.0,uM,measured,51.233986,20.001116,82.466856,50.413333,3,3,-1.3487,-0.7343,0.6144
Dieldrin,hN2_NOG_NeuronCount,10.0,uM,measured,46.76868,13.06315,80.47421,38.313333,3,3,-1.707,-1.7053,0.0017
Dieldrin,hN2_NOG_NeuronCount,30.0,uM,measured,33.538087,0.266883,66.80929,35.7,3,3,-2.7687,-1.915,0.8537
Dieldrin,hNP1_Caspase_Apop,0.003,uM,measured,9997.033246,5138.636675,14855.429818,10158.833333,3,3,-0.0858,-0.0263,0.0595
Dieldrin,hNP1_Caspase_Apop,0.01,uM,measured,9514.296197,4864.005671,14164.586723,10666.5,3,3,-0.1787,0.0714,0.2501
Dieldrin,hNP1_Caspase_Apop,0.03,uM,measured,10041.386291,5477.963346,14604.809235,10430.833333,3,3,-0.0772,0.0261,0.1033
Dieldrin,hNP1_Caspase_Apop,0.1,uM,measured,12705.882713,7897.350694,17514.414731,10775.833333,3,3,0.4359,0.0925,0.3434
Dieldrin,hNP1_Caspase_Apop,1.0,uM,measured,13500.900332,7218.491503,19783.309161,10951.166667,3,3,0.589,0.1263,0.4627
Dieldrin,hNP1_Caspase_Apop,3.0,uM,measured,11663.829119,6302.899197,17024.759042,10468.166667,3,3,0.2352,0.0333,0.2019
Dieldrin,hNP1_Caspase_Apop,10.0,uM,measured,16634.332809,4457.469197,28811.196421,12340.833333,3,3,1.1924,0.3939,0.7985
Dieldrin,hNP1_Caspase_Apop,30.0,uM,measured,21547.559589,7313.099065,35782.020113,21469.833333,3,3,2.1385,2.1519,0.0134
Dieldrin,hNP1_Pro_MeanAvgInten,0.003,uM,measured,157.631014,91.997626,223.264402,153.95,3,3,1.3766,1.4873,0.1107
Dieldrin,hNP1_Pro_MeanAvgInten,0.01,uM,measured,159.376765,86.827081,231.926449,145.196667,3,3,1.4435,1.152,0.2915
Dieldrin,hNP1_Pro_MeanAvgInten,0.03,uM,measured,160.953849,85.885337,236.02236,131.323333,3,3,1.5039,0.6206,0.8833
Dieldrin,hNP1_Pro_MeanAvgInten,0.1,uM,measured,136.826468,65.194128,208.458808,153.993333,3,3,0.5798,1.4889,0.9091
Dieldrin,hNP1_Pro_MeanAvgInten,1.0,uM,measured,140.579697,64.979161,216.180233,167.413333,3,3,0.7235,2.0029,1.2794
Dieldrin,hNP1_Pro_MeanAvgInten,3.0,uM,measured,115.31446,44.007024,186.621896,174.986667,3,1,-0.2442,2.293,2.5372
Dieldrin,hNP1_Pro_MeanAvgInten,10.0,uM,measured,103.956158,4.07172,203.840596,176.64,3,2,-0.6792,2.3563,3.0355
Dieldrin,hNP1_Pro_MeanAvgInten,30.0,uM,measured,115.856463,16.965983,214.746943,99.523333,3,1,-0.2234,-0.5974,0.374
Dieldrin,hNP1_Pro_ObjectCount,0.003,uM,measured,54.01131,13.927478,94.095143,51.68,3,3,-0.4552,-0.4553,0.0001
Dieldrin,hNP1_Pro_ObjectCount,0.01,uM,measured,52.429805,7.750099,97.109512,59.876667,3,3,-0.5001,-0.2226,0.2775
Dieldrin,hNP1_Pro_ObjectCount,0.03,uM,measured,46.829169,3.283203,90.375135,41.493333,3,3,-0.6592,-0.7446,0.0854
Dieldrin,hNP1_Pro_ObjectCount,0.1,uM,measured,42.478758,1.418631,83.538886,41.58,3,3,-0.7827,-0.7422,0.0405
Dieldrin,hNP1_Pro_ObjectCount,1.0,uM,measured,35.883589,-8.069707,79.836885,39.37,3,3,-0.97,-0.8049,0.1651
Dieldrin,hNP1_Pro_ObjectCount,3.0,uM,measured,44.63706,0.16875,89.105371,43.253333,3,3,-0.7214,-0.6947,0.0267
Dieldrin,hNP1_Pro_ObjectCount,10.0,uM,measured,43.791925,-11.446389,99.03024,44.07,3,3,-0.7454,-0.6715,0.0739
Dieldrin,hNP1_Pro_ObjectCount,30.0,uM,measured,38.448537,-13.780945,90.678019,3.616667,3,3,-0.8972,-1.8203,0.9231
Dieldrin,hNP1_Pro_ResponderAvgInten,0.003,uM,measured,48.650421,35.821105,61.479736,50.393333,3,3,1.0669,1.1965,0.1296
Dieldrin,hNP1_Pro_ResponderAvgInten,0.01,uM,measured,50.721737,38.689461,62.754013,46.956667,3,3,1.3506,0.7258,0.6248
Dieldrin,hNP1_Pro_ResponderAvgInten,0.03,uM,measured,51.499668,39.347724,63.651612,43.9,3,3,1.4571,0.3072,1.1499
Dieldrin,hNP1_Pro_ResponderAvgInten,0.1,uM,measured,44.877797,32.031358,57.724237,48.96,3,3,0.5502,1.0002,0.45
Dieldrin,hNP1_Pro_ResponderAvgInten,1.0,uM,measured,43.460629,30.334706,56.586551,48.87,3,3,0.3562,0.9879,0.6317
Dieldrin,hNP1_Pro_ResponderAvgInten,3.0,uM,measured,43.892947,27.373668,60.412226,50.89,3,3,0.4154,1.2645,0.8491
Dieldrin,hNP1_Pro_ResponderAvgInten,10.0,uM,measured,39.903193,18.292895,61.513491,48.876667,3,3,-0.131,0.9888,1.1198
Dieldrin,hNP1_Pro_ResponderAvgInten,30.0,uM,measured,29.561043,6.891858,52.230227,2.563333,3,0,-1.5474,-5.3539,3.8065
Dimethoate,hNP1_Caspase_Apop,0.003,uM,measured,56773.162329,39067.514794,74478.809864,52706.0,3,3,0.8982,0.2862,0.612
Dimethoate,hNP1_Caspase_Apop,0.01,uM,measured,54739.073791,35777.724258,73700.423325,53896.666667,3,3,0.5065,0.5155,0.009
Dimethoate,hNP1_Caspase_Apop,0.03,uM,measured,58138.236386,38428.671618,77847.801155,55025.333333,3,3,1.1611,0.7328,0.4283
Dimethoate,hNP1_Caspase_Apop,0.1,uM,measured,59391.696946,40924.356985,77859.036907,55949.666667,3,3,1.4025,0.9108,0.4917
Dimethoate,hNP1_Caspase_Apop,1.0,uM,measured,58135.259884,38938.757895,77331.761873,61902.666667,3,2,1.1605,2.0572,0.8967
Dimethoate,hNP1_Caspase_Apop,3.0,uM,measured,56804.715628,35104.127926,78505.30333,59278.666667,3,3,0.9043,1.5519,0.6476
Dimethoate,hNP1_Caspase_Apop,10.0,uM,measured,54684.98953,22268.222622,87101.756439,57351.333333,3,3,0.4961,1.1807,0.6846
Dimethoate,hNP1_Caspase_Apop,30.0,uM,measured,52831.06341,19478.088096,86184.038724,55538.0,3,3,0.1391,0.8315,0.6924
Dimethoate,hNP1_CellTiter_Lum,0.003,uM,measured,666323.204365,522798.958158,809847.450571,647267.333333,3,3,-0.0668,-0.6293,0.5625
Dimethoate,hNP1_CellTiter_Lum,0.01,uM,measured,678793.860994,532804.537263,824783.184725,655070.0,3,3,0.2567,-0.427,0.6837
Dimethoate,hNP1_CellTiter_Lum,0.03,uM,measured,693622.285223,556034.098547,831210.471899,706053.333333,3,3,0.6413,0.8954,0.2541
Dimethoate,hNP1_CellTiter_Lum,0.1,uM,measured,706244.880709,565119.514509,847370.246908,718349.666667,3,3,0.9686,1.2143,0.2457
Dimethoate,hNP1_CellTiter_Lum,1.0,uM,measured,702740.659568,555945.683715,849535.635422,685048.0,3,3,0.8778,0.3506,0.5272
Dimethoate,hNP1_CellTiter_Lum,3.0,uM,measured,706198.283854,544422.536161,867974.031547,708695.333333,3,3,0.9674,0.9639,0.0035
Dimethoate,hNP1_CellTiter_Lum,10.0,uM,measured,687275.844018,489864.840381,884686.847654,703810.333333,3,3,0.4767,0.8372,0.3605
Dimethoate,hNP1_CellTiter_Lum,30.0,uM,measured,649937.169017,464208.833082,835665.504953,682505.666667,3,3,-0.4918,0.2846,0.7764
Glyphosate,hN2_NOG_BPCount,0.003,uM,measured,0.802496,0.554522,1.050469,0.89,3,3,0.9133,1.2178,0.3045
Glyphosate,hN2_NOG_BPCount,0.01,uM,measured,0.756986,0.528453,0.985519,0.95,3,2,0.6576,1.5551,0.8975
Glyphosate,hN2_NOG_BPCount,0.03,uM,measured,0.768521,0.54851,0.988531,0.886667,3,3,0.7224,1.1991,0.4767
Glyphosate,hN2_NOG_BPCount,0.3,uM,measured,0.787124,0.554992,1.019255,0.916667,3,3,0.8269,1.3677,0.5408
Glyphosate,hN2_NOG_BPCount,1.0,uM,measured,0.795984,0.435859,1.156108,1.01,3,3,0.8767,1.8923,1.0156
Glyphosate,hN2_NOG_BPCount,3.0,uM,measured,0.6878,0.252481,1.123118,0.803333,3,3,0.2687,0.7307,0.462
Glyphosate,hN2_NOG_BPCount,10.0,uM,measured,0.698521,0.211807,1.185236,0.97,3,3,0.3289,1.6675,1.3386
Glyphosate,hN2_NOG_NeuriteCount,0.003,uM,measured,2.023484,1.58507,2.461897,2.043333,3,3,0.3418,0.8063,0.4645
Glyphosate,hN2_NOG_NeuriteCount,0.01,uM,measured,2.041885,1.666586,2.417184,2.04,3,2,0.4274,0.7908,0.3634
Glyphosate,hN2_NOG_NeuriteCount,0.03,uM,measured,2.046348,1.646462,2.446234,2.083333,3,3,0.4482,0.9924,0.5442
Glyphosate,hN2_NOG_NeuriteCount,0.3,uM,measured,2.064135,1.699719,2.42855,1.973333,3,3,0.5309,0.4807,0.0502
Glyphosate,hN2_NOG_NeuriteCount,1.0,uM,measured,2.045319,1.517204,2.573435,2.136667,3,3,0.4434,1.2404,0.797
Glyphosate,hN2_NOG_NeuriteCount,3.0,uM,measured,1.999573,1.43204,2.567107,2.083333,3,3,0.2306,0.9924,0.7618
Glyphosate,hN2_NOG_NeuriteCount,10.0,uM,measured,2.121329,1.31916,2.923498,1.933333,3,3,0.797,0.2946,0.5024
Glyphosate,hN2_NOG_NeuriteLength,0.003,uM,measured,93.751931,76.706279,110.797582,106.706667,3,2,0.4047,1.7292,1.3245
Glyphosate,hN2_NOG_NeuriteLength,0.01,uM,measured,99.1637,79.092511,119.234888,103.686667,3,3,0.8294,1.4922,0.6628
Glyphosate,hN2_NOG_NeuriteLength,0.03,uM,measured,98.412072,76.712982,120.111161,103.463333,3,3,0.7704,1.4747,0.7043
Glyphosate,hN2_NOG_NeuriteLength,0.3,uM,measured,100.145474,76.821942,123.469006,101.766667,3,3,0.9064,1.3415,0.4351
Glyphosate,hN2_NOG_NeuriteLength,1.0,uM,measured,99.4606,71.449543,127.471658,109.56,3,2,0.8527,1.9531,1.1004
Glyphosate,hN2_NOG_NeuriteLength,3.0,uM,measured,94.645046,66.134188,123.155904,96.823333,3,3,0.4748,0.9536,0.4788
Glyphosate,hN2_NOG_NeuriteLength,10.0,uM,measured,94.231715,64.422891,124.040539,99.98,3,3,0.4423,1.2013,0.759
Glyphosate,hN2_NOG_NeuronCount,0.003,uM,measured,35.007817,14.995181,55.020453,26.893333,3,3,1.0326,0.3253,0.7073
Glyphosate,hN2_NOG_NeuronCount,0.01,uM,measured,32.726333,12.409288,53.043378,33.32,3,3,0.8495,0.841,0.0085
Glyphosate,hN2_NOG_NeuronCount,0.03,uM,measured,36.685573,15.93058,57.440565,29.656667,3,3,1.1673,0.547,0.6203
Glyphosate,hN2_NOG_NeuronCount,0.3,uM,measured,36.166254,15.106842,57.225666,29.773333,3,3,1.1256,0.5564,0.5692
Glyphosate,hN2_NOG_NeuronCount,1.0,uM,measured,37.301485,16.233217,58.369753,30.443333,3,3,1.2167,0.6102,0.6065
Glyphosate,hN2_NOG_NeuronCount,3.0,uM,measured,33.579367,13.321471,53.837262,26.226667,3,3,0.918,0.2718,0.6462
Glyphosate,hN2_NOG_NeuronCount,10.0,uM,measured,38.904331,17.638017,60.170645,37.296667,3,3,1.3453,1.1601,0.1852
Glyphosate,hNP1_Caspase_Apop,0.003,uM,measured,15982.356918,12025.639591,19939.074245,15997.166667,3,3,0.0416,-0.1159,0.1575
Glyphosate,hNP1_Caspase_Apop,0.01,uM,measured,16009.280371,12340.257735,19678.303007,16346.166667,3,3,0.0468,-0.0487,0.0955
Glyphosate,hNP1_Caspase_Apop,0.03,uM,measured,16242.513579,12158.520897,20326.50626,17152.5,3,3,0.0917,0.1066,0.0149
Glyphosate,hNP1_Caspase_Apop,0.3,uM,measured,16289.926509,12270.792351,20309.060668,16128.166667,3,2,0.1008,-0.0907,0.1915
Glyphosate,hNP1_Caspase_Apop,1.0,uM,measured,18000.761435,15261.246386,20740.276484,16440.5,3,2,0.4303,-0.0306,0.4609
Glyphosate,hNP1_Caspase_Apop,3.0,uM,measured,15946.642787,14304.449538,17588.836035,15476.5,3,2,0.0347,-0.2162,0.2509
Glyphosate,hNP1_Caspase_Apop,10.0,uM,measured,16201.382443,7113.275081,25289.489804,16402.833333,3,3,0.0837,-0.0378,0.1215
Glyphosate,hNP1_Pro_MeanAvgInten,0.003,uM,measured,92.493118,56.626685,128.359551,85.51,3,3,-0.6667,-1.2299,0.5632
Glyphosate,hNP1_Pro_MeanAvgInten,0.01,uM,measured,94.168166,61.499085,126.837246,95.696667,3,3,-0.6026,-0.8397,0.2371
Glyphosate,hNP1_Pro_MeanAvgInten,0.03,uM,measured,92.008013,59.981667,124.034359,107.963333,3,2,-0.6853,-0.3699,0.3154
Glyphosate,hNP1_Pro_MeanAvgInten,0.3,uM,measured,87.452306,49.3264,125.578212,105.116667,3,3,-0.8598,-0.4789,0.3809
Glyphosate,hNP1_Pro_MeanAvgInten,1.0,uM,measured,87.307442,50.035422,124.579462,112.456667,3,2,-0.8653,-0.1978,0.6675
Glyphosate,hNP1_Pro_MeanAvgInten,3.0,uM,measured,89.265789,52.417334,126.114245,103.623333,3,2,-0.7903,-0.5361,0.2542
Glyphosate,hNP1_Pro_MeanAvgInten,10.0,uM,measured,89.072402,37.391154,140.753649,100.476667,3,3,-0.7977,-0.6566,0.1411
Glyphosate,hNP1_Pro_ObjectCount,0.003,uM,measured,123.082159,69.698429,176.465889,114.946667,3,3,0.2224,-0.032,0.2544
Glyphosate,hNP1_Pro_ObjectCount,0.01,uM,measured,113.98319,56.762435,171.203945,125.666667,3,3,-0.036,0.2724,0.3084
Glyphosate,hNP1_Pro_ObjectCount,0.03,uM,measured,113.539101,59.66971,167.408491,113.82,3,3,-0.0486,-0.064,0.0154
Glyphosate,hNP1_Pro_ObjectCount,0.3,uM,measured,103.574097,43.485108,163.663087,106.333333,3,3,-0.3316,-0.2766,0.055
Glyphosate,hNP1_Pro_ObjectCount,1.0,uM,measured,94.724236,33.200292,156.24818,134.78,3,2,-0.5829,0.5313,1.1142
Glyphosate,hNP1_Pro_ObjectCount,3.0,uM,measured,110.049214,46.426082,173.672345,136.333333,3,3,-0.1477,0.5754,0.7231
Glyphosate,hNP1_Pro_ObjectCount,10.0,uM,measured,120.993662,60.120238,181.867086,125.223333,3,3,0.1631,0.2599,0.0968
Glyphosate,hNP1_Pro_ResponderAvgInten,0.003,uM,measured,36.219145,27.643793,44.794498,32.24,3,3,-0.4274,-1.1947,0.7673
Glyphosate,hNP1_Pro_ResponderAvgInten,0.01,uM,measured,33.13591,25.253558,41.018263,37.25,3,3,-0.8497,-0.5086,0.3411
Glyphosate,hNP1_Pro_ResponderAvgInten,0.03,uM,measured,35.896876,25.998815,45.794936,40.51,3,3,-0.4715,-0.0621,0.4094
Glyphosate,hNP1_Pro_ResponderAvgInten,0.3,uM,measured,35.069003,24.69474,45.443267,40.223333,3,3,-0.5849,-0.1013,0.4836
Glyphosate,hNP1_Pro_ResponderAvgInten,1.0,uM,measured,40.348489,29.924988,50.771991,40.07,3,3,0.1381,-0.1223,0.2604
Glyphosate,hNP1_Pro_ResponderAvgInten,3.0,uM,measured,37.697686,27.901941,47.493431,40.106667,3,3,-0.2249,-0.1173,0.1076
Glyphosate,hNP1_Pro_ResponderAvgInten,10.0,uM,measured,36.174848,21.986974,50.362723,36.093333,3,3,-0.4335,-0.667,0.2335
Isoniazid,hN2_NOG_BPCount,0.003,uM,measured,0.739379,0.491461,0.987296,0.533333,3,2,0.39,-1.0117,1.4017
Isoniazid,hN2_NOG_BPCount,0.01,uM,measured,0.649371,0.407988,0.890755,0.64,3,3,-0.1159,-0.4122,0.2963
Isoniazid,hN2_NOG_BPCount,0.03,uM,measured,0.65023,0.39948,0.900979,0.693333,3,3,-0.1111,-0.1124,0.0013
Isoniazid,hN2_NOG_BPCount,0.1,uM,measured,0.592215,0.331575,0.852855,0.746667,3,3,-0.4372,0.1874,0.6246
Isoniazid,hN2_NOG_BPCount,1.0,uM,measured,0.568129,0.32377,0.812488,0.68,3,3,-0.5726,-0.1874,0.3852
Isoniazid,hN2_NOG_BPCount,3.0,uM,measured,0.594809,0.370288,0.819331,0.603333,3,3,-0.4226,-0.6183,0.1957
Isoniazid,hN2_NOG_BPCount,10.0,uM,measured,0.560089,0.32598,0.794198,0.66,3,2,-0.6178,-0.2998,0.318
Isoniazid,hN2_NOG_BPCount,30.0,uM,measured,0.467904,0.219105,0.716703,0.49,3,3,-1.1359,-1.2553,0.1194
Isoniazid,hN2_NOG_NeuriteCount,0.003,uM,measured,1.677141,1.375222,1.97906,1.556667,3,2,0.0332,-0.7443,0.7775
Isoniazid,hN2_NOG_NeuriteCount,0.01,uM,measured,1.643111,1.342322,1.943901,1.613333,3,2,-0.1251,-0.4807,0.3556
Isoniazid,hN2_NOG_NeuriteCount,0.03,uM,measured,1.694163,1.416744,1.971583,1.61,3,2,0.1124,-0.4962,0.6086
Isoniazid,hN2_NOG_NeuriteCount,0.1,uM,measured,1.670386,1.315798,2.024975,1.56,3,2,0.0018,-0.7288,0.7306
Isoniazid,hN2_NOG_NeuriteCount,1.0,uM,measured,1.580243,1.19196,1.968527,1.636667,3,3,-0.4175,-0.3721,0.0454
Isoniazid,hN2_NOG_NeuriteCount,3.0,uM,measured,1.613353,1.245091,1.981615,1.64,3,3,-0.2635,-0.3566,0.0931
Isoniazid,hN2_NOG_NeuriteCount,10.0,uM,measured,1.549915,0.879122,2.220708,1.5,3,3,-0.5586,-1.0079,0.4493
Isoniazid,hN2_NOG_NeuriteCount,30.0,uM,measured,1.517572,0.826723,2.208422,1.366667,3,3,-0.709,-1.6281,0.9191
Isoniazid,hN2_NOG_NeuriteLength,0.003,uM,measured,87.565244,68.700819,106.429668,67.456667,3,1,0.3414,-1.2654,1.6068
Isoniazid,hN2_NOG_NeuriteLength,0.01,uM,measured,82.70547,60.56789,104.843049,72.616667,3,3,-0.04,-0.8605,0.8205
Isoniazid,hN2_NOG_NeuriteLength,0.03,uM,measured,80.73705,57.952308,103.521791,75.286667,3,3,-0.1945,-0.6509,0.4564
Isoniazid,hN2_NOG_NeuriteLength,0.1,uM,measured,76.904008,54.222565,99.58545,77.853333,3,3,-0.4953,-0.4495,0.0458
Isoniazid,hN2_NOG_NeuriteLength,1.0,uM,measured,73.597247,49.63371,97.560784,80.716667,3,3,-0.7548,-0.2248,0.53
Isoniazid,hN2_NOG_NeuriteLength,3.0,uM,measured,71.697053,49.246097,94.148008,72.97,3,3,-0.9039,-0.8327,0.0712
Isoniazid,hN2_NOG_NeuriteLength,10.0,uM,measured,74.632845,47.733853,101.531837,73.553333,3,3,-0.6735,-0.787,0.1135
Isoniazid,hN2_NOG_NeuriteLength,30.0,uM,measured,71.312576,40.929769,101.695382,57.326667,3,3,-0.934,-2.0604,1.1264
Isoniazid,hN2_NOG_NeuronCount,0.003,uM,measured,45.728585,28.580426,62.876744,47.53,3,3,0.2158,0.4055,0.1897
Isoniazid,hN2_NOG_NeuronCount,0.01,uM,measured,45.546496,28.945255,62.147737,48.966667,3,3,0.2011,0.5208,0.3197
Isoniazid,hN2_NOG_NeuronCount,0.03,uM,measured,46.703463,29.85848,63.548446,47.1,3,3,0.294,0.371,0.077
Isoniazid,hN2_NOG_NeuronCount,0.1,uM,measured,45.03786,28.814568,61.261153,47.866667,3,3,0.1603,0.4325,0.2722
Isoniazid,hN2_NOG_NeuronCount,1.0,uM,measured,46.889223,27.837058,65.941388,42.643333,3,3,0.3089,0.0134,0.2955
Isoniazid,hN2_NOG_NeuronCount,3.0,uM,measured,43.977981,25.585534,62.370428,40.453333,3,3,0.0753,-0.1624,0.2377
Isoniazid,hN2_NOG_NeuronCount,10.0,uM,measured,42.569534,19.184276,65.954792,45.683333,3,3,-0.0378,0.2573,0.2951
Isoniazid,hN2_NOG_NeuronCount,30.0,uM,measured,38.165406,14.757489,61.573324,52.55,3,3,-0.3912,0.8084,1.1996
Isoniazid,hNP1_Caspase_Apop,0.003,uM,measured,190247.731891,163980.844854,216514.618928,171390.666667,3,2,-2.6757,-5.3326,2.6569
Isoniazid,hNP1_Caspase_Apop,0.01,uM,measured,176611.592479,149320.10974,203903.075217,168437.0,3,3,-5.3016,-5.9014,0.5998
Isoniazid,hNP1_Caspase_Apop,0.03,uM,measured,176189.414413,145209.226576,207169.60225,198827.333333,3,2,-5.3829,-0.8307,4.5522
Isoniazid,hNP1_Caspase_Apop,0.1,uM,measured,173625.764783,142735.527918,204516.001648,171146.0,3,3,-5.8766,-5.3797,0.4969
Isoniazid,hNP1_Caspase_Apop,1.0,uM,measured,177077.185159,146435.675448,207718.69487,171828.333333,3,3,-5.212,-5.2484,0.0364
Isoniazid,hNP1_Caspase_Apop,3.0,uM,measured,178107.938598,149570.169337,206645.707859,168453.333333,3,3,-5.0135,-5.3425,0.329
Isoniazid,hNP1_Caspase_Apop,10.0,uM,measured,189791.979331,153587.387574,225996.571087,165858.0,3,2,-2.7634,-5.9773,3.2139
Isoniazid,hNP1_Caspase_Apop,30.0,uM,measured,199658.524852,162753.201471,236563.848233,186208.333333,3,3,-0.8634,-2.4791,1.6157
Isoniazid,hNP1_CellTiter_Lum,0.003,uM,measured,1821824.483147,1746130.483118,1897518.483177,1913333.333333,3,2,1.0238,3.0514,2.0276
Isoniazid,hNP1_CellTiter_Lum,0.01,uM,measured,1869242.583117,1800189.54754,1938295.618695,1858666.666667,3,3,2.2537,1.6336,0.6201
Isoniazid,hNP1_CellTiter_Lum,0.03,uM,measured,1849878.179344,1780762.432313,1918993.926376,1883666.666667,3,3,1.7514,2.282,0.5306
Isoniazid,hNP1_CellTiter_Lum,0.1,uM,measured,1837740.286209,1774927.62203,1900552.950388,1820666.666667,3,2,1.4366,0.648,0.7886
Isoniazid,hNP1_CellTiter_Lum,1.0,uM,measured,1815485.023798,1756158.423429,1874811.624167,1852333.333333,3,3,0.8594,1.4693,0.6099
Isoniazid,hNP1_CellTiter_Lum,3.0,uM,measured,1860319.783463,1776717.931696,1943921.63523,1822666.666667,3,2,2.0223,0.6999,1.3224
Isoniazid,hNP1_CellTiter_Lum,10.0,uM,measured,1843148.336281,1746633.865887,1939662.806675,1836000.0,3,3,1.5769,1.0457,0.5312
Isoniazid,hNP1_CellTiter_Lum,30.0,uM,measured,1822426.670655,1734162.233139,1910691.108171,1810000.0,3,3,1.0394,0.3713,0.6681
Isoniazid,hNP1_Pro_MeanAvgInten,0.003,uM,measured,85.681154,58.175518,113.186791,90.013333,3,3,-0.2662,-0.2681,0.0019
Isoniazid,hNP1_Pro_MeanAvgInten,0.01,uM,measured,93.547395,63.740579,123.35421,93.68,3,3,0.0351,-0.1277,0.1628
Isoniazid,hNP1_Pro_MeanAvgInten,0.03,uM,measured,88.065146,59.399366,116.730926,89.52,3,3,-0.1748,-0.287,0.1122
Isoniazid,hNP1_Pro_MeanAvgInten,0.1,uM,measured,97.805729,67.699725,127.911733,103.633333,3,3,0.1982,0.2536,0.0554
Isoniazid,hNP1_Pro_MeanAvgInten,1.0,uM,measured,92.450263,56.289077,128.611449,90.206667,3,3,-0.0069,-0.2607,0.2538
Isoniazid,hNP1_Pro_MeanAvgInten,3.0,uM,measured,92.154535,57.41979,126.889281,94.03,3,3,-0.0182,-0.1143,0.0961
Isoniazid,hNP1_Pro_MeanAvgInten,10.0,uM,measured,89.36202,42.91031,135.81373,105.123333,3,3,-0.1252,0.3106,0.4358
Isoniazid,hNP1_Pro_MeanAvgInten,30.0,uM,measured,78.637321,32.220159,125.054484,109.263333,3,3,-0.5359,0.4692,1.0051
Isoniazid,hNP1_Pro_ObjectCount,0.003,uM,measured,141.751986,84.124765,199.379208,147.666667,3,3,-0.2933,-0.0,0.2933
Isoniazid,hNP1_Pro_ObjectCount,0.01,uM,measured,135.846447,74.829956,196.862938,158.776667,3,3,-0.461,0.3155,0.7765
Isoniazid,hNP1_Pro_ObjectCount,0.03,uM,measured,124.468779,62.811527,186.126032,140.556667,3,3,-0.7841,-0.2019,0.5822
Isoniazid,hNP1_Pro_ObjectCount,0.1,uM,measured,113.672653,43.321046,184.024259,93.0,3,3,-1.0908,-1.5525,0.4617
Isoniazid,hNP1_Pro_ObjectCount,1.0,uM,measured,93.673136,18.913555,168.432717,108.28,3,3,-1.6587,-1.1186,0.5401
Isoniazid,hNP1_Pro_ObjectCount,3.0,uM,measured,103.28807,28.510468,178.065671,108.25,3,3,-1.3857,-1.1194,0.2663
Isoniazid,hNP1_Pro_ObjectCount,10.0,uM,measured,102.79231,25.183336,180.401285,116.803333,3,3,-1.3998,-0.8765,0.5233
Isoniazid,hNP1_Pro_ObjectCount,30.0,uM,measured,108.968507,31.29622,186.640794,121.89,3,3,-1.2243,-0.732,0.4923
Isoniazid,hNP1_Pro_ResponderAvgInten,0.003,uM,measured,37.32844,26.927773,47.729106,34.403333,3,3,0.171,-0.2671,0.4381
Isoniazid,hNP1_Pro_ResponderAvgInten,0.01,uM,measured,35.949287,25.876647,46.021927,36.96,3,3,-0.0179,0.0831,0.101
Isoniazid,hNP1_Pro_ResponderAvgInten,0.03,uM,measured,35.864276,25.802107,45.926444,33.6,3,2,-0.0295,-0.3771,0.3476
Isoniazid,hNP1_Pro_ResponderAvgInten,0.1,uM,measured,36.656259,27.146717,46.165801,37.713333,3,2,0.0789,0.1863,0.1074
Isoniazid,hNP1_Pro_ResponderAvgInten,1.0,uM,measured,36.312796,26.836512,45.789079,32.16,3,1,0.0319,-0.5743,0.6062
Isoniazid,hNP1_Pro_ResponderAvgInten,3.0,uM,measured,35.301869,26.645048,43.958689,34.07,3,3,-0.1066,-0.3127,0.2061
Isoniazid,hNP1_Pro_ResponderAvgInten,10.0,uM,measured,32.746032,20.252881,45.239183,40.076667,3,3,-0.4566,0.5099,0.9665
Isoniazid,hNP1_Pro_ResponderAvgInten,30.0,uM,measured,32.856766,19.993678,45.719853,39.766667,3,3,-0.4414,0.4675,0.9089
Sorbitol,hN2_NOG_BPCount,0.003,uM,measured,0.684458,0.433881,0.935035,0.74,3,3,0.2499,0.3747,0.1248
Sorbitol,hN2_NOG_BPCount,0.01,uM,measured,0.695777,0.457004,0.93455,0.743333,3,3,0.3135,0.3935,0.08
Sorbitol,hN2_NOG_BPCount,0.03,uM,measured,0.712358,0.453049,0.971667,0.693333,3,3,0.4067,0.1124,0.2943
Sorbitol,hN2_NOG_BPCount,0.1,uM,measured,0.722413,0.521858,0.922968,0.716667,3,3,0.4632,0.2436,0.2196
Sorbitol,hN2_NOG_BPCount,1.0,uM,measured,0.856408,0.54293,1.169885,0.606667,3,3,1.2164,-0.3747,1.5911
Sorbitol,hN2_NOG_BPCount,3.0,uM,measured,0.683092,0.304527,1.061656,0.58,3,3,0.2422,-0.5246,0.7668
Sorbitol,hN2_NOG_BPCount,10.0,uM,measured,0.732344,0.315604,1.149085,0.783333,3,3,0.519,0.6183,0.0993
Sorbitol,hN2_NOG_BPCount,30.0,uM,measured,0.752248,0.33322,1.171276,0.693333,3,3,0.6309,0.1124,0.5185
Sorbitol,hN2_NOG_NeuriteCount,0.003,uM,measured,2.040551,1.618183,2.462918,2.073333,3,3,0.4212,0.9458,0.5246
Sorbitol,hN2_NOG_NeuriteCount,0.01,uM,measured,2.027672,1.634643,2.4207,2.066667,3,2,0.3613,0.9148,0.5535
Sorbitol,hN2_NOG_NeuriteCount,0.03,uM,measured,2.064983,1.661687,2.468279,2.006667,3,3,0.5349,0.6357,0.1008
Sorbitol,hN2_NOG_NeuriteCount,0.1,uM,measured,2.04627,1.672036,2.420505,2.01,3,3,0.4478,0.6512,0.2034
Sorbitol,hN2_NOG_NeuriteCount,1.0,uM,measured,2.057476,1.583983,2.530969,1.84,3,3,0.4999,-0.1395,0.6394
Sorbitol,hN2_NOG_NeuriteCount,3.0,uM,measured,2.018605,1.515835,2.521374,1.783333,3,3,0.3191,-0.4031,0.7222
Sorbitol,hN2_NOG_NeuriteCount,10.0,uM,measured,2.0911,1.301841,2.880359,1.993333,3,3,0.6564,0.5737,0.0827
Sorbitol,hN2_NOG_NeuriteCount,30.0,uM,measured,2.013764,1.21218,2.815347,2.06,3,3,0.2966,0.8838,0.5872
Sorbitol,hN2_NOG_NeuriteLength,0.003,uM,measured,85.142715,64.660478,105.624952,94.793333,3,2,-0.2709,0.7943,1.0652
Sorbitol,hN2_NOG_NeuriteLength,0.01,uM,measured,94.624764,76.710261,112.539267,94.64,3,3,0.4732,0.7823,0.3091
Sorbitol,hN2_NOG_NeuriteLength,0.03,uM,measured,91.891525,74.376177,109.406872,87.98,3,3,0.2587,0.2596,0.0009
Sorbitol,hN2_NOG_NeuriteLength,0.1,uM,measured,92.479655,73.810398,111.148911,83.396667,3,3,0.3048,-0.1001,0.4049
Sorbitol,hN2_NOG_NeuriteLength,1.0,uM,measured,91.698883,68.489555,114.908211,78.81,3,3,0.2436,-0.46,0.7036
Sorbitol,hN2_NOG_NeuriteLength,3.0,uM,measured,90.671345,66.097822,115.244868,72.01,3,2,0.1629,-0.9936,1.1565
Sorbitol,hN2_NOG_NeuriteLength,10.0,uM,measured,90.777207,60.855838,120.698575,92.313333,3,3,0.1712,0.5997,0.4285
Sorbitol,hN2_NOG_NeuriteLength,30.0,uM,measured,92.930414,63.150285,122.710544,94.223333,3,3,0.3402,0.7496,0.4094
Sorbitol,hN2_NOG_NeuronCount,0.003,uM,measured,39.926424,22.879003,56.973845,26.416667,3,3,1.4273,0.287,1.1403
Sorbitol,hN2_NOG_NeuronCount,0.01,uM,measured,37.734142,19.706818,55.761466,30.953333,3,3,1.2514,0.6511,0.6003
Sorbitol,hN2_NOG_NeuronCount,0.03,uM,measured,38.859671,20.680143,57.0392,29.023333,3,2,1.3417,0.4962,0.8455
Sorbitol,hN2_NOG_NeuronCount,0.1,uM,measured,39.31339,21.110235,57.516546,28.26,3,2,1.3781,0.4349,0.9432
Sorbitol,hN2_NOG_NeuronCount,1.0,uM,measured,32.227682,13.092658,51.362706,33.876667,3,3,0.8095,0.8857,0.0762
Sorbitol,hN2_NOG_NeuronCount,3.0,uM,measured,30.534435,11.977871,49.090998,34.733333,3,3,0.6736,0.9544,0.2808
Sorbitol,hN2_NOG_NeuronCount,10.0,uM,measured,32.348846,11.844137,52.853554,37.993333,3,3,0.8192,1.216,0.3968
Sorbitol,hN2_NOG_NeuronCount,30.0,uM,measured,29.417213,8.097187,50.737239,33.876667,3,3,0.584,0.8857,0.3017
Sorbitol,hNP1_Caspase_Apop,0.003,uM,measured,15873.362181,11344.178357,20402.546004,16813.166667,3,3,0.0206,0.0412,0.0206
Sorbitol,hNP1_Caspase_Apop,0.01,uM,measured,16086.485347,11418.204992,20754.765702,16872.5,3,3,0.0616,0.0526,0.009
Sorbitol,hNP1_Caspase_Apop,0.03,uM,measured,16382.524678,11760.600849,21004.448507,17453.5,3,3,0.1186,0.1645,0.0459
Sorbitol,hNP1_Caspase_Apop,0.1,uM,measured,16564.019157,11671.517296,21456.521018,17073.5,3,3,0.1536,0.0913,0.0623
Sorbitol,hNP1_Caspase_Apop,1.0,uM,measured,17887.360259,13373.445931,22401.274587,18448.166667,3,3,0.4084,0.3561,0.0523
Sorbitol,hNP1_Caspase_Apop,3.0,uM,measured,16303.976615,13561.893551,19046.059679,16842.5,3,3,0.1035,0.0469,0.0566
Sorbitol,hNP1_Caspase_Apop,10.0,uM,measured,16035.113016,6481.197884,25589.028148,16533.833333,3,3,0.0517,-0.0126,0.0643
Sorbitol,hNP1_Caspase_Apop,30.0,uM,measured,16193.887399,5840.148966,26547.625832,17781.833333,3,3,0.0823,0.2278,0.1455
Sorbitol,hNP1_Pro_MeanAvgInten,0.003,uM,measured,95.062284,45.967338,144.157229,87.34,3,3,-0.5683,-1.1598,0.5915
Sorbitol,hNP1_Pro_MeanAvgInten,0.01,uM,measured,89.965072,43.078059,136.852084,92.646667,3,3,-0.7635,-0.9565,0.193
Sorbitol,hNP1_Pro_MeanAvgInten,0.03,uM,measured,88.223721,41.433386,135.014057,101.913333,3,3,-0.8302,-0.6016,0.2286
Sorbitol,hNP1_Pro_MeanAvgInten,0.1,uM,measured,93.563388,43.639711,143.487064,90.74,3,3,-0.6257,-1.0295,0.4038
Sorbitol,hNP1_Pro_MeanAvgInten,1.0,uM,measured,92.252141,40.176978,144.327304,107.176667,3,3,-0.6759,-0.4,0.2759
Sorbitol,hNP1_Pro_MeanAvgInten,3.0,uM,measured,94.189416,45.191465,143.187366,104.033333,3,3,-0.6017,-0.5204,0.0813
Sorbitol,hNP1_Pro_MeanAvgInten,10.0,uM,measured,92.513581,37.580589,147.446572,107.106667,3,3,-0.6659,-0.4027,0.2632
Sorbitol,hNP1_Pro_MeanAvgInten,30.0,uM,measured,95.668916,38.096788,153.241044,88.29,3,3,-0.5451,-1.1234,0.5783
Sorbitol,hNP1_Pro_ObjectCount,0.003,uM,measured,132.919135,77.235964,188.602305,141.39,3,3,0.5018,0.719,0.2172
Sorbitol,hNP1_Pro_ObjectCount,0.01,uM,measured,125.264598,64.312579,186.216618,124.113333,3,3,0.2844,0.2283,0.0561
Sorbitol,hNP1_Pro_ObjectCount,0.03,uM,measured,125.063834,63.044921,187.082747,116.416667,3,3,0.2787,0.0098,0.2689
Sorbitol,hNP1_Pro_ObjectCount,0.1,uM,measured,120.474961,56.026873,184.923049,108.053333,3,3,0.1484,-0.2278,0.3762
Sorbitol,hNP1_Pro_ObjectCount,1.0,uM,measured,107.971487,46.700721,169.242254,128.946667,3,2,-0.2067,0.3656,0.5723
Sorbitol,hNP1_Pro_ObjectCount,3.0,uM,measured,111.308265,52.492035,170.124495,139.166667,3,2,-0.1119,0.6558,0.7677
Sorbitol,hNP1_Pro_ObjectCount,10.0,uM,measured,103.155924,44.357091,161.954758,135.89,3,3,-0.3435,0.5628,0.9063
Sorbitol,hNP1_Pro_ObjectCount,30.0,uM,measured,99.209464,36.151167,162.267761,126.886667,3,3,-0.4555,0.3071,0.7626
Sorbitol,hNP1_Pro_ResponderAvgInten,0.003,uM,measured,39.530726,29.024473,50.036979,33.14,3,3,0.0261,-1.0714,1.0975
Sorbitol,hNP1_Pro_ResponderAvgInten,0.01,uM,measured,38.846862,28.396742,49.296983,33.426667,3,3,-0.0675,-1.0322,0.9647
Sorbitol,hNP1_Pro_ResponderAvgInten,0.03,uM,measured,38.721886,28.213221,49.230551,37.07,3,2,-0.0847,-0.5332,0.4485
Sorbitol,hNP1_Pro_ResponderAvgInten,0.1,uM,measured,37.364044,27.099031,47.629056,32.44,3,2,-0.2706,-1.1673,0.8967
Sorbitol,hNP1_Pro_ResponderAvgInten,1.0,uM,measured,38.666046,28.033312,49.29878,37.196667,3,3,-0.0923,-0.5159,0.4236
Sorbitol,hNP1_Pro_ResponderAvgInten,3.0,uM,measured,36.935976,25.522934,48.349018,36.96,3,3,-0.3292,-0.5483,0.2191
Sorbitol,hNP1_Pro_ResponderAvgInten,10.0,uM,measured,35.972255,20.610131,51.334379,40.963333,3,3,-0.4612,-0.0,0.4612
Sorbitol,hNP1_Pro_ResponderAvgInten,30.0,uM,measured,32.526205,16.830053,48.222357,29.51,3,2,-0.9332,-1.5686,0.6354
Thiouracil,hN2_NOG_BPCount,0.003,uM,measured,0.730471,0.494183,0.966759,0.723333,3,3,0.7333,0.5808,0.1525
Thiouracil,hN2_NOG_BPCount,0.01,uM,measured,0.721836,0.510013,0.933659,0.826667,3,3,0.6848,1.1616,0.4768
Thiouracil,hN2_NOG_BPCount,0.03,uM,measured,0.712237,0.511488,0.912987,0.883333,3,2,0.6309,1.4801,0.8492
Thiouracil,hN2_NOG_BPCount,0.1,uM,measured,0.710293,0.518554,0.902033,0.816667,3,2,0.6199,1.1054,0.4855
Thiouracil,hN2_NOG_BPCount,1.0,uM,measured,0.705691,0.397801,1.01358,0.9,3,3,0.5941,1.5738,0.9797
Thiouracil,hN2_NOG_BPCount,3.0,uM,measured,0.655168,0.278146,1.032191,0.88,3,3,0.3101,1.4614,1.1513
Thiouracil,hN2_NOG_BPCount,10.0,uM,measured,0.660025,0.245329,1.074721,0.69,3,3,0.3374,0.3935,0.0561
Thiouracil,hN2_NOG_BPCount,30.0,uM,measured,0.659164,0.240147,1.07818,0.856667,3,3,0.3325,1.3302,0.9977
Thiouracil,hN2_NOG_NeuriteCount,0.003,uM,measured,1.779608,1.335872,2.223344,1.843333,3,3,0.3703,0.4497,0.0794
Thiouracil,hN2_NOG_NeuriteCount,0.01,uM,measured,1.817497,1.372161,2.262832,2.13,3,3,0.5466,1.7831,1.2365
Thiouracil,hN2_NOG_NeuriteCount,0.03,uM,measured,1.758005,1.38332,2.132691,1.996667,3,3,0.2698,1.1629,0.8931
Thiouracil,hN2_NOG_NeuriteCount,0.1,uM,measured,1.78068,1.398475,2.162884,1.983333,3,3,0.3753,1.1009,0.7256
Thiouracil,hN2_NOG_NeuriteCount,1.0,uM,measured,1.75569,1.248156,2.263223,2.036667,3,3,0.259,1.349,1.09
Thiouracil,hN2_NOG_NeuriteCount,3.0,uM,measured,1.776723,1.167028,2.386418,2.05,3,3,0.3569,1.411,1.0541
Thiouracil,hN2_NOG_NeuriteCount,10.0,uM,measured,1.83777,0.993285,2.682255,1.873333,3,3,0.6409,0.5892,0.0517
Thiouracil,hN2_NOG_NeuriteCount,30.0,uM,measured,1.723439,0.83386,2.613019,1.986667,3,3,0.109,1.1164,1.0074
Thiouracil,hN2_NOG_NeuriteLength,0.003,uM,measured,84.32491,63.368411,105.281409,87.956667,3,3,0.4347,0.7506,0.3159
Thiouracil,hN2_NOG_NeuriteLength,0.01,uM,measured,90.558619,69.038166,112.079071,105.85,3,3,0.9239,2.1548,1.2309
Thiouracil,hN2_NOG_NeuriteLength,0.03,uM,measured,87.227795,62.721839,111.733751,95.776667,3,3,0.6625,1.3643,0.7018
Thiouracil,hN2_NOG_NeuriteLength,0.1,uM,measured,85.869199,60.801086,110.937313,100.673333,3,3,0.5559,1.7485,1.1926
Thiouracil,hN2_NOG_NeuriteLength,1.0,uM,measured,92.824884,63.725711,121.924058,99.263333,3,3,1.1018,1.6379,0.5361
Thiouracil,hN2_NOG_NeuriteLength,3.0,uM,measured,88.046739,60.336411,115.757067,100.726667,3,3,0.7268,1.7527,1.0259
Thiouracil,hN2_NOG_NeuriteLength,10.0,uM,measured,86.349812,54.837247,117.862376,85.59,3,3,0.5936,0.5649,0.0287
Thiouracil,hN2_NOG_NeuriteLength,30.0,uM,measured,85.184905,53.818075,116.551734,96.806667,3,3,0.5022,1.4451,0.9429
Thiouracil,hN2_NOG_NeuronCount,0.003,uM,measured,26.556,10.586744,42.525256,34.51,3,3,0.1377,0.7565,0.6188
Thiouracil,hN2_NOG_NeuronCount,0.01,uM,measured,27.353266,13.136979,41.569553,22.566667,3,3,0.2017,-0.202,0.4037
Thiouracil,hN2_NOG_NeuronCount,0.03,uM,measured,25.392372,10.759005,40.025738,29.44,3,3,0.0443,0.3496,0.3053
Thiouracil,hN2_NOG_NeuronCount,0.1,uM,measured,24.739633,10.410502,39.068763,23.23,3,3,-0.0081,-0.1487,0.1406
Thiouracil,hN2_NOG_NeuronCount,1.0,uM,measured,24.649206,9.795802,39.50261,26.22,3,3,-0.0153,0.0912,0.1065
Thiouracil,hN2_NOG_NeuronCount,3.0,uM,measured,20.127906,4.240598,36.015215,22.733333,3,3,-0.3781,-0.1886,0.1895
Thiouracil,hN2_NOG_NeuronCount,10.0,uM,measured,25.404183,5.222397,45.585969,22.186667,3,3,0.0453,-0.2325,0.2778
Thiouracil,hN2_NOG_NeuronCount,30.0,uM,measured,21.475159,1.549831,41.400488,18.36,3,3,-0.27,-0.5395,0.2695
Thiouracil,hNP1_Caspase_Apop,0.003,uM,measured,16636.381828,12663.382863,20609.380794,16157.0,3,3,0.0523,-0.1246,0.1769
Thiouracil,hNP1_Caspase_Apop,0.01,uM,measured,16610.854045,12782.739118,20438.968972,17610.0,3,3,0.0473,0.1552,0.1079
Thiouracil,hNP1_Caspase_Apop,0.03,uM,measured,17147.366273,13323.473639,20971.258907,17873.333333,3,3,0.1507,0.2059,0.0552
Thiouracil,hNP1_Caspase_Apop,0.1,uM,measured,17380.553065,12864.078034,21897.028095,17331.333333,3,3,0.1956,0.1016,0.094
Thiouracil,hNP1_Caspase_Apop,1.0,uM,measured,17272.94133,12941.614216,21604.268444,20068.333333,3,2,0.1748,0.6286,0.4538
Thiouracil,hNP1_Caspase_Apop,3.0,uM,measured,15878.564799,13140.619082,18616.510515,17162.0,3,2,-0.0937,0.0689,0.1626
Thiouracil,hNP1_Caspase_Apop,10.0,uM,measured,16032.782911,6289.736633,25775.829188,17629.666667,3,3,-0.064,0.159,0.223
Thiouracil,hNP1_Caspase_Apop,30.0,uM,measured,16351.159919,5495.83334,27206.486499,17147.333333,3,3,-0.0027,0.0661,0.0688
Thiouracil,hNP1_Pro_MeanAvgInten,0.003,uM,measured,146.489297,80.051131,212.927462,144.603333,3,3,1.3252,1.2553,0.0699
Thiouracil,hNP1_Pro_MeanAvgInten,0.01,uM,measured,139.944789,73.452829,206.43675,131.16,3,3,1.0745,0.7404,0.3341
Thiouracil,hNP1_Pro_MeanAvgInten,0.03,uM,measured,152.15455,87.37144,216.937659,140.04,3,3,1.5422,1.0805,0.4617
Thiouracil,hNP1_Pro_MeanAvgInten,0.1,uM,measured,131.934997,71.002046,192.867948,131.68,3,3,0.7678,0.7603,0.0075
Thiouracil,hNP1_Pro_MeanAvgInten,1.0,uM,measured,138.848754,59.474804,218.222704,138.82,3,3,1.0326,1.0338,0.0012
Thiouracil,hNP1_Pro_MeanAvgInten,3.0,uM,measured,114.415856,37.868176,190.963537,137.103333,3,3,0.0967,0.968,0.8713
Thiouracil,hNP1_Pro_MeanAvgInten,10.0,uM,measured,112.272303,30.152868,194.391739,106.236667,3,3,0.0146,-0.2142,0.2288
Thiouracil,hNP1_Pro_MeanAvgInten,30.0,uM,measured,124.202366,39.567787,208.836945,128.193333,3,3,0.4716,0.6267,0.1551
Thiouracil,hNP1_Pro_ObjectCount,0.003,uM,measured,139.187586,77.28859,201.086581,127.89,3,3,0.2112,-0.1601,0.3713
Thiouracil,hNP1_Pro_ObjectCount,0.01,uM,measured,133.689709,72.140309,195.239108,132.666667,3,3,0.0551,-0.0244,0.0795
Thiouracil,hNP1_Pro_ObjectCount,0.03,uM,measured,122.19356,62.967751,181.419369,113.25,3,3,-0.2714,-0.5758,0.3044
Thiouracil,hNP1_Pro_ObjectCount,0.1,uM,measured,119.769817,58.218409,181.321224,116.473333,3,2,-0.3402,-0.4843,0.1441
Thiouracil,hNP1_Pro_ObjectCount,1.0,uM,measured,115.756309,51.731048,179.781569,113.833333,3,2,-0.4542,-0.5593,0.1051
Thiouracil,hNP1_Pro_ObjectCount,3.0,uM,measured,122.506388,59.65464,185.358136,119.553333,3,3,-0.2625,-0.3968,0.1343
Thiouracil,hNP1_Pro_ObjectCount,10.0,uM,measured,122.680472,59.846354,185.51459,127.0,3,3,-0.2576,-0.1854,0.0722
Thiouracil,hNP1_Pro_ObjectCount,30.0,uM,measured,125.127298,62.226325,188.028271,121.553333,3,3,-0.1881,-0.34,0.1519
Thiouracil,hNP1_Pro_ResponderAvgInten,0.003,uM,measured,56.325377,43.100322,69.550432,54.69,3,3,1.0553,0.8066,0.2487
Thiouracil,hNP1_Pro_ResponderAvgInten,0.01,uM,measured,57.510204,44.681679,70.338729,56.5,3,3,1.2175,1.0545,0.163
Thiouracil,hNP1_Pro_ResponderAvgInten,0.03,uM,measured,57.32796,44.110388,70.545531,57.15,3,3,1.1926,1.1436,0.049
Thiouracil,hNP1_Pro_ResponderAvgInten,0.1,uM,measured,51.398469,37.776236,65.020701,58.593333,3,2,0.3805,1.3412,0.9607
Thiouracil,hNP1_Pro_ResponderAvgInten,1.0,uM,measured,50.567699,35.750801,65.384597,59.556667,3,3,0.2667,1.4732,1.2065
Thiouracil,hNP1_Pro_ResponderAvgInten,3.0,uM,measured,46.064902,32.722997,59.406807,51.526667,3,3,-0.3499,0.3734,0.7233
Thiouracil,hNP1_Pro_ResponderAvgInten,10.0,uM,measured,44.875698,26.721714,63.029683,47.253333,3,3,-0.5128,-0.2118,0.301
Thiouracil,hNP1_Pro_ResponderAvgInten,30.0,uM,measured,46.54164,28.66683,64.41645,52.35,3,3,-0.2846,0.4862,0.7708
Valproate,hN2_NOG_BPCount,0.1,uM,measured,0.641015,0.420527,0.861503,0.696667,3,3,-0.725,-0.3747,0.3503
Valproate,hN2_NOG_BPCount,0.3,uM,measured,0.720918,0.47314,0.968696,0.776667,3,2,-0.2759,0.0749,0.3508
Valproate,hN2_NOG_BPCount,1.0,uM,measured,0.72607,0.477537,0.974603,0.76,3,3,-0.2469,-0.0187,0.2282
Valproate,hN2_NOG_BPCount,3.0,uM,measured,0.689885,0.458212,0.921558,0.84,3,2,-0.4503,0.4309,0.8812
Valproate,hN2_NOG_BPCount,30.0,uM,measured,0.661181,0.275639,1.046723,0.773333,3,3,-0.6116,0.0562,0.6678
Valproate,hN2_NOG_BPCount,100.0,uM,measured,0.645853,0.196986,1.094721,0.853333,3,3,-0.6978,0.5059,1.2037
Valproate,hN2_NOG_BPCount,300.0,uM,measured,0.603529,0.135678,1.071379,0.89,3,3,-0.9357,0.712,1.6477
Valproate,hN2_NOG_BPCount,1000.0,uM,measured,0.531698,0.086549,0.976847,0.743333,3,2,-1.3394,-0.1124,1.227
Valproate,hN2_NOG_NeuriteCount,0.1,uM,measured,1.841821,1.495073,2.188568,1.77,3,3,-0.3171,-0.5892,0.2721
Valproate,hN2_NOG_NeuriteCount,0.3,uM,measured,1.809572,1.531379,2.087764,1.86,3,3,-0.4672,-0.1706,0.2966
Valproate,hN2_NOG_NeuriteCount,1.0,uM,measured,1.732517,1.446658,2.018375,1.896667,3,2,-0.8256,0.0,0.8256
Valproate,hN2_NOG_NeuriteCount,3.0,uM,measured,1.844299,1.527245,2.161352,1.856667,3,3,-0.3056,-0.1861,0.1195
Valproate,hN2_NOG_NeuriteCount,30.0,uM,measured,1.792551,1.530799,2.054304,1.913333,3,3,-0.5463,0.0775,0.6238
Valproate,hN2_NOG_NeuriteCount,100.0,uM,measured,1.738331,1.275976,2.200685,1.92,3,3,-0.7985,0.1085,0.907
Valproate,hN2_NOG_NeuriteCount,300.0,uM,measured,1.725203,1.157305,2.2931,1.84,3,3,-0.8596,-0.2636,0.596
Valproate,hN2_NOG_NeuriteCount,1000.0,uM,measured,1.715684,1.126584,2.304783,1.923333,3,3,-0.9039,0.124,1.0279
Valproate,hN2_NOG_NeuriteLength,0.1,uM,measured,81.548891,58.110763,104.987018,68.463333,3,3,0.1745,-0.189,0.3635
Valproate,hN2_NOG_NeuriteLength,0.3,uM,measured,84.307241,63.896863,104.717619,72.713333,3,3,0.391,0.1445,0.2465
Valproate,hN2_NOG_NeuriteLength,1.0,uM,measured,85.780006,65.377696,106.182317,70.02,3,3,0.5066,-0.0668,0.5734
Valproate,hN2_NOG_NeuriteLength,3.0,uM,measured,83.599247,62.345553,104.852941,75.103333,3,3,0.3354,0.3321,0.0033
Valproate,hN2_NOG_NeuriteLength,30.0,uM,measured,91.887263,71.022568,112.751957,76.533333,3,3,0.9858,0.4443,0.5415
Valproate,hN2_NOG_NeuriteLength,100.0,uM,measured,89.239703,65.814579,112.664827,72.723333,3,3,0.7781,0.1453,0.6328
Valproate,hN2_NOG_NeuriteLength,300.0,uM,measured,87.039405,63.035394,111.043417,75.103333,3,3,0.6054,0.3321,0.2733
Valproate,hN2_NOG_NeuriteLength,1000.0,uM,measured,85.813319,61.79735,109.829289,77.87,3,3,0.5092,0.5492,0.04
Valproate,hN2_NOG_NeuronCount,0.1,uM,measured,54.358875,28.25421,80.463541,50.7,3,3,0.4108,0.7966,0.3858
Valproate,hN2_NOG_NeuronCount,0.3,uM,measured,52.167163,25.541604,78.792722,50.683333,3,3,0.2349,0.7953,0.5604
Valproate,hN2_NOG_NeuronCount,1.0,uM,measured,49.686824,22.046974,77.326674,48.583333,3,3,0.0359,0.6267,0.5908
Valproate,hN2_NOG_NeuronCount,3.0,uM,measured,49.832683,23.003085,76.66228,52.233333,3,2,0.0476,0.9197,0.8721
Valproate,hN2_NOG_NeuronCount,30.0,uM,measured,49.403873,21.156925,77.650821,45.556667,3,3,0.0132,0.3839,0.3707
Valproate,hN2_NOG_NeuronCount,100.0,uM,measured,46.022212,15.900231,76.144193,44.866667,3,3,-0.2582,0.3285,0.5867
Valproate,hN2_NOG_NeuronCount,300.0,uM,measured,42.847307,11.086665,74.607949,43.223333,3,3,-0.513,0.1966,0.7096
Valproate,hN2_NOG_NeuronCount,1000.0,uM,measured,40.070309,9.606442,70.534176,42.076667,3,3,-0.7359,0.1046,0.8405
Valproate,hNP1_Caspase_Apop,0.1,uM,measured,86669.315089,76733.766427,96604.863752,84910.666667,3,3,1.7837,1.5226,0.2611
Valproate,hNP1_Caspase_Apop,0.3,uM,measured,89746.844927,79857.576175,99636.113679,85193.0,3,3,2.3763,1.5769,0.7994
Valproate,hNP1_Caspase_Apop,1.0,uM,measured,85709.735954,76186.714839,95232.75707,85679.0,3,3,1.5989,1.6705,0.0716
Valproate,hNP1_Caspase_Apop,3.0,uM,measured,85431.139079,75555.987361,95306.290798,88921.666667,3,3,1.5452,2.295,0.7498
Valproate,hNP1_Caspase_Apop,30.0,uM,measured,94935.378969,74346.39687,115524.361069,83742.333333,3,3,3.3755,1.2976,2.0779
Valproate,hNP1_Caspase_Apop,100.0,uM,measured,106205.136859,68604.62586,143805.647858,89810.666667,3,3,5.5458,2.4662,3.0796
Valproate,hNP1_Caspase_Apop,300.0,uM,measured,117594.48971,72659.239332,162529.740089,81247.333333,3,3,7.7391,0.8171,6.922
Valproate,hNP1_Caspase_Apop,1000.0,uM,measured,113597.33076,67651.367327,159543.294193,103818.0,3,3,6.9693,5.1636,1.8057
Valproate,hNP1_CellTiter_Lum,0.1,uM,measured,484802.420554,405693.334637,563911.506472,492835.0,3,3,-0.44,-0.594,0.154
Valproate,hNP1_CellTiter_Lum,0.3,uM,measured,492988.13463,424446.898987,561529.370274,502438.0,3,3,-0.2277,-0.3449,0.1172
Valproate,hNP1_CellTiter_Lum,1.0,uM,measured,498303.856393,427681.762676,568925.95011,503945.333333,3,3,-0.0898,-0.3058,0.216
Valproate,hNP1_CellTiter_Lum,3.0,uM,measured,482367.303558,409690.09779,555044.509326,497796.0,3,3,-0.5031,-0.4653,0.0378
Valproate,hNP1_CellTiter_Lum,30.0,uM,measured,350558.018352,240782.738241,460333.298462,498665.333333,3,1,-3.9218,-0.4428,3.479
Valproate,hNP1_CellTiter_Lum,100.0,uM,measured,252910.631242,105303.464015,400517.798468,506996.666667,3,0,-6.4544,-0.2267,6.2277
Valproate,hNP1_CellTiter_Lum,300.0,uM,measured,308483.21988,149430.203919,467536.23584,528938.666667,3,0,-5.0131,0.3424,5.3555
Valproate,hNP1_CellTiter_Lum,1000.0,uM,measured,293136.644659,-16136.764068,602410.053385,465384.0,3,3,-5.4111,-1.306,4.1051
Valproate,hNP1_Pro_MeanAvgInten,0.1,uM,measured,188.913817,132.344105,245.483529,155.303333,3,3,0.7294,-0.9357,1.6651
Valproate,hNP1_Pro_MeanAvgInten,0.3,uM,measured,172.580409,115.95878,229.202038,242.683333,3,1,0.1038,2.4111,2.3073
Valproate,hNP1_Pro_MeanAvgInten,1.0,uM,measured,190.883195,130.131118,251.635272,195.056667,3,1,0.8048,0.5869,0.2179
Valproate,hNP1_Pro_MeanAvgInten,3.0,uM,measured,195.463482,129.607111,261.319853,206.973333,3,3,0.9803,1.0433,0.063
Valproate,hNP1_Pro_MeanAvgInten,30.0,uM,measured,187.07823,117.92494,256.23152,207.65,3,3,0.6591,1.0693,0.4102
Valproate,hNP1_Pro_MeanAvgInten,100.0,uM,measured,168.960155,99.048707,238.871603,218.83,3,3,-0.0348,1.4975,1.5323
Valproate,hNP1_Pro_MeanAvgInten,300.0,uM,measured,148.456119,76.343478,220.56876,187.676667,3,3,-0.8202,0.3042,1.1244
Valproate,hNP1_Pro_MeanAvgInten,1000.0,uM,measured,121.724346,35.219414,208.229278,182.636667,3,2,-1.8441,0.1112,1.9553
Valproate,hNP1_Pro_ObjectCount,0.1,uM,measured,149.441389,89.189692,209.693086,212.166667,3,2,0.3604,1.7805,1.4201
Valproate,hNP1_Pro_ObjectCount,0.3,uM,measured,147.070697,85.335164,208.80623,153.723333,3,3,0.2931,0.1207,0.1724
Valproate,hNP1_Pro_ObjectCount,1.0,uM,measured,148.109176,83.925505,212.292848,231.0,3,2,0.3226,2.3153,1.9927
Valproate,hNP1_Pro_ObjectCount,3.0,uM,measured,166.672006,100.873776,232.470236,188.666667,3,3,0.8498,1.1131,0.2633
Valproate,hNP1_Pro_ObjectCount,30.0,uM,measured,151.304326,79.714435,222.894216,183.11,3,3,0.4133,0.9553,0.542
Valproate,hNP1_Pro_ObjectCount,100.0,uM,measured,117.734747,53.895679,181.573816,198.666667,3,2,-0.54,1.3971,1.9371
Valproate,hNP1_Pro_ObjectCount,300.0,uM,measured,84.433487,19.354539,149.512434,199.723333,3,0,-1.4858,1.4271,2.9129
Valproate,hNP1_Pro_ObjectCount,1000.0,uM,measured,64.864668,-6.078592,135.807928,174.5,3,1,-2.0415,0.7107,2.7522
Valproate,hNP1_Pro_ResponderAvgInten,0.1,uM,measured,26.527832,14.436942,38.618723,18.396667,3,2,0.2106,-0.9116,1.1222
Valproate,hNP1_Pro_ResponderAvgInten,0.3,uM,measured,25.767861,14.551877,36.983846,28.956667,3,2,0.1065,0.5346,0.4281
Valproate,hNP1_Pro_ResponderAvgInten,1.0,uM,measured,25.341614,14.847549,35.835679,23.476667,3,3,0.0482,-0.2159,0.2641
Valproate,hNP1_Pro_ResponderAvgInten,3.0,uM,measured,24.452916,13.234953,35.670878,26.053333,3,3,-0.0736,0.137,0.2106
Valproate,hNP1_Pro_ResponderAvgInten,30.0,uM,measured,23.756043,12.847632,34.664454,25.96,3,3,-0.169,0.1242,0.2932
Valproate,hNP1_Pro_ResponderAvgInten,100.0,uM,measured,18.324894,4.761866,31.887921,26.763333,3,3,-0.9128,0.2342,1.147
Valproate,hNP1_Pro_ResponderAvgInten,300.0,uM,measured,21.55797,5.177268,37.938673,23.26,3,3,-0.47,-0.2456,0.2244
Valproate,hNP1_Pro_ResponderAvgInten,1000.0,uM,measured,19.946382,-0.540057,40.432821,18.966667,3,3,-0.6907,-0.8336,0.1429
trans-Retinoic Acid,hN2_NOG_BPCount,0.003,uM,measured,0.584345,0.25706,0.91163,0.44,3,3,-0.9311,-1.7237,0.7926
trans-Retinoic Acid,hN2_NOG_BPCount,0.01,uM,measured,0.568201,0.272332,0.864071,0.406667,3,3,-1.0218,-1.9111,0.8893
trans-Retinoic Acid,hN2_NOG_BPCount,0.03,uM,measured,0.597024,0.297015,0.897034,0.573333,3,3,-0.8598,-0.9743,0.1145
trans-Retinoic Acid,hN2_NOG_BPCount,0.3,uM,measured,0.456442,0.098414,0.814471,0.516667,3,3,-1.65,-1.2928,0.3572
trans-Retinoic Acid,hN2_NOG_BPCount,1.0,uM,measured,0.400237,0.015241,0.785233,0.483333,3,3,-1.9659,-1.4801,0.4858
trans-Retinoic Acid,hN2_NOG_BPCount,3.0,uM,measured,0.386036,0.004574,0.767498,0.443333,3,3,-2.0458,-1.705,0.3408
trans-Retinoic Acid,hN2_NOG_BPCount,10.0,uM,measured,0.191171,-0.187317,0.569659,0.226667,3,3,-3.141,-2.9228,0.2182
trans-Retinoic Acid,hN2_NOG_NeuriteCount,0.003,uM,measured,1.799788,1.454701,2.144875,1.593333,3,3,0.0455,-0.9613,1.0068
trans-Retinoic Acid,hN2_NOG_NeuriteCount,0.01,uM,measured,1.744626,1.412261,2.076991,1.44,3,1,-0.2111,-1.6746,1.4635
trans-Retinoic Acid,hN2_NOG_NeuriteCount,0.03,uM,measured,1.703845,1.351513,2.056177,1.666667,3,3,-0.4008,-0.6202,0.2194
trans-Retinoic Acid,hN2_NOG_NeuriteCount,0.3,uM,measured,1.540579,0.77952,2.301637,1.486667,3,3,-1.1602,-1.4575,0.2973
trans-Retinoic Acid,hN2_NOG_NeuriteCount,1.0,uM,measured,1.478969,0.520248,2.43769,1.47,3,3,-1.4468,-1.535,0.0882
trans-Retinoic Acid,hN2_NOG_NeuriteCount,3.0,uM,measured,1.351821,0.240796,2.462846,1.43,3,3,-2.0383,-1.7211,0.3172
trans-Retinoic Acid,hN2_NOG_NeuriteCount,10.0,uM,measured,0.99152,-0.204758,2.187798,1.016667,3,3,-3.7143,-3.6438,0.0705
trans-Retinoic Acid,hN2_NOG_NeuriteLength,0.003,uM,measured,82.786424,59.714121,105.858727,59.943333,3,2,0.3454,-1.6771,2.0225
trans-Retinoic Acid,hN2_NOG_NeuriteLength,0.01,uM,measured,85.922668,63.201568,108.643768,55.276667,3,1,0.5915,-2.0434,2.6349
trans-Retinoic Acid,hN2_NOG_NeuriteLength,0.03,uM,measured,83.30484,60.152456,106.457224,65.743333,3,2,0.3861,-1.222,1.6081
trans-Retinoic Acid,hN2_NOG_NeuriteLength,0.3,uM,measured,77.364909,32.720693,122.009124,58.353333,3,3,-0.0801,-1.8019,1.7218
trans-Retinoic Acid,hN2_NOG_NeuriteLength,1.0,uM,measured,68.668713,23.828525,113.508901,57.146667,3,3,-0.7625,-1.8966,1.1341
trans-Retinoic Acid,hN2_NOG_NeuriteLength,3.0,uM,measured,57.951835,13.660999,102.242671,55.08,3,3,-1.6035,-2.0588,0.4553
trans-Retinoic Acid,hN2_NOG_NeuriteLength,10.0,uM,measured,45.283311,-2.972639,93.539261,37.03,3,3,-2.5976,-3.4753,0.8777
trans-Retinoic Acid,hN2_NOG_NeuronCount,0.003,uM,measured,24.238293,-1.688065,50.16465,17.46,3,3,-0.7368,-1.5945,0.8577
trans-Retinoic Acid,hN2_NOG_NeuronCount,0.01,uM,measured,20.067573,-6.799437,46.934583,22.696667,3,3,-1.0715,-1.1743,0.1028
trans-Retinoic Acid,hN2_NOG_NeuronCount,0.03,uM,measured,19.95964,-6.635052,46.554333,22.693333,3,3,-1.0802,-1.1746,0.0944
trans-Retinoic Acid,hN2_NOG_NeuronCount,0.3,uM,measured,21.858027,-5.910207,49.626261,21.666667,3,3,-0.9278,-1.257,0.3292
trans-Retinoic Acid,hN2_NOG_NeuronCount,1.0,uM,measured,14.962824,-15.408361,45.33401,21.176667,3,3,-1.4812,-1.2963,0.1849
trans-Retinoic Acid,hN2_NOG_NeuronCount,3.0,uM,measured,4.114802,-26.455961,34.685566,24.393333,3,3,-2.3517,-1.0382,1.3135
trans-Retinoic Acid,hN2_NOG_NeuronCount,10.0,uM,measured,-1.669241,-31.70315,28.364668,13.533333,3,3,-2.8159,-1.9097,0.9062
trans-Retinoic Acid,hNP1_Caspase_Apop,0.003,uM,measured,16526.160864,11987.076523,21065.245205,16667.333333,3,3,0.031,-0.0263,0.0573
trans-Retinoic Acid,hNP1_Caspase_Apop,0.01,uM,measured,16275.550182,11705.531579,20845.568785,16456.333333,3,3,-0.0172,-0.067,0.0498
trans-Retinoic Acid,hNP1_Caspase_Apop,0.03,uM,measured,15988.65435,11054.319711,20922.988989,16871.333333,3,3,-0.0725,0.013,0.0855
trans-Retinoic Acid,hNP1_Caspase_Apop,0.3,uM,measured,16572.147486,11599.101725,21545.193247,15088.0,3,3,0.0399,-0.3305,0.3704
trans-Retinoic Acid,hNP1_Caspase_Apop,1.0,uM,measured,17249.244348,13609.435861,20889.052834,15791.0,3,3,0.1703,-0.1951,0.3654
trans-Retinoic Acid,hNP1_Caspase_Apop,3.0,uM,measured,17746.482621,15419.244049,20073.721193,14645.333333,3,0,0.266,-0.4157,0.6817
trans-Retinoic Acid,hNP1_Caspase_Apop,10.0,uM,measured,18084.421977,5483.996529,30684.847424,17365.666667,3,3,0.3311,0.1082,0.2229
trans-Retinoic Acid,hNP1_Pro_MeanAvgInten,0.003,uM,measured,146.5073,93.640469,199.37413,153.15,3,3,1.3259,1.5826,0.2567
trans-Retinoic Acid,hNP1_Pro_MeanAvgInten,0.01,uM,measured,138.298147,83.89306,192.703235,145.883333,3,3,1.0115,1.3043,0.2928
trans-Retinoic Acid,hNP1_Pro_MeanAvgInten,0.03,uM,measured,145.087521,94.76195,195.413091,157.81,3,2,1.2715,1.7611,0.4896
trans-Retinoic Acid,hNP1_Pro_MeanAvgInten,0.3,uM,measured,129.304431,75.221579,183.387284,141.006667,3,3,0.667,1.1175,0.4505
trans-Retinoic Acid,hNP1_Pro_MeanAvgInten,1.0,uM,measured,119.000809,60.658161,177.343457,150.613333,3,2,0.2724,1.4855,1.2131
trans-Retinoic Acid,hNP1_Pro_MeanAvgInten,3.0,uM,measured,115.324504,59.008909,171.640099,133.78,3,3,0.1315,0.8407,0.7092
trans-Retinoic Acid,hNP1_Pro_MeanAvgInten,10.0,uM,measured,124.429879,59.598576,189.261182,118.083333,3,3,0.4803,0.2395,0.2408
trans-Retinoic Acid,hNP1_Pro_ObjectCount,0.003,uM,measured,138.476619,68.342065,208.611172,153.553333,3,3,0.191,0.5687,0.3777
trans-Retinoic Acid,hNP1_Pro_ObjectCount,0.01,uM,measured,133.595802,65.924069,201.267535,133.166667,3,3,0.0524,-0.0102,0.0626
trans-Retinoic Acid,hNP1_Pro_ObjectCount,0.03,uM,measured,127.826705,62.282194,193.371216,133.443333,3,3,-0.1114,-0.0024,0.109
trans-Retinoic Acid,hNP1_Pro_ObjectCount,0.3,uM,measured,115.539178,39.994575,191.083781,117.113333,3,3,-0.4604,-0.4661,0.0057
trans-Retinoic Acid,hNP1_Pro_ObjectCount,1.0,uM,measured,107.904272,35.337478,180.471066,116.056667,3,3,-0.6772,-0.4961,0.1811
trans-Retinoic Acid,hNP1_Pro_ObjectCount,3.0,uM,measured,112.726854,38.281676,187.172033,114.223333,3,3,-0.5402,-0.5482,0.008
trans-Retinoic Acid,hNP1_Pro_ObjectCount,10.0,uM,measured,111.059645,37.451776,184.667514,131.22,3,3,-0.5876,-0.0655,0.5221
trans-Retinoic Acid,hNP1_Pro_ResponderAvgInten,0.003,uM,measured,57.312772,43.44551,71.180035,61.12,3,3,1.1905,1.6873,0.4968
trans-Retinoic Acid,hNP1_Pro_ResponderAvgInten,0.01,uM,measured,54.15667,40.000725,68.312614,58.486667,3,3,0.7583,1.3266,0.5683
trans-Retinoic Acid,hNP1_Pro_ResponderAvgInten,0.03,uM,measured,52.840716,39.037404,66.644028,58.53,3,3,0.578,1.3325,0.7545
trans-Retinoic Acid,hNP1_Pro_ResponderAvgInten,0.3,uM,measured,51.852159,36.373875,67.330444,50.856667,3,2,0.4427,0.2817,0.161
trans-Retinoic Acid,hNP1_Pro_ResponderAvgInten,1.0,uM,measured,51.32958,35.515214,67.143946,58.706667,3,2,0.3711,1.3567,0.9856
trans-Retinoic Acid,hNP1_Pro_ResponderAvgInten,3.0,uM,measured,49.394213,34.04589,64.742535,54.893333,3,2,0.106,0.8345,0.7285
trans-Retinoic Acid,hNP1_Pro_ResponderAvgInten,10.0,uM,measured,49.871478,32.042633,67.700322,44.536667,3,2,0.1714,-0.5839,0.7553
