chemical,fold,design,measured_log10_uM,action,call,margin,release_margin,forecast_score,measured_only_score,full_series_call,released_call_wrong,wells_measured,wells_full
(-)-Nicotine,4,0,-1;0;0.477121,report call,active,0.1286,0.0,4.0875,3.5857,active,0,9,21
(-)-Nicotine,4,1,-0.522879;0;0.477121,report call,active,0.1735,0.0,4.4529,3.5857,active,0,9,21
(-)-Nicotine,4,2,-1.52288;0.477121;1.47712,report call,active,0.049,0.0,3.5923,3.5923,active,0,9,21
(-)-Nicotine,4,3,-1.52288;-1;1,report call,active,0.0224,0.0,3.1894,3.1894,active,0,9,21
(-)-Nicotine,4,4,-1;-0.522879;1.47712,report call,active,0.049,0.0,3.5923,3.5923,active,0,9,21
(Methylcyclopentadienyl)tricarbonylmanganese,1,0,-1;1;1.30103,report call,active,0.1388,0.03,4.1299,4.1299,active,0,9,21
(Methylcyclopentadienyl)tricarbonylmanganese,1,1,-1.52288;-0.522879;1.30103,report call,active,0.1388,0.03,4.1299,4.1299,active,0,9,21
(Methylcyclopentadienyl)tricarbonylmanganese,1,2,-1;0;1.30103,report call,active,0.1388,0.03,4.1299,4.1299,active,0,9,21
(Methylcyclopentadienyl)tricarbonylmanganese,1,3,-1.52288;0;1.30103,report call,active,0.1388,0.03,4.1299,4.1299,active,0,9,21
(Methylcyclopentadienyl)tricarbonylmanganese,1,4,-1;0.477121;1.30103,report call,active,0.1388,0.03,4.1299,4.1299,active,0,9,21
"1,2-Propylene glycol",1,0,0;0.477121;1,report call,active,0.0898,0.03,3.7993,3.7993,active,0,9,21
"1,2-Propylene glycol",1,1,-1.52288;-1;1,report call,inactive,0.2469,0.03,1.6949,1.6949,active,1,9,21
"1,2-Propylene glycol",1,2,-1;0.477121;1.47712,report call,active,0.0898,0.03,3.7993,3.7993,active,0,9,21
"1,2-Propylene glycol",1,3,-1.52288;-0.522879;1,report call,active,0.0857,0.03,3.7212,3.7212,active,0,9,21
"1,2-Propylene glycol",1,4,-1;-0.522879;0,report call,active,0.1755,0.03,4.4027,3.7212,active,0,9,21
1-Methyl-4-phenylpyridinium iodide,3,0,-2;-1.52288;-0.522879,measure full series,inactive,0.0245,0.03,2.8051,1.6378,active,,9,21
1-Methyl-4-phenylpyridinium iodide,3,1,-2;-1;0.477121,measure full series,inactive,0.0245,0.03,2.7821,2.7204,active,,9,21
1-Methyl-4-phenylpyridinium iodide,3,2,-2;-1.52288;0.477121,measure full series,inactive,0.0245,0.03,2.8193,2.7204,active,,9,21
1-Methyl-4-phenylpyridinium iodide,3,3,-2;-0.522879;1,report call,active,0.398,0.03,7.5744,7.5744,active,0,9,21
1-Methyl-4-phenylpyridinium iodide,3,4,-2;-1.52288;0,measure full series,active,0.0143,0.03,3.0984,1.6378,active,,9,21
17beta-Estradiol,4,0,-2;-1;0,report call,active,0.1816,0.0,4.6045,1.003,active,0,21,63
17beta-Estradiol,4,1,-1.52288;-1;-0.522879,report call,inactive,0.1551,0.0,2.168,1.003,active,1,27,63
17beta-Estradiol,4,2,-1.52288;-1;1,report call,inactive,0.1551,0.0,2.1526,2.1526,active,1,27,63
17beta-Estradiol,4,3,-1;0;1.30103,report call,active,0.2265,0.0,5.0075,5.0075,active,0,24,63
17beta-Estradiol,4,4,-1;0.477121;1,report call,inactive,0.1265,0.0,2.3499,2.3499,active,1,27,63
"2,2-Bis(4-hydroxyphenyl)-1,1,1-trichloroethane",4,0,0;0.477121;1,report call,active,0.2184,0.0,4.9332,4.8556,active,0,9,21
"2,2-Bis(4-hydroxyphenyl)-1,1,1-trichloroethane",4,1,-1.52288;-0.522879;1,report call,active,0.2184,0.0,4.9375,4.8556,active,0,9,21
"2,2-Bis(4-hydroxyphenyl)-1,1,1-trichloroethane",4,2,-1;1;1.30103,report call,active,0.3918,0.0,7.291,7.291,active,0,9,21
"2,2-Bis(4-hydroxyphenyl)-1,1,1-trichloroethane",4,3,-1.52288;0;0.477121,report call,active,0.1082,0.0,3.934,2.9828,active,0,9,21
"2,2-Bis(4-hydroxyphenyl)-1,1,1-trichloroethane",4,4,-1;0;0.477121,report call,active,0.1816,0.0,4.6093,2.7456,active,0,9,21
2-(m-Chlorophenoxy)propionic acid,2,0,-1.52288;0;1.30103,report call,active,0.1816,0.03,4.609,4.609,active,0,9,21
2-(m-Chlorophenoxy)propionic acid,2,1,-1;0;1,measure full series,active,0.0204,0.03,3.1515,3.1515,active,,9,21
2-(m-Chlorophenoxy)propionic acid,2,2,-1;0.477121;1.30103,measure full series,inactive,0.0,0.03,2.9926,2.9926,active,,9,21
2-(m-Chlorophenoxy)propionic acid,2,3,-1;0;1.30103,measure full series,active,0.0204,0.03,3.1515,3.1515,active,,9,21
2-(m-Chlorophenoxy)propionic acid,2,4,0;1;1.30103,measure full series,active,0.0204,0.03,3.1515,3.1515,active,,9,21
"2-Ethylhexyl 2,3,4,5-tetrabromobenzoate",3,0,-1.52288;-0.522879;0,report call,inactive,0.2184,0.03,1.776,1.4968,active,1,9,21
"2-Ethylhexyl 2,3,4,5-tetrabromobenzoate",3,1,-1;-0.522879;0.477121,report call,active,0.0673,0.03,3.7059,2.839,active,0,9,21
"2-Ethylhexyl 2,3,4,5-tetrabromobenzoate",3,2,-1.52288;0;0.477121,report call,active,0.0673,0.03,3.6969,2.839,active,0,9,21
"2-Ethylhexyl 2,3,4,5-tetrabromobenzoate",3,3,0;0.477121;1.30103,report call,active,0.6531,0.03,10.0,10.0,active,0,9,21
"2-Ethylhexyl 2,3,4,5-tetrabromobenzoate",3,4,-0.522879;0;0.477121,report call,active,0.0918,0.03,3.8622,2.839,active,0,9,21
2-Ethylhexyl diphenyl phosphate,2,0,-0.522879;1;1.30103,report call,active,0.2837,0.03,5.8573,5.8573,active,0,9,21
2-Ethylhexyl diphenyl phosphate,2,1,-1.52288;-0.522879;1.30103,report call,active,0.2837,0.03,5.8573,5.8573,active,0,9,21
2-Ethylhexyl diphenyl phosphate,2,2,-1.52288;0.477121;1.30103,report call,active,0.2837,0.03,5.8573,5.8573,active,0,9,21
2-Ethylhexyl diphenyl phosphate,2,3,-1.52288;0;1.30103,report call,active,0.2837,0.03,5.8573,5.8573,active,0,9,21
2-Ethylhexyl diphenyl phosphate,2,4,-1.52288;1;1.30103,report call,active,0.2837,0.03,5.8573,5.8573,active,0,9,21
"3,3',5,5'-Tetrabromobisphenol A",2,0,-1.52288;-1;1,report call,inactive,0.0592,0.03,2.615,2.615,inactive,0,15,35
"3,3',5,5'-Tetrabromobisphenol A",2,1,-1;-0.522879;0,measure full series,active,0.0245,0.03,3.207,2.615,inactive,,15,35
"3,3',5,5'-Tetrabromobisphenol A",2,2,-1.52288;0;1.47712,report call,inactive,0.2327,0.03,1.6764,1.6764,inactive,0,15,35
"3,3',5,5'-Tetrabromobisphenol A",2,3,-0.522879;0;0.477121,report call,inactive,0.0918,0.03,2.5062,1.4065,inactive,0,15,35
"3,3',5,5'-Tetrabromobisphenol A",2,4,-1;0;1.47712,report call,inactive,0.0592,0.03,2.615,2.615,inactive,0,15,35
3-Iodo-2-propynyl-N-butylcarbamate,3,0,-2;-0.522879;1,report call,active,0.5122,0.03,8.4884,8.4884,active,0,27,84
3-Iodo-2-propynyl-N-butylcarbamate,3,1,0;0.477121;1.30103,report call,active,0.4388,0.03,7.9846,7.9846,active,0,33,84
3-Iodo-2-propynyl-N-butylcarbamate,3,2,-2;-1.52288;1,report call,active,0.5163,0.03,8.5336,8.4884,active,0,27,84
3-Iodo-2-propynyl-N-butylcarbamate,3,3,-0.522879;1;1.30103,report call,active,0.5122,0.03,8.4884,8.4884,active,0,33,84
3-Iodo-2-propynyl-N-butylcarbamate,3,4,-2;-1;-0.522879,report call,active,0.2184,0.03,4.941,0.9603,active,0,27,84
"4,4'-Sulfonyldiphenol",4,0,-0.522879;0.477121;1.30103,report call,inactive,0.2041,0.0,1.836,1.836,active,1,9,21
"4,4'-Sulfonyldiphenol",4,1,-0.522879;0;1.30103,report call,active,0.2265,0.0,5.1075,5.1075,active,0,9,21
"4,4'-Sulfonyldiphenol",4,2,-1;-0.522879;0,report call,active,0.2714,0.0,5.6584,5.1075,active,0,9,21
"4,4'-Sulfonyldiphenol",4,3,-1;0;1.30103,report call,active,0.2265,0.0,5.1075,5.1075,active,0,9,21
"4,4'-Sulfonyldiphenol",4,4,-0.522879;0.477121;1,report call,inactive,0.1694,0.0,2.0058,2.0058,active,1,9,21
"5,5-Diphenylhydantoin",3,0,-1.52288;0;1,report call,inactive,0.2,0.03,1.8547,1.5926,inactive,0,9,21
"5,5-Diphenylhydantoin",3,1,-1.52288;-0.522879;1.47712,report call,inactive,0.0469,0.03,2.7152,2.7152,inactive,0,9,21
"5,5-Diphenylhydantoin",3,2,-1;-0.522879;0.477121,report call,inactive,0.1429,0.03,2.2553,1.694,inactive,0,9,21
"5,5-Diphenylhydantoin",3,3,-1;0.477121;1,report call,inactive,0.1633,0.03,2.1047,1.694,inactive,0,9,21
"5,5-Diphenylhydantoin",3,4,-1;-0.522879;1.47712,report call,inactive,0.0469,0.03,2.7152,2.7152,inactive,0,9,21
5-Chloro-2-methyl-3(2H)-isothiazolone,1,0,-0.522879;0.477121;1.47712,report call,active,0.4735,0.03,8.237,8.237,active,0,9,21
5-Chloro-2-methyl-3(2H)-isothiazolone,1,1,0;0.477121;1.47712,report call,active,0.4735,0.03,8.237,8.237,active,0,9,21
5-Chloro-2-methyl-3(2H)-isothiazolone,1,2,-1.52288;0.477121;1,report call,active,0.4735,0.03,8.3065,8.237,active,0,9,21
5-Chloro-2-methyl-3(2H)-isothiazolone,1,3,-1.52288;-1;-0.522879,measure full series,active,0.0143,0.03,3.088,2.5666,active,,9,21
5-Chloro-2-methyl-3(2H)-isothiazolone,1,4,-1;0;1,report call,active,0.4735,0.03,8.2815,8.237,active,0,9,21
5-Fluorouracil,1,0,-1;0;0.477121,report call,active,0.6316,0.03,10.0,10.0,active,0,9,21
5-Fluorouracil,1,1,-1;1;1.47712,report call,active,0.4939,0.03,8.4992,8.4992,active,0,9,21
5-Fluorouracil,1,2,-1;0.477121;1,report call,active,0.6316,0.03,10.0,10.0,active,0,9,21
5-Fluorouracil,1,3,0;1;1.47712,report call,active,0.4939,0.03,8.4992,8.4992,active,0,9,21
5-Fluorouracil,1,4,-0.522879;0.477121;1,report call,active,0.6316,0.03,10.0,10.0,active,0,9,21
6-Methyl-2-thiouracil,3,0,-0.522879;0;1.30103,report call,active,0.1408,0.03,4.1361,4.1361,active,0,9,21
6-Methyl-2-thiouracil,3,1,-1.52288;-1;0.477121,report call,inactive,0.1857,0.03,1.935,1.5948,active,1,9,21
6-Methyl-2-thiouracil,3,2,-1.52288;1;1.30103,report call,active,0.1408,0.03,4.1361,4.1361,active,0,9,21
6-Methyl-2-thiouracil,3,3,-1.52288;-0.522879;1.30103,report call,active,0.1408,0.03,4.1361,4.1361,active,0,9,21
6-Methyl-2-thiouracil,3,4,-1.52288;-0.522879;0,measure full series,active,0.0,0.03,3.0003,2.0859,active,,9,21
6-aminopyridine-3-carboxamide,4,0,-1;-0.522879;1.47712,report call,active,0.6531,0.0,10.0,10.0,active,0,9,21
6-aminopyridine-3-carboxamide,4,1,-1;0.477121;1,report call,active,0.6531,0.0,10.0,10.0,active,0,9,21
6-aminopyridine-3-carboxamide,4,2,0;0.477121;1.47712,report call,active,0.6531,0.0,10.0,10.0,active,0,9,21
6-aminopyridine-3-carboxamide,4,3,-1.52288;0;1.47712,report call,active,0.6531,0.0,10.0,10.0,active,0,9,21
6-aminopyridine-3-carboxamide,4,4,-1;0;1.47712,report call,active,0.6531,0.0,10.0,10.0,active,0,9,21
Abamectin,2,0,-2;0.477121;1,report call,active,0.5592,0.03,9.169,9.1667,active,0,9,42
Abamectin,2,1,-2;-0.522879;1.30103,report call,active,0.6531,0.03,10.0,10.0,active,0,12,42
Abamectin,2,2,-0.522879;0;0.477121,report call,active,0.6531,0.03,10.0,10.0,active,0,12,42
Abamectin,2,3,-2.52288;-2;1,report call,active,0.5592,0.03,9.1667,9.1667,active,0,9,42
Abamectin,2,4,-3.52288;0;1.30103,report call,active,0.5592,0.03,9.2042,9.1667,active,0,9,42
Acenaphthene,3,0,-1.52288;0.477121;1.30103,report call,inactive,0.0592,0.03,2.5909,2.5909,inactive,0,9,21
Acenaphthene,3,1,-1.52288;-1;-0.522879,report call,inactive,0.0592,0.03,2.5909,2.5909,inactive,0,9,21
Acenaphthene,3,2,-0.522879;0.477121;1,report call,inactive,0.1776,0.03,1.9739,1.749,inactive,0,9,21
Acenaphthene,3,3,-1;0.477121;1,report call,inactive,0.2082,0.03,1.8212,1.749,inactive,0,9,21
Acenaphthene,3,4,-1.52288;-1;0,report call,inactive,0.0592,0.03,2.5909,2.5909,inactive,0,9,21
Acenaphthylene,2,0,-1.52288;0;1.30103,report call,inactive,0.2204,0.03,1.737,1.737,inactive,0,17,39
Acenaphthylene,2,1,-1.52288;-1;0.477121,report call,inactive,0.2041,0.03,1.8388,1.4859,inactive,0,16,39
Acenaphthylene,2,2,0;1;1.30103,report call,inactive,0.2204,0.03,1.737,1.737,inactive,0,17,39
Acenaphthylene,2,3,0;0.477121;1.30103,report call,inactive,0.2204,0.03,1.737,1.737,inactive,0,17,39
Acenaphthylene,2,4,-1;0;1,report call,inactive,0.2204,0.03,1.726,1.726,inactive,0,17,39
Acephate,1,0,0;0.477121;1,report call,active,0.2592,0.03,5.2205,2.9224,inactive,1,9,21
Acephate,1,1,-0.522879;0;1,measure full series,inactive,0.0,0.03,2.9787,2.9224,inactive,,9,21
Acephate,1,2,-1;0;1,measure full series,inactive,0.0102,0.03,2.9224,2.9224,inactive,,9,21
Acephate,1,3,-1;0.477121;1.47712,report call,inactive,0.0388,0.03,2.6893,2.6893,inactive,0,9,21
Acephate,1,4,-1;-0.522879;2,report call,inactive,0.0388,0.03,2.6893,2.6893,inactive,0,9,21
Acetaminophen,1,0,-1.52288;-0.522879;1.47712,report call,inactive,0.302,0.03,1.3124,1.3124,inactive,0,50,122
Acetaminophen,1,1,-1.52288;-1;0,report call,inactive,0.0714,0.03,2.5076,0.9287,inactive,0,50,122
Acetaminophen,1,2,-0.522879;0;1.47712,report call,inactive,0.302,0.03,1.3124,1.3124,inactive,0,54,122
Acetaminophen,1,3,-1;0;1.47712,report call,inactive,0.3061,0.03,1.0993,1.0993,inactive,0,54,122
Acetaminophen,1,4,-0.522879;0.477121;1.47712,report call,inactive,0.302,0.03,1.3124,1.3124,inactive,0,54,122
Acetamiprid,4,0,-1.52288;-0.522879;0.477121,report call,inactive,0.1551,0.0,2.1633,2.1633,active,1,9,21
Acetamiprid,4,1,-1.52288;0.477121;1.47712,report call,active,0.0327,0.0,3.4243,3.4243,active,0,9,21
Acetamiprid,4,2,-1.52288;-1;1,report call,inactive,0.1245,0.0,2.3665,2.3665,active,1,9,21
Acetamiprid,4,3,-1;0;0.477121,report call,inactive,0.0918,0.0,2.5005,2.5005,active,1,9,21
Acetamiprid,4,4,-1.52288;-1;0,report call,inactive,0.0918,0.0,2.5005,2.5005,active,1,9,21
Aldicarb,2,0,-0.522879;0;1,measure full series,inactive,0.0286,0.03,2.7701,2.5595,active,,9,21
Aldicarb,2,1,-1;0;1,measure full series,inactive,0.0245,0.03,2.783,2.5595,active,,9,21
Aldicarb,2,2,-1;-0.522879;1.47712,measure full series,active,0.0102,0.03,3.0785,3.0785,active,,9,21
Aldicarb,2,3,-0.522879;0.477121;1.47712,measure full series,active,0.0102,0.03,3.0785,3.0785,active,,9,21
Aldicarb,2,4,-1.52288;0;1.47712,measure full series,active,0.0102,0.03,3.0785,3.0785,active,,9,21
Allethrin,3,0,-1.52288;-0.522879;1,report call,active,0.249,0.03,5.3008,5.3008,active,0,9,21
Allethrin,3,1,-1.52288;-1;1,report call,active,0.249,0.03,5.3008,5.3008,active,0,9,21
Allethrin,3,2,-1.52288;-1;-0.522879,report call,active,0.1551,0.03,4.3592,3.1418,active,0,9,21
Allethrin,3,3,0;0.477121;1,report call,active,0.249,0.03,5.3008,5.3008,active,0,9,21
Allethrin,3,4,-1.52288;0;0.477121,report call,active,0.1755,0.03,4.4743,2.7214,active,0,9,21
Amoxicillin,2,0,-1.52288;0.477121;1.47712,measure full series,active,0.0224,0.03,3.1792,3.1792,active,,9,21
Amoxicillin,2,1,-1;0.477121;1.47712,measure full series,active,0.0224,0.03,3.1792,3.1792,active,,9,21
Amoxicillin,2,2,-1.52288;-0.522879;0,report call,inactive,0.0653,0.03,2.5715,1.3503,active,1,9,21
Amoxicillin,2,3,-1.52288;-1;-0.522879,report call,active,0.2347,0.03,5.1403,1.6534,active,0,9,21
Amoxicillin,2,4,-1;0;1,report call,inactive,0.2347,0.03,1.6534,1.6534,active,1,9,21
Anthracene,3,0,-1.52288;-0.522879;0.477121,report call,inactive,0.2204,0.03,1.7316,1.3071,inactive,0,9,21
Anthracene,3,1,-1.52288;-1;0.477121,report call,inactive,0.1633,0.03,2.1079,1.3071,inactive,0,9,21
Anthracene,3,2,-1.52288;0.477121;1.30103,report call,inactive,0.2531,0.03,1.5486,1.5486,inactive,0,9,21
Anthracene,3,3,-1;-0.522879;1,report call,inactive,0.2388,0.03,1.6066,1.5783,inactive,0,9,21
Anthracene,3,4,-1;-0.522879;0,report call,inactive,0.0306,0.03,2.7615,2.1184,inactive,0,9,21
Aspirin,1,0,-1;-0.522879;1,report call,inactive,0.2918,0.03,1.4776,1.4776,inactive,0,27,63
Aspirin,1,1,-1.52288;-1;0.477121,report call,inactive,0.298,0.03,1.3724,1.3724,inactive,0,27,63
Aspirin,1,2,-1;0.477121;1.30103,report call,inactive,0.2694,0.03,1.5866,1.5866,inactive,0,27,63
Aspirin,1,3,-1;0;1.30103,report call,inactive,0.2694,0.03,1.5866,1.5866,inactive,0,27,63
Aspirin,1,4,-0.522879;0;1.30103,report call,inactive,0.2694,0.03,1.5866,1.5866,inactive,0,27,63
Atrazine,4,0,-1.52288;-1;1,report call,inactive,0.2429,0.0,1.5923,1.5923,inactive,0,9,21
Atrazine,4,1,-1;0.477121;1,report call,inactive,0.2429,0.0,1.5923,1.5923,inactive,0,9,21
Atrazine,4,2,-1.52288;0;0.477121,report call,inactive,0.2653,0.0,1.4679,1.4679,inactive,0,9,21
Atrazine,4,3,-1.52288;-1;1.30103,report call,inactive,0.1776,0.0,1.9678,1.9678,inactive,0,9,21
Atrazine,4,4,-1.52288;-0.522879;1,report call,inactive,0.2429,0.0,1.5923,1.5923,inactive,0,9,21
Auramine hydrochloride,1,0,-1;-0.522879;0.477121,report call,active,0.3367,0.03,6.5172,6.1489,active,0,18,42
Auramine hydrochloride,1,1,-1;-0.522879;0,measure full series,inactive,0.0143,0.03,2.8733,2.1642,active,,18,42
Auramine hydrochloride,1,2,-1.52288;-0.522879;0.477121,report call,active,0.3408,0.03,6.5709,6.1489,active,0,18,42
Auramine hydrochloride,1,3,-0.522879;0.477121;1.30103,report call,active,0.3918,0.03,7.1382,7.1382,active,0,18,42
Auramine hydrochloride,1,4,-1.52288;-1;0.477121,report call,active,0.3469,0.03,6.8069,6.1489,active,0,18,42
Azoxystrobin,2,0,-2.52288;0.477121;1,report call,active,0.6531,0.03,10.0,10.0,active,0,12,42
Azoxystrobin,2,1,-2.52288;-1;0,report call,active,0.3163,0.03,6.6351,3.8713,active,0,15,42
Azoxystrobin,2,2,-1.52288;1;1.30103,report call,active,0.6531,0.03,10.0,10.0,active,0,12,42
Azoxystrobin,2,3,-2.52288;-0.522879;1,report call,active,0.6531,0.03,10.0,10.0,active,0,12,42
Azoxystrobin,2,4,-0.522879;0.477121;1,report call,active,0.6531,0.03,10.0,10.0,active,0,15,42
Bensulide,4,0,0;1;2,report call,active,0.5592,0.0,9.2285,9.2285,active,0,18,42
Bensulide,4,1,-1;0;1,report call,active,0.3755,0.0,7.0889,2.1746,active,0,18,42
Bensulide,4,2,0;0.477121;2,report call,active,0.5592,0.0,9.2285,9.2285,active,0,18,42
Bensulide,4,3,-1;1;1.47712,report call,active,0.3959,0.0,7.3887,7.3887,active,0,18,42
Bensulide,4,4,0;0.477121;1.47712,report call,active,0.3959,0.0,7.3887,7.3887,active,0,18,42
Benzo(b)fluoranthene,3,0,0;1;1.30103,report call,active,0.4367,0.03,7.8653,7.8653,active,0,18,41
Benzo(b)fluoranthene,3,1,-1;0.477121;1.30103,report call,active,0.4367,0.03,7.8653,7.8653,active,0,17,41
Benzo(b)fluoranthene,3,2,-1;0.477121;1,report call,active,0.2898,0.03,6.0401,5.7321,active,0,17,41
Benzo(b)fluoranthene,3,3,-1.52288;0;1.30103,report call,active,0.4367,0.03,7.8653,7.8653,active,0,18,41
Benzo(b)fluoranthene,3,4,-1.52288;-1;-0.522879,report call,active,0.0367,0.03,3.4576,2.1009,active,0,18,41
Benzo[a]pyrene,2,0,-1;0;1,report call,active,0.1082,0.03,3.951,3.7118,active,0,9,21
Benzo[a]pyrene,2,1,-1.52288;0;1.30103,report call,active,0.1245,0.03,4.023,4.023,active,0,9,21
Benzo[a]pyrene,2,2,0.477121;1;1.30103,report call,active,0.1245,0.03,4.023,4.023,active,0,9,21
Benzo[a]pyrene,2,3,-1;-0.522879;0.477121,report call,inactive,0.1224,0.03,2.3716,2.3716,active,1,9,21
Benzo[a]pyrene,2,4,-1.52288;-0.522879;1,report call,active,0.1449,0.03,4.2341,3.7118,active,0,9,21
Benzo[e]pyrene,2,0,-0.522879;0;1.30103,report call,active,0.1673,0.03,4.4321,4.4321,active,0,9,21
Benzo[e]pyrene,2,1,-1.52288;-1;1.30103,report call,active,0.1673,0.03,4.4321,4.4321,active,0,9,21
Benzo[e]pyrene,2,2,-1.52288;0;0.477121,report call,active,0.2633,0.03,5.5387,4.1452,active,0,9,21
Benzo[e]pyrene,2,3,-1.52288;1;1.30103,report call,active,0.1673,0.03,4.4458,4.4458,active,0,9,21
Benzo[e]pyrene,2,4,-1;0;0.477121,report call,active,0.2755,0.03,5.7613,4.1452,active,0,9,21
Benzo[k]fluoranthene,1,0,-1;0;0.477121,report call,active,0.2,0.03,4.6156,4.6156,active,0,9,21
Benzo[k]fluoranthene,1,1,-1;0.477121;1,report call,active,0.0857,0.03,3.7234,3.4296,active,0,9,21
Benzo[k]fluoranthene,1,2,-1;-0.522879;0,report call,active,0.2898,0.03,5.6885,4.6156,active,0,9,21
Benzo[k]fluoranthene,1,3,-0.522879;0.477121;1,report call,active,0.0735,0.03,3.6134,3.4296,active,0,9,21
Benzo[k]fluoranthene,1,4,-1.52288;0;1.30103,report call,active,0.2,0.03,4.6156,4.6156,active,0,9,21
Berberine chloride,1,0,-4;-3.52288;1.30103,report call,active,0.4531,0.03,8.1459,8.1459,active,0,9,42
Berberine chloride,1,1,-4;-1.52288;-0.522879,report call,active,0.4429,0.03,8.0165,8.0165,active,0,12,42
Berberine chloride,1,2,-2.52288;-1.52288;-1,report call,active,0.5592,0.03,9.7395,4.6533,active,0,15,42
Berberine chloride,1,3,-3.52288;-1;0.477121,report call,active,0.4714,0.03,8.1629,8.1459,active,0,12,42
Berberine chloride,1,4,-4;1;1.30103,report call,active,0.4531,0.03,8.1459,8.1459,active,0,9,42
Bifenthrin,1,0,-1.52288;-1;1.30103,report call,active,0.4204,0.03,7.7779,7.7779,active,0,9,21
Bifenthrin,1,1,-1.52288;-0.522879;1.30103,report call,active,0.4204,0.03,7.7779,7.7779,active,0,9,21
Bifenthrin,1,2,-1.52288;1;1.30103,report call,active,0.4204,0.03,7.7779,7.7779,active,0,9,21
Bifenthrin,1,3,-1.52288;0.477121;1.30103,report call,active,0.4204,0.03,7.7779,7.7779,active,0,9,21
Bifenthrin,1,4,-1.52288;-1;1,report call,active,0.4204,0.03,7.7779,7.7779,active,0,9,21
Bis(2-ethylhexyl) tetrabromophthalate,2,0,-1.52288;-0.522879;0,report call,active,0.2265,0.03,5.0313,4.4287,active,0,9,21
Bis(2-ethylhexyl) tetrabromophthalate,2,1,-1.52288;1;1.30103,report call,active,0.2633,0.03,5.5846,5.5846,active,0,9,21
Bis(2-ethylhexyl) tetrabromophthalate,2,2,-1;0;1.30103,report call,active,0.2633,0.03,5.5846,5.5846,active,0,9,21
Bis(2-ethylhexyl) tetrabromophthalate,2,3,-1.52288;0.477121;1,report call,active,0.2429,0.03,5.2221,5.0684,active,0,9,21
Bis(2-ethylhexyl) tetrabromophthalate,2,4,-1;-0.522879;1,report call,active,0.2265,0.03,5.0636,4.5618,active,0,9,21
Bis(tributyltin)oxide,1,0,-3;-1.52288;-0.522879,report call,active,0.6316,0.03,10.0,10.0,active,0,9,21
Bis(tributyltin)oxide,1,1,-3;-2.52288;-0.522879,report call,active,0.6316,0.03,10.0,10.0,active,0,9,21
Bis(tributyltin)oxide,1,2,-3;-2;0,report call,active,0.6316,0.03,10.0,10.0,active,0,9,21
Bis(tributyltin)oxide,1,3,-3;-2;-0.522879,report call,active,0.6316,0.03,10.0,10.0,active,0,9,21
Bis(tributyltin)oxide,1,4,-3;-0.522879;0,report call,active,0.6316,0.03,10.0,10.0,active,0,9,21
Bisindolylmaleimide I,1,0,-0.522879;0;0.477121,report call,active,0.3551,0.03,6.9226,6.9226,active,0,48,99
Bisindolylmaleimide I,1,1,-1;0;0.477121,report call,active,0.3551,0.03,6.9226,6.9226,active,0,48,99
Bisindolylmaleimide I,1,2,-2;-0.522879;1,report call,active,0.4735,0.03,8.3277,8.3277,active,0,35,99
Bisindolylmaleimide I,1,3,-1.52288;-1;1,report call,active,0.4735,0.03,8.3277,8.3277,active,0,48,99
Bisindolylmaleimide I,1,4,-2;-1;0.477121,report call,active,0.4224,0.03,7.7888,6.9226,active,0,35,99
Bisphenol A,1,0,-1;-0.522879;0.477121,report call,active,0.2694,0.03,5.3669,2.7331,active,0,18,42
Bisphenol A,1,1,-1.52288;0;1.47712,report call,active,0.3286,0.03,6.3056,6.3056,active,0,18,42
Bisphenol A,1,2,-0.522879;1;1.47712,report call,active,0.3286,0.03,6.3056,6.3056,active,0,18,42
Bisphenol A,1,3,-1;-0.522879;1,report call,active,0.3163,0.03,6.1522,5.1914,active,0,18,42
Bisphenol A,1,4,0;0.477121;1.47712,report call,active,0.3286,0.03,6.3056,6.3056,active,0,18,42
Bisphenol AF,2,0,-1;-0.522879;1,report call,inactive,0.2184,0.03,1.7882,1.7882,active,1,18,42
Bisphenol AF,2,1,-1.52288;0;1,report call,inactive,0.2388,0.03,1.6133,1.6133,active,1,18,42
Bisphenol AF,2,2,-0.522879;1;1.30103,report call,active,0.3,0.03,6.2618,6.2618,active,0,18,42
Bisphenol AF,2,3,-1.52288;-1;1.30103,report call,active,0.3,0.03,6.2618,6.2618,active,0,18,42
Bisphenol AF,2,4,-0.522879;0.477121;1.30103,report call,active,0.3,0.03,6.2618,6.2618,active,0,18,42
Bisphenol B,2,0,-1;0;1,report call,active,0.249,0.03,5.2867,4.9038,active,0,9,21
Bisphenol B,2,1,-1.52288;1;1.30103,report call,active,0.2898,0.03,5.962,5.962,active,0,9,21
Bisphenol B,2,2,-1;-0.522879;1.30103,report call,active,0.2898,0.03,5.962,5.962,active,0,9,21
Bisphenol B,2,3,-0.522879;0.477121;1,report call,active,0.2408,0.03,5.2184,4.9038,active,0,9,21
Bisphenol B,2,4,-1;-0.522879;0.477121,report call,active,0.2265,0.03,5.1222,3.8845,active,0,9,21
Busulfan,1,0,0;0.477121;1,report call,inactive,0.2469,0.03,1.6833,1.6833,inactive,0,9,21
Busulfan,1,1,-1.52288;-1;1,report call,inactive,0.302,0.03,1.3248,1.3248,inactive,0,9,21
Busulfan,1,2,0;0.477121;1.30103,report call,inactive,0.2469,0.03,1.6833,1.6833,inactive,0,9,21
Busulfan,1,3,-0.522879;0.477121;1,report call,inactive,0.2469,0.03,1.6833,1.6833,inactive,0,9,21
Busulfan,1,4,-1.52288;-1;-0.522879,report call,inactive,0.2796,0.03,1.5233,1.4694,inactive,0,9,21
CP-409092,4,0,-1;-0.522879;0.477121,report call,active,0.2612,0.0,5.5243,5.2277,active,0,9,21
CP-409092,4,1,-1.52288;1;1.30103,report call,active,0.5429,0.0,8.8581,8.8581,active,0,9,21
CP-409092,4,2,-1.52288;0;1.30103,report call,active,0.5429,0.0,8.8581,8.8581,active,0,9,21
CP-409092,4,3,-1;0;0.477121,report call,active,0.2714,0.0,5.6473,5.2277,active,0,9,21
CP-409092,4,4,-1;-0.522879;1,report call,active,0.2265,0.0,5.117,5.0109,active,0,9,21
Cadmium(II) chloride hydrate (2:5),2,0,-1;0;1,report call,active,0.6531,0.03,10.0,10.0,active,0,9,21
Cadmium(II) chloride hydrate (2:5),2,1,-1;-0.522879;0.477121,report call,active,0.6531,0.03,10.0,10.0,active,0,9,21
Cadmium(II) chloride hydrate (2:5),2,2,-1.52288;1;1.47712,report call,active,0.6531,0.03,10.0,10.0,active,0,9,21
Cadmium(II) chloride hydrate (2:5),2,3,-1;0;1.47712,report call,active,0.6531,0.03,10.0,10.0,active,0,9,21
Cadmium(II) chloride hydrate (2:5),2,4,-1;-0.522879;1.47712,report call,active,0.6531,0.03,10.0,10.0,active,0,9,21
Caffeine,1,0,-1.52288;-1;0,report call,active,0.098,0.03,3.8748,2.8109,active,0,9,21
Caffeine,1,1,-1.52288;-1;1,report call,inactive,0.0367,0.03,2.7202,2.7202,active,1,9,21
Caffeine,1,2,-0.522879;0.477121;1.47712,report call,active,0.098,0.03,3.8608,3.8608,active,0,9,21
Caffeine,1,3,-1.52288;-0.522879;0,report call,active,0.0714,0.03,3.5465,2.8109,active,0,9,21
Caffeine,1,4,-1.52288;0;0.477121,report call,active,0.1265,0.03,3.9829,3.8608,active,0,9,21
Captan,2,0,-1;-0.522879;1,report call,active,0.2082,0.03,4.7379,4.2346,active,0,27,63
Captan,2,1,-1.52288;-1;1,report call,active,0.2122,0.03,4.8433,4.2346,active,0,27,63
Captan,2,2,-1;0.477121;1.30103,report call,active,0.3449,0.03,6.9088,6.9088,active,0,27,63
Captan,2,3,-0.522879;0;1,report call,active,0.2184,0.03,4.9697,4.2346,active,0,27,63
Captan,2,4,-1;0;0.477121,report call,inactive,0.1306,0.03,2.3395,2.3395,active,1,27,63
Captopril,4,0,-1.52288;0;1,report call,active,0.0959,0.0,3.883,3.883,active,0,9,21
Captopril,4,1,-1.52288;1;1.47712,report call,active,0.0959,0.0,3.883,3.883,active,0,9,21
Captopril,4,2,-1;-0.522879;0,report call,inactive,0.1429,0.0,2.2482,2.2482,active,1,9,21
Captopril,4,3,-1.52288;-1;1,report call,active,0.0959,0.0,3.883,3.883,active,0,9,21
Captopril,4,4,-1;-0.522879;1,report call,active,0.0959,0.0,3.883,3.883,active,0,9,21
Carbamazepine,2,0,-1.52288;-1;-0.522879,report call,active,0.2429,0.03,5.2384,1.7211,inactive,1,9,21
Carbamazepine,2,1,-1.52288;1;1.47712,report call,inactive,0.1551,0.03,2.174,2.174,inactive,0,9,21
Carbamazepine,2,2,-1.52288;-1;1.47712,report call,inactive,0.1551,0.03,2.174,2.174,inactive,0,9,21
Carbamazepine,2,3,-1;0;1,report call,inactive,0.1122,0.03,2.4294,2.4294,inactive,0,9,21
Carbamazepine,2,4,-0.522879;1;1.47712,report call,inactive,0.1551,0.03,2.174,2.174,inactive,0,9,21
Carbaryl,2,0,-1.52288;-0.522879;1.47712,report call,active,0.6,0.03,9.9648,9.9648,active,0,9,21
Carbaryl,2,1,-1;0;1,report call,active,0.4612,0.03,8.1445,7.9797,active,0,9,21
Carbaryl,2,2,0;1;1.47712,report call,active,0.6,0.03,9.9648,9.9648,active,0,9,21
Carbaryl,2,3,-0.522879;1;1.47712,report call,active,0.6,0.03,9.9648,9.9648,active,0,9,21
Carbaryl,2,4,-1.52288;0.477121;1.47712,report call,active,0.6,0.03,9.9648,9.9648,active,0,9,21
Carbofuran,3,0,-1.52288;0;0.477121,report call,inactive,0.1653,0.03,2.0754,1.4225,active,1,18,42
Carbofuran,3,1,-1;-0.522879;1.30103,report call,active,0.3102,0.03,6.4526,6.4526,active,0,18,42
Carbofuran,3,2,0;0.477121;1,report call,active,0.0796,0.03,3.7846,3.1692,active,0,18,42
Carbofuran,3,3,-1;-0.522879;0.477121,report call,inactive,0.1551,0.03,2.1469,1.4225,active,1,18,42
Carbofuran,3,4,-1;-0.522879;0,report call,inactive,0.2939,0.03,1.0055,0.6993,active,1,18,42
Cariporide mesylate,2,0,-1.52288;-0.522879;1.30103,report call,active,0.1082,0.03,3.9191,3.9191,active,0,9,21
Cariporide mesylate,2,1,-1;-0.522879;0,measure full series,inactive,0.0286,0.03,2.7681,1.7069,active,,9,21
Cariporide mesylate,2,2,-1.52288;0.477121;1.30103,report call,active,0.1082,0.03,3.9191,3.9191,active,0,9,21
Cariporide mesylate,2,3,-1.52288;-0.522879;1,report call,active,0.1286,0.03,4.1078,3.2106,active,0,9,21
Cariporide mesylate,2,4,-0.522879;0.477121;1.30103,report call,active,0.1082,0.03,3.9191,3.9191,active,0,9,21
Chloramben,2,0,-1;-0.522879;1,report call,active,0.149,0.03,4.2851,4.0433,active,0,18,42
Chloramben,2,1,-0.522879;0;1,report call,active,0.1245,0.03,4.0458,4.0433,active,0,18,42
Chloramben,2,2,-1.52288;0.477121;1,report call,active,0.1469,0.03,4.2728,4.0433,active,0,18,42
Chloramben,2,3,-1;-0.522879;1.47712,report call,active,0.0367,0.03,3.4702,3.4702,active,0,18,42
Chloramben,2,4,-1;1;1.47712,report call,active,0.1245,0.03,4.0433,4.0433,active,0,18,42
Chlordiazepoxide hydrochloride,1,0,-1.52288;0;1.47712,report call,active,0.6316,0.03,10.0,10.0,active,0,9,21
Chlordiazepoxide hydrochloride,1,1,0.477121;1;1.47712,report call,active,0.6316,0.03,10.0,10.0,active,0,9,21
Chlordiazepoxide hydrochloride,1,2,-1.52288;-0.522879;0,report call,active,0.3265,0.03,6.286,4.2377,active,0,9,21
Chlordiazepoxide hydrochloride,1,3,-1.52288;1;1.47712,report call,active,0.6316,0.03,10.0,10.0,active,0,9,21
Chlordiazepoxide hydrochloride,1,4,-1;0.477121;1.47712,report call,active,0.6316,0.03,10.0,10.0,active,0,9,21
Chlorendic acid,3,0,-0.522879;0;1,report call,inactive,0.2184,0.03,1.7564,1.7564,inactive,0,9,21
Chlorendic acid,3,1,-1.52288;-1;0.477121,report call,inactive,0.1571,0.03,2.1375,2.1375,inactive,0,9,21
Chlorendic acid,3,2,-1;0;1.30103,report call,inactive,0.0857,0.03,2.5217,2.5217,inactive,0,9,21
Chlorendic acid,3,3,-1.52288;0.477121;1.30103,report call,inactive,0.0857,0.03,2.5217,2.5217,inactive,0,9,21
Chlorendic acid,3,4,-1.52288;0;1.30103,report call,inactive,0.0857,0.03,2.5217,2.5217,inactive,0,9,21
Chlorethoxyfos,4,0,-1;0;0.477121,report call,active,0.0143,0.0,3.1129,1.4833,active,0,9,21
Chlorethoxyfos,4,1,-0.522879;0;2,report call,active,0.5837,0.0,9.7243,9.7243,active,0,9,21
Chlorethoxyfos,4,2,-0.522879;1;2,report call,active,0.5837,0.0,9.7243,9.7243,active,0,9,21
Chlorethoxyfos,4,3,0.477121;1;1.47712,report call,active,0.502,0.0,8.3542,6.8961,active,0,9,21
Chlorethoxyfos,4,4,-1;-0.522879;0,report call,active,0.0306,0.0,3.3744,1.4833,active,0,9,21
Chlorpromazine hydrochloride,2,0,-1.52288;-0.522879;0,report call,inactive,0.2327,0.03,1.6828,1.5962,active,1,9,21
Chlorpromazine hydrochloride,2,1,0;0.477121;1.47712,report call,active,0.4449,0.03,7.9965,7.9965,active,0,9,21
Chlorpromazine hydrochloride,2,2,-1.52288;0.477121;1,report call,active,0.502,0.03,8.4023,8.4023,active,0,9,21
Chlorpromazine hydrochloride,2,3,-0.522879;0;0.477121,report call,active,0.1408,0.03,4.1452,3.3133,active,0,9,21
Chlorpromazine hydrochloride,2,4,-0.522879;0.477121;1,report call,active,0.502,0.03,8.4023,8.4023,active,0,9,21
Chlorpyrifos oxon,4,0,-1;0;1,report call,active,0.4592,0.0,8.0412,2.8295,active,0,18,42
Chlorpyrifos oxon,4,1,-1;0;0.477121,report call,active,0.2265,0.0,5.0312,2.0445,active,0,18,42
Chlorpyrifos oxon,4,2,0;1;1.47712,report call,active,0.3102,0.0,6.3762,3.9635,active,0,18,42
Chlorpyrifos oxon,4,3,-1.52288;-1;1,report call,active,0.4388,0.0,7.9841,2.8295,active,0,15,42
Chlorpyrifos oxon,4,4,0;1;2,report call,inactive,0.0245,0.0,2.8295,2.8295,active,1,15,42
Chrysene,4,0,-1.30103;-0.823909;0.685742,report call,inactive,0.2,0.0,1.8688,1.8688,inactive,0,9,21
Chrysene,4,1,-0.823909;0.164353;0.986772,report call,inactive,0.2184,0.0,1.7966,1.7966,inactive,0,9,21
Chrysene,4,2,-1.30103;-0.823909;-0.309804,report call,inactive,0.2673,0.0,1.4357,1.2291,inactive,0,9,21
Chrysene,4,3,0.164353;0.685742;0.986772,report call,inactive,0.2,0.0,1.8688,1.8688,inactive,0,9,21
Chrysene,4,4,-2;-0.823909;0.685742,report call,inactive,0.1102,0.0,2.4461,1.8688,inactive,0,9,21
Clodinafop-propargyl,3,0,-0.522879;1;1.30103,report call,inactive,0.1776,0.03,1.9754,1.9754,active,1,9,21
Clodinafop-propargyl,3,1,-1;-0.522879;0.477121,measure full series,active,0.0245,0.03,3.2177,3.2177,active,,9,21
Clodinafop-propargyl,3,2,-1;0.477121;1,measure full series,active,0.0245,0.03,3.2177,3.2177,active,,9,21
Clodinafop-propargyl,3,3,-1;0;1.30103,measure full series,active,0.0245,0.03,3.2177,3.2177,active,,9,21
Clodinafop-propargyl,3,4,-1;-0.522879;1.30103,measure full series,active,0.0245,0.03,3.2177,3.2177,active,,9,21
Clothianidin,2,0,0;0.477121;1.30103,report call,inactive,0.2388,0.03,1.6337,1.6337,inactive,0,9,21
Clothianidin,2,1,-0.522879;1;1.30103,report call,inactive,0.249,0.03,1.5706,1.5706,inactive,0,9,21
Clothianidin,2,2,-1.52288;-0.522879;0,report call,inactive,0.2388,0.03,1.6337,1.6337,inactive,0,9,21
Clothianidin,2,3,-1.52288;0;0.477121,report call,inactive,0.2388,0.03,1.6337,1.6337,inactive,0,9,21
Clothianidin,2,4,-1;1;1.30103,report call,inactive,0.1694,0.03,2.0038,2.0038,inactive,0,9,21
Clove leaf oil,4,0,-1.52288;-1;1,report call,active,0.0531,0.0,3.6116,3.6116,active,0,9,21
Clove leaf oil,4,1,-1.52288;-0.522879;1,report call,active,0.0531,0.0,3.6116,3.6116,active,0,9,21
Clove leaf oil,4,2,-1.52288;-1;1.30103,report call,active,0.1755,0.0,4.5105,4.5105,active,0,9,21
Clove leaf oil,4,3,-0.522879;1;1.30103,report call,active,0.1755,0.0,4.5105,4.5105,active,0,9,21
Clove leaf oil,4,4,-1;-0.522879;1,report call,active,0.0531,0.0,3.6116,3.6116,active,0,9,21
Cocaine,3,0,0.477121;1;1.47712,report call,active,0.0429,0.03,3.5424,3.5424,active,0,18,42
Cocaine,3,1,-0.522879;0;1,report call,active,0.1449,0.03,4.2091,3.0072,active,0,18,42
Cocaine,3,2,-1;-0.522879;1.47712,measure full series,active,0.0,0.03,3.0072,3.0072,active,,18,42
Cocaine,3,3,-1;0;1.47712,report call,inactive,0.0429,0.03,2.7284,2.7284,active,1,18,42
Cocaine,3,4,0;0.477121;1.47712,report call,active,0.0429,0.03,3.5424,3.5424,active,0,18,42
Colchicine,3,0,-1;-0.522879;0,report call,active,0.6531,0.03,10.0,10.0,active,0,9,21
Colchicine,3,1,-1;-0.522879;1,report call,active,0.6531,0.03,10.0,10.0,active,0,9,21
Colchicine,3,2,0.477121;1;1.47712,report call,active,0.6531,0.03,10.0,10.0,active,0,9,21
Colchicine,3,3,-0.522879;0.477121;1.47712,report call,active,0.6531,0.03,10.0,10.0,active,0,9,21
Colchicine,3,4,-1;0.477121;1,report call,active,0.6531,0.03,10.0,10.0,active,0,9,21
Cotinine,4,0,-0.522879;0.477121;1,report call,inactive,0.2347,0.0,1.67,1.67,inactive,0,18,42
Cotinine,4,1,-1;0;0.477121,report call,inactive,0.1429,0.0,2.231,2.0998,inactive,0,18,42
Cotinine,4,2,-1;0;1.47712,report call,inactive,0.1531,0.0,2.2132,2.2132,inactive,0,18,42
Cotinine,4,3,-0.522879;0.477121;1.47712,report call,inactive,0.1531,0.0,2.2132,2.2132,inactive,0,18,42
Cotinine,4,4,-0.522879;0;0.477121,report call,inactive,0.1633,0.0,2.0998,2.0998,inactive,0,18,42
Coumaphos,4,0,-1;0.477121;1.47712,report call,active,0.3755,0.0,7.1047,4.0492,active,0,9,21
Coumaphos,4,1,-1;-0.522879;0.477121,report call,active,0.2959,0.0,6.1524,1.8614,active,0,9,21
Coumaphos,4,2,-1;-0.522879;1,report call,active,0.2122,0.0,4.8389,1.7704,active,0,9,21
Coumaphos,4,3,0;0.477121;1.47712,report call,active,0.3755,0.0,7.097,4.0492,active,0,9,21
Coumaphos,4,4,-0.522879;1;2,report call,active,0.5429,0.0,8.903,8.903,active,0,9,21
Cyclophosphamide monohydrate,1,0,-1.52288;0;1,report call,inactive,0.1714,0.03,2.0621,2.0621,active,1,9,21
Cyclophosphamide monohydrate,1,1,0;1;1.47712,report call,inactive,0.0367,0.03,2.7343,2.7343,active,1,9,21
Cyclophosphamide monohydrate,1,2,-1.52288;-0.522879;0.477121,report call,active,0.1388,0.03,4.1181,3.2815,active,0,9,21
Cyclophosphamide monohydrate,1,3,-1;0;1.47712,report call,inactive,0.0367,0.03,2.7343,2.7343,active,1,9,21
Cyclophosphamide monohydrate,1,4,-1;-0.522879;0,report call,active,0.0408,0.03,3.2033,2.1542,active,0,9,21
Cymoxanil,1,0,-0.522879;1;1.30103,report call,inactive,0.0918,0.03,2.4433,2.4433,inactive,0,18,42
Cymoxanil,1,1,-1.52288;-1;-0.522879,measure full series,inactive,0.0286,0.03,2.7657,1.7043,inactive,,18,42
Cymoxanil,1,2,-1;0;1,report call,inactive,0.2224,0.03,1.8533,1.8533,inactive,0,18,42
Cymoxanil,1,3,-1.52288;-1;0,report call,inactive,0.1714,0.03,2.0847,1.8533,inactive,0,18,42
Cymoxanil,1,4,-0.522879;0.477121;1,report call,inactive,0.2469,0.03,1.7043,1.7043,inactive,0,18,42
Cypermethrin,4,0,-1;-0.522879;1.47712,report call,active,0.4857,0.0,8.237,8.237,active,0,9,21
Cypermethrin,4,1,-1.52288;-1;0.477121,report call,active,0.2143,0.0,4.9203,3.5014,active,0,9,21
Cypermethrin,4,2,-1;-0.522879;0.477121,report call,active,0.249,0.0,5.2924,3.5014,active,0,9,21
Cypermethrin,4,3,-1;0;1,report call,active,0.398,0.0,7.5417,7.3179,active,0,9,21
Cypermethrin,4,4,-1.52288;-0.522879;1,report call,active,0.4224,0.0,7.7495,7.3179,active,0,9,21
D-Glucitol,4,0,-1;-0.522879;0.477121,report call,inactive,0.1633,0.0,2.1051,1.7343,inactive,0,27,63
D-Glucitol,4,1,-1.52288;-1;0.477121,report call,inactive,0.2204,0.0,1.7343,1.7343,inactive,0,27,63
D-Glucitol,4,2,-0.522879;1.30103;1.47712,report call,inactive,0.198,0.0,1.8773,1.8773,inactive,0,18,63
D-Glucitol,4,3,-0.522879;0;1.47712,report call,inactive,0.198,0.0,1.8773,1.8773,inactive,0,24,63
D-Glucitol,4,4,-0.522879;0;0.477121,report call,inactive,0.2204,0.0,1.7343,1.7343,inactive,0,27,63
D-Mannitol,3,0,-1.52288;1;1.30103,measure full series,inactive,0.0061,0.03,2.9723,2.9723,active,,9,21
D-Mannitol,3,1,-1;-0.522879;0,report call,active,0.0306,0.03,3.3785,3.3785,active,0,9,21
D-Mannitol,3,2,-0.522879;0;0.477121,report call,active,0.0306,0.03,3.3785,3.3785,active,0,9,21
D-Mannitol,3,3,-1;-0.522879;0.477121,report call,active,0.0306,0.03,3.3785,3.3785,active,0,9,21
D-Mannitol,3,4,-1.52288;-0.522879;1.30103,report call,active,0.0306,0.03,3.3785,3.3785,active,0,9,21
DDT,3,0,0;0.477121;1,report call,active,0.4837,0.03,8.231,8.231,active,0,27,63
DDT,3,1,-1;0.477121;1,report call,active,0.4837,0.03,8.231,8.231,active,0,27,63
DDT,3,2,-1.52288;0;1,report call,active,0.4837,0.03,8.231,8.231,active,0,27,63
DDT,3,3,-1.52288;-1;0.477121,report call,inactive,0.0694,0.03,2.564,2.564,active,1,27,63
DDT,3,4,-1.52288;0;0.477121,report call,inactive,0.0694,0.03,2.564,2.564,active,1,27,63
Deltamethrin,3,0,-1;-0.522879;1.47712,report call,active,0.5816,0.03,9.4347,9.4347,active,0,18,42
Deltamethrin,3,1,-1.52288;-0.522879;1.47712,report call,active,0.5816,0.03,9.4347,9.4347,active,0,18,42
Deltamethrin,3,2,-1.52288;1;1.47712,report call,active,0.6531,0.03,10.0,10.0,active,0,18,42
Deltamethrin,3,3,-0.522879;0;0.477121,report call,active,0.4939,0.03,8.3098,7.2326,active,0,18,42
Deltamethrin,3,4,-1.52288;0;1.47712,report call,active,0.5816,0.03,9.4347,9.4347,active,0,18,42
Dexamethasone,3,0,-0.522879;0.477121;1,report call,inactive,0.1,0.03,2.485,2.4653,inactive,0,9,21
Dexamethasone,3,1,-0.522879;1;1.47712,report call,inactive,0.1,0.03,2.4858,2.4858,inactive,0,9,21
Dexamethasone,3,2,0;0.477121;1.47712,report call,inactive,0.1,0.03,2.4858,2.4858,inactive,0,9,21
Dexamethasone,3,3,-1.52288;0.477121;1.47712,report call,inactive,0.1,0.03,2.4858,2.4858,inactive,0,9,21
Dexamethasone,3,4,-1;0;1.47712,report call,inactive,0.1,0.03,2.4858,2.4858,inactive,0,9,21
Dextroamphetamine sulfate,4,0,0.477121;1;1.47712,report call,active,0.1592,0.0,4.3659,4.3659,active,0,9,21
Dextroamphetamine sulfate,4,1,-1.52288;0;0.477121,report call,active,0.0469,0.0,3.5577,3.3167,active,0,9,21
Dextroamphetamine sulfate,4,2,-1.52288;-1;0.477121,report call,active,0.1224,0.0,3.9984,3.3167,active,0,9,21
Dextroamphetamine sulfate,4,3,-1.52288;-0.522879;1.47712,report call,active,0.1592,0.0,4.3659,4.3659,active,0,9,21
Dextroamphetamine sulfate,4,4,-0.522879;0;0.477121,report call,active,0.0918,0.0,3.8641,3.3167,active,0,9,21
Di(2-ethylhexyl) phthalate,4,0,-1.52288;0;1.47712,report call,active,0.5857,0.0,9.7786,9.7786,active,0,24,63
Di(2-ethylhexyl) phthalate,4,1,-1.52288;-1;0.477121,report call,active,0.2082,0.0,4.7798,2.8683,active,0,27,63
Di(2-ethylhexyl) phthalate,4,2,-1;0.477121;1.47712,report call,active,0.5857,0.0,9.7786,9.7786,active,0,24,63
Di(2-ethylhexyl) phthalate,4,3,-1.52288;-1;0,report call,active,0.0265,0.0,3.3271,1.654,active,0,27,63
Di(2-ethylhexyl) phthalate,4,4,-1.52288;-1;1.47712,report call,active,0.5857,0.0,9.7786,9.7786,active,0,24,63
Diazepam,1,0,-1.52288;-0.522879;0.477121,report call,active,0.3878,0.03,7.1093,4.9529,active,0,9,21
Diazepam,1,1,-0.522879;0;1,report call,active,0.3408,0.03,6.6221,5.3311,active,0,9,21
Diazepam,1,2,-1;-0.522879;0.477121,report call,active,0.3939,0.03,7.2842,4.9529,active,0,9,21
Diazepam,1,3,-1;0.477121;1.47712,report call,active,0.3939,0.03,7.1955,7.1955,active,0,9,21
Diazepam,1,4,-1.52288;-0.522879;1,report call,active,0.2939,0.03,5.8325,4.766,active,0,9,21
Diazinon,4,0,-0.522879;1;1.47712,report call,active,0.4204,0.0,7.7469,3.4795,active,0,9,21
Diazinon,4,1,-1;1;1.47712,report call,active,0.4388,0.0,7.9629,3.4795,active,0,9,21
Diazinon,4,2,-0.522879;0;0.477121,report call,inactive,0.0082,0.0,2.9502,1.9577,active,1,9,21
Diazinon,4,3,-0.522879;1.47712;2,report call,active,0.5837,0.0,9.6458,9.6458,active,0,9,21
Diazinon,4,4,0;0.477121;1,report call,active,0.2755,0.0,5.756,1.9577,active,0,9,21
Diazoxon,1,0,-1;0.477121;2,report call,inactive,0.0408,0.03,2.6589,2.6589,inactive,0,9,21
Diazoxon,1,1,1;1.47712;2,report call,inactive,0.0551,0.03,2.5641,2.5641,inactive,0,9,21
Diazoxon,1,2,0;0.477121;1,report call,active,0.349,0.03,6.8727,2.6589,inactive,1,9,21
Diazoxon,1,3,0;0.477121;2,report call,inactive,0.0408,0.03,2.6589,2.6589,inactive,0,9,21
Diazoxon,1,4,-1;-0.522879;2,report call,inactive,0.0571,0.03,2.5522,2.5522,inactive,0,9,21
"Dibenz[a,c]anthracene",3,0,-1;-0.522879;1,report call,active,0.2184,0.03,4.9356,4.4816,active,0,9,21
"Dibenz[a,c]anthracene",3,1,-1.52288;0.477121;1,report call,active,0.2184,0.03,4.9477,4.4816,active,0,9,21
"Dibenz[a,c]anthracene",3,2,-1.52288;-1;0.477121,measure full series,inactive,0.0082,0.03,2.9443,2.9443,active,,9,21
"Dibenz[a,c]anthracene",3,3,-1.52288;-0.522879;0,measure full series,active,0.0265,0.03,3.2813,3.2813,active,,9,21
"Dibenz[a,c]anthracene",3,4,-1;0;1.30103,report call,active,0.1735,0.03,4.4485,4.4485,active,0,9,21
Dichlorvos,2,0,-2;-1.52288;0.477121,report call,inactive,0.1306,0.03,2.3361,2.3361,inactive,0,9,21
Dichlorvos,2,1,-1.52288;0;1,report call,inactive,0.1306,0.03,2.3361,2.3361,inactive,0,9,21
Dichlorvos,2,2,-2;-1;1,report call,inactive,0.1388,0.03,2.2824,2.2824,inactive,0,9,21
Dichlorvos,2,3,-2;0;1,report call,inactive,0.1694,0.03,2.0514,2.0514,inactive,0,9,21
Dichlorvos,2,4,-2;0.477121;1,report call,inactive,0.1694,0.03,2.0514,2.0514,inactive,0,9,21
Dicrotophos,3,0,-1;1.47712;2,report call,inactive,0.2061,0.03,1.822,1.822,inactive,0,9,20
Dicrotophos,3,1,-1;0.477121;1.47712,report call,active,0.1796,0.03,4.5438,1.5604,inactive,1,9,20
Dicrotophos,3,2,-0.522879;0.477121;1,report call,inactive,0.1653,0.03,2.0802,2.0802,inactive,0,9,20
Dicrotophos,3,3,-1;-0.522879;1,report call,inactive,0.1653,0.03,2.0802,2.0802,inactive,0,9,20
Dicrotophos,3,4,-1;0.477121;2,report call,inactive,0.2061,0.03,1.822,1.822,inactive,0,9,20
Dieldrin,4,0,-1.52288;0.477121;1,report call,active,0.5429,0.0,8.8956,8.7806,active,0,9,21
Dieldrin,4,1,-1.52288;-0.522879;0,report call,active,0.0837,0.0,3.8379,3.8379,active,0,9,21
Dieldrin,4,2,-1;0.477121;1,report call,active,0.5429,0.0,8.8987,8.7806,active,0,9,21
Dieldrin,4,3,-1.52288;0;1,report call,active,0.5531,0.0,8.9719,8.7806,active,0,9,21
Dieldrin,4,4,0;0.477121;1,report call,active,0.5571,0.0,9.0268,8.7806,active,0,9,21
Diethylene glycol,1,0,-1.52288;0;0.477121,report call,inactive,0.2224,0.03,1.8468,1.5052,inactive,0,9,21
Diethylene glycol,1,1,-1;0;0.477121,report call,inactive,0.2286,0.03,1.8052,1.5818,inactive,0,9,21
Diethylene glycol,1,2,-1.52288;-1;-0.522879,report call,inactive,0.0551,0.03,2.5674,1.878,inactive,0,9,21
Diethylene glycol,1,3,-1;0.477121;1.47712,report call,inactive,0.2469,0.03,1.7019,1.7019,inactive,0,9,21
Diethylene glycol,1,4,0.477121;1;1.47712,report call,inactive,0.1429,0.03,2.2778,2.2778,inactive,0,9,21
Diethylstilbestrol,1,0,-1;-0.522879;1.47712,report call,active,0.5245,0.03,8.8436,8.8436,active,0,9,21
Diethylstilbestrol,1,1,-1.52288;-1;0.477121,report call,active,0.349,0.03,6.8872,3.161,active,0,9,21
Diethylstilbestrol,1,2,-1.52288;1;1.47712,report call,active,0.5245,0.03,8.8436,8.8436,active,0,9,21
Diethylstilbestrol,1,3,-1.52288;0;1,report call,active,0.4,0.03,7.3939,5.7461,active,0,9,21
Diethylstilbestrol,1,4,-1.52288;-0.522879;1,report call,active,0.3469,0.03,6.768,5.7461,active,0,9,21
Difpas-pyrazole,1,0,-1.52288;-0.522879;1,report call,active,0.3082,0.03,5.9587,5.9587,active,0,8,19
Difpas-pyrazole,1,1,-1.52288;-0.522879;0.477121,measure full series,inactive,0.0245,0.03,2.7746,2.7746,active,,8,19
Difpas-pyrazole,1,2,-1.52288;-1;0,report call,active,0.1571,0.03,4.2915,3.5093,active,0,9,19
Difpas-pyrazole,1,3,-1;-0.522879;0.477121,measure full series,inactive,0.0245,0.03,2.7746,2.7746,active,,8,19
Difpas-pyrazole,1,4,-1.52288;-1;1,report call,active,0.3082,0.03,5.9587,5.9587,active,0,8,19
Dimethoate,1,0,0;1;1.47712,report call,active,0.2571,0.03,5.1706,2.8323,active,0,9,21
Dimethoate,1,1,-0.522879;1;2,report call,active,0.6316,0.03,10.0,10.0,active,0,9,21
Dimethoate,1,2,-0.522879;0.477121;1.47712,report call,active,0.2041,0.03,4.6557,2.8323,active,0,9,21
Dimethoate,1,3,0;1.47712;2,report call,active,0.6316,0.03,10.0,10.0,active,0,9,21
Dimethoate,1,4,-1;0;2,report call,active,0.6316,0.03,10.0,10.0,active,0,9,21
Diphenhydramine hydrochloride,4,0,-0.522879;0;1,report call,active,0.2347,0.0,5.1427,4.6556,active,0,9,21
Diphenhydramine hydrochloride,4,1,-1.52288;-1;0.477121,report call,active,0.0551,0.0,3.6438,3.2122,active,0,9,21
Diphenhydramine hydrochloride,4,2,-1;0;1.30103,report call,active,0.4939,0.0,8.3184,8.3184,active,0,9,21
Diphenhydramine hydrochloride,4,3,-1;0.477121;1,report call,active,0.2469,0.0,5.2637,4.6556,active,0,9,21
Diphenhydramine hydrochloride,4,4,-1.52288;1;1.30103,report call,active,0.4939,0.0,8.3184,8.3184,active,0,9,21
Emamectin benzoate,3,0,-2.52288;-1.52288;-1,report call,active,0.5204,0.03,8.7039,7.7596,active,0,12,35
Emamectin benzoate,3,1,-4;-2;-1,report call,active,0.4347,0.03,7.8343,7.7596,active,0,9,35
Emamectin benzoate,3,2,-0.522879;0;1,report call,active,0.4898,0.03,8.2799,8.2799,active,0,9,35
Emamectin benzoate,3,3,-3;-1;0.477121,report call,active,0.502,0.03,8.4086,8.237,active,0,10,35
Emamectin benzoate,3,4,-4;-3.52288;1.47712,report call,active,0.4857,0.03,8.237,8.237,active,0,7,35
Endosulfan,1,0,-1.52288;-1;0.477121,report call,inactive,0.0388,0.03,2.6741,2.6741,active,1,9,21
Endosulfan,1,1,-1;1;1.30103,report call,active,0.6316,0.03,10.0,10.0,active,0,9,21
Endosulfan,1,2,0.477121;1;1.30103,report call,active,0.6316,0.03,10.0,10.0,active,0,9,21
Endosulfan,1,3,-1;0.477121;1.30103,report call,active,0.5143,0.03,8.8188,8.8188,active,0,9,21
Endosulfan,1,4,-1;0;1.30103,report call,active,0.5143,0.03,8.8188,8.8188,active,0,9,21
Endrin,1,0,-1;-0.522879;0.477121,report call,active,0.0469,0.03,3.3446,3.3446,active,0,9,21
Endrin,1,1,-1.52288;-0.522879;0,report call,inactive,0.2245,0.03,1.8356,1.8356,active,1,9,21
Endrin,1,2,-1.52288;0;1.30103,report call,active,0.0735,0.03,3.652,3.652,active,0,9,21
Endrin,1,3,-0.522879;0;1.30103,report call,active,0.0735,0.03,3.652,3.652,active,0,9,21
Endrin,1,4,-1;-0.522879;1,report call,active,0.0469,0.03,3.3446,3.3446,active,0,9,21
Es-fenvalerate,3,0,-1;0.477121;1,report call,active,0.4796,0.03,8.2122,8.2122,active,0,9,21
Es-fenvalerate,3,1,-1;0;0.477121,report call,active,0.4592,0.03,8.1113,8.1113,active,0,9,21
Es-fenvalerate,3,2,-0.522879;1;1.30103,report call,active,0.4796,0.03,8.2122,8.2122,active,0,9,21
Es-fenvalerate,3,3,-1.52288;0;1.30103,report call,active,0.4367,0.03,7.8903,7.8903,active,0,9,21
Es-fenvalerate,3,4,-1;-0.522879;1,report call,active,0.4796,0.03,8.2122,8.2122,active,0,9,21
Esketamine hydrochloride,3,0,-1.52288;-1;0.477121,report call,active,0.1286,0.03,4.1,3.0381,active,0,9,21
Esketamine hydrochloride,3,1,-0.522879;1;1.47712,report call,active,0.2408,0.03,5.1837,5.1837,active,0,9,21
Esketamine hydrochloride,3,2,-1;-0.522879;1,measure full series,active,0.0061,0.03,3.0381,3.0381,active,,9,21
Esketamine hydrochloride,3,3,-1.52288;0;0.477121,report call,active,0.1796,0.03,4.548,2.5463,active,0,9,21
Esketamine hydrochloride,3,4,-0.522879;0;1,report call,inactive,0.0306,0.03,2.7496,2.7496,active,1,9,21
Etofenprox,3,0,-1.52288;0.477121;1.30103,report call,active,0.4276,0.03,7.7779,7.7779,active,0,9,21
Etofenprox,3,1,-1;0;1,report call,active,0.2531,0.03,5.4753,5.165,active,0,9,21
Etofenprox,3,2,0;0.477121;1,report call,active,0.2551,0.03,5.5034,5.165,active,0,9,21
Etofenprox,3,3,-0.522879;0;0.477121,report call,active,0.0551,0.03,3.6363,2.4633,active,0,9,21
Etofenprox,3,4,-1.52288;0;0.477121,report call,active,0.0551,0.03,3.6322,2.4633,active,0,9,21
Eugenol,2,0,-0.522879;0;0.477121,report call,active,0.0898,0.03,3.8498,2.8067,active,0,9,21
Eugenol,2,1,-1;0.477121;1.30103,report call,active,0.1898,0.03,4.6178,4.6178,active,0,9,21
Eugenol,2,2,-1.52288;-1;0,report call,active,0.0367,0.03,3.4521,3.4521,active,0,9,21
Eugenol,2,3,-1;0;1,report call,active,0.0367,0.03,3.4521,3.4521,active,0,9,21
Eugenol,2,4,0;0.477121;1,measure full series,inactive,0.0204,0.03,2.8542,2.5637,active,,9,21
Fenitrothion,1,0,-1.52288;0.477121;1.30103,report call,inactive,0.0571,0.03,2.5562,2.5562,inactive,0,17,41
Fenitrothion,1,1,-0.522879;0.477121;1.30103,report call,inactive,0.0571,0.03,2.5562,2.5562,inactive,0,17,41
Fenitrothion,1,2,-1.52288;-0.522879;1,report call,inactive,0.0592,0.03,2.542,2.542,inactive,0,18,41
Fenitrothion,1,3,-1.52288;-1;-0.522879,report call,active,0.098,0.03,3.8644,2.542,inactive,1,18,41
Fenitrothion,1,4,-1;-0.522879;1,report call,inactive,0.0592,0.03,2.542,2.542,inactive,0,18,41
Fenpropathrin,3,0,0;1;1.30103,report call,active,0.4837,0.03,8.2272,8.2272,active,0,9,21
Fenpropathrin,3,1,-0.522879;1;1.30103,report call,active,0.4837,0.03,8.2272,8.2272,active,0,9,21
Fenpropathrin,3,2,-1;-0.522879;0.477121,report call,active,0.049,0.03,3.5898,3.5898,active,0,9,21
Fenpropathrin,3,3,-1;0.477121;1.30103,report call,active,0.4367,0.03,7.8903,7.8903,active,0,9,21
Fenpropathrin,3,4,-1;0;1,report call,active,0.4837,0.03,8.2272,8.2272,active,0,9,21
Fipronil,2,0,-1.52288;-1;-0.522879,measure full series,inactive,0.0163,0.03,2.9028,2.6617,active,,9,21
Fipronil,2,1,-1.52288;-1;0,measure full series,inactive,0.0082,0.03,2.945,2.945,active,,9,21
Fipronil,2,2,-1.52288;-0.522879;1.47712,report call,active,0.2265,0.03,5.0808,5.0808,active,0,9,21
Fipronil,2,3,-1.52288;0;1.47712,report call,active,0.2265,0.03,5.0808,5.0808,active,0,9,21
Fipronil,2,4,-1.52288;-1;1,report call,active,0.1449,0.03,4.239,4.239,active,0,9,21
Firemaster 550,3,0,-1.52288;0;1.30103,report call,active,0.2857,0.03,5.8973,5.8973,active,0,9,21
Firemaster 550,3,1,-1.52288;0.477121;1.30103,report call,active,0.2857,0.03,5.8973,5.8973,active,0,9,21
Firemaster 550,3,2,-1;0.477121;1,report call,inactive,0.0653,0.03,2.5679,2.3259,active,1,9,21
Firemaster 550,3,3,-1.52288;-1;0.477121,report call,active,0.0531,0.03,3.6048,2.3259,active,0,9,21
Firemaster 550,3,4,-1;-0.522879;1.30103,report call,active,0.2857,0.03,5.8973,5.8973,active,0,9,21
Fluorene,2,0,-0.522879;0;1.30103,report call,inactive,0.2571,0.03,1.4975,1.4975,inactive,0,18,41
Fluorene,2,1,-1;0.477121;1.30103,report call,inactive,0.2163,0.03,1.8046,1.8046,inactive,0,17,41
Fluorene,2,2,-1.52288;-1;1.30103,report call,inactive,0.2163,0.03,1.8046,1.8046,inactive,0,18,41
Fluorene,2,3,0;0.477121;1.30103,report call,inactive,0.2571,0.03,1.4975,1.4975,inactive,0,17,41
Fluorene,2,4,-1.52288;-1;-0.522879,report call,inactive,0.1143,0.03,2.3968,1.8046,inactive,0,18,41
Folic acid,3,0,-1;1;1.30103,measure full series,inactive,0.0,0.03,2.9833,2.9833,active,,8,20
Folic acid,3,1,-1.52288;-1;1,measure full series,active,0.0265,0.03,3.2687,2.9833,active,,8,20
Folic acid,3,2,-0.522879;0;0.477121,report call,active,0.2959,0.03,6.1786,4.9038,active,0,9,20
Folic acid,3,3,-1.52288;1;1.30103,measure full series,inactive,0.0,0.03,2.9833,2.9833,active,,8,20
Folic acid,3,4,-0.522879;1;1.30103,measure full series,inactive,0.0,0.03,2.9833,2.9833,active,,8,20
Fosthiazate,4,0,-1;0.477121;1.47712,report call,inactive,0.1633,0.0,2.1108,2.1108,inactive,0,9,21
Fosthiazate,4,1,-0.522879;0;0.477121,report call,active,0.2694,0.0,5.631,2.1108,inactive,1,9,21
Fosthiazate,4,2,0;0.477121;2,report call,inactive,0.1633,0.0,2.1108,2.1108,inactive,0,9,21
Fosthiazate,4,3,0;0.477121;1,report call,inactive,0.1633,0.0,2.1108,2.1108,inactive,0,9,21
Fosthiazate,4,4,0.477121;1.47712;2,report call,inactive,0.1633,0.0,2.1108,2.1108,inactive,0,9,21
Glycerol,2,0,-0.522879;0.477121;1.30103,report call,inactive,0.2571,0.03,1.4897,1.4897,inactive,0,18,42
Glycerol,2,1,-1;0;1,report call,inactive,0.249,0.03,1.5699,1.5699,inactive,0,18,42
Glycerol,2,2,-1;0.477121;1,report call,inactive,0.2735,0.03,1.3504,1.3504,inactive,0,18,42
Glycerol,2,3,-1.52288;-1;1,report call,inactive,0.2878,0.03,1.3104,1.3104,inactive,0,18,42
Glycerol,2,4,-1.52288;1;1.30103,report call,inactive,0.2571,0.03,1.4897,1.4897,inactive,0,18,42
Haloperidol,3,0,-1.52288;-1;1.47712,report call,active,0.5143,0.03,8.4992,8.4992,active,0,9,21
Haloperidol,3,1,-0.522879;0;0.477121,report call,active,0.4204,0.03,7.7196,6.6234,active,0,9,21
Haloperidol,3,2,0.477121;1;1.47712,report call,active,0.5143,0.03,8.4992,8.4992,active,0,9,21
Haloperidol,3,3,-1.52288;-1;-0.522879,report call,active,0.249,0.03,5.3118,3.7897,active,0,9,21
Haloperidol,3,4,-1;-0.522879;0.477121,report call,active,0.398,0.03,7.4138,6.6234,active,0,9,21
Heptachlor epoxide B,4,0,-1.52288;-1;-0.522879,report call,inactive,0.0469,0.0,2.7046,2.7046,active,1,18,42
Heptachlor epoxide B,4,1,-1.52288;0;0.477121,report call,inactive,0.051,0.0,2.6791,2.6791,active,1,18,42
Heptachlor epoxide B,4,2,-0.522879;0;0.477121,report call,inactive,0.051,0.0,2.6791,2.6791,active,1,18,42
Heptachlor epoxide B,4,3,-1.52288;0.477121;1,report call,active,0.0633,0.0,3.6711,3.6711,active,0,18,42
Heptachlor epoxide B,4,4,-1;0;1.47712,report call,active,0.5388,0.0,8.8337,8.8337,active,0,18,42
Hexachlorophene,3,0,-2;-0.522879;1.30103,report call,active,0.502,0.03,8.4137,6.2661,active,0,14,56
Hexachlorophene,3,1,0.477121;1;1.30103,report call,active,0.5837,0.03,9.675,9.675,active,0,19,56
Hexachlorophene,3,2,1;1.30103;1.47712,report call,active,0.6531,0.03,10.0,10.0,active,0,13,56
Hexachlorophene,3,3,-1;0.477121;1,report call,active,0.5837,0.03,9.675,9.675,active,0,24,56
Hexachlorophene,3,4,-1.52288;0;0.477121,report call,active,0.5837,0.03,9.675,9.675,active,0,24,56
Imidacloprid,4,0,-1;-0.522879;1,report call,inactive,0.1102,0.0,2.4468,2.4468,active,1,9,21
Imidacloprid,4,1,-1.52288;-1;1,report call,inactive,0.0429,0.0,2.7237,2.4468,active,1,9,21
Imidacloprid,4,2,-1.52288;-0.522879;0,report call,inactive,0.1367,0.0,2.3069,2.1098,active,1,9,21
Imidacloprid,4,3,-1;-0.522879;1.47712,report call,active,0.0265,0.0,3.2758,3.2758,active,0,9,21
Imidacloprid,4,4,-1;1;1.47712,report call,active,0.0265,0.0,3.2758,3.2758,active,0,9,21
Isodecyl diphenyl phosphate,4,0,0;1;1.30103,report call,inactive,0.1122,0.0,2.4151,2.4151,inactive,0,9,21
Isodecyl diphenyl phosphate,4,1,-1.52288;-1;1,report call,inactive,0.1122,0.0,2.4151,2.4151,inactive,0,9,21
Isodecyl diphenyl phosphate,4,2,-1;1;1.30103,report call,inactive,0.1122,0.0,2.4151,2.4151,inactive,0,9,21
Isodecyl diphenyl phosphate,4,3,-0.522879;0.477121;1,report call,inactive,0.1061,0.0,2.4561,2.4151,inactive,0,9,21
Isodecyl diphenyl phosphate,4,4,0.477121;1;1.30103,report call,inactive,0.1122,0.0,2.4151,2.4151,inactive,0,9,21
Kepone,4,0,-0.522879;0.477121;1,report call,active,0.5316,0.0,8.8188,8.8188,active,0,9,21
Kepone,4,1,-1;0;1,report call,active,0.5316,0.0,8.8188,8.8188,active,0,9,21
Kepone,4,2,-1;0;0.477121,report call,active,0.1776,0.0,4.5353,4.2571,active,0,9,21
Kepone,4,3,-1;-0.522879;1,report call,active,0.5316,0.0,8.8188,8.8188,active,0,9,21
Kepone,4,4,-1.52288;0;1.30103,report call,active,0.5316,0.0,8.8188,8.8188,active,0,9,21
L-Ascorbic acid,2,0,-1;0.477121;1.30103,report call,inactive,0.198,0.03,1.897,1.897,inactive,0,9,21
L-Ascorbic acid,2,1,-1.52288;-1;1.30103,report call,inactive,0.198,0.03,1.897,1.897,inactive,0,9,21
L-Ascorbic acid,2,2,-1.52288;-1;-0.522879,report call,active,0.1245,0.03,4.0239,2.9025,inactive,1,9,21
L-Ascorbic acid,2,3,-1;0;0.477121,measure full series,inactive,0.0082,0.03,2.9664,1.897,inactive,,9,21
L-Ascorbic acid,2,4,-1;0;1.30103,report call,inactive,0.198,0.03,1.897,1.897,inactive,0,9,21
Lead(II) acetate trihydrate,3,0,-0.522879;0.477121;1.47712,report call,active,0.6531,0.03,10.0,10.0,active,0,9,21
Lead(II) acetate trihydrate,3,1,-1;-0.522879;0.477121,report call,active,0.1245,0.03,4.0488,3.0974,active,0,9,21
Lead(II) acetate trihydrate,3,2,-1.52288;-0.522879;0,report call,active,0.0551,0.03,3.6192,3.0974,active,0,9,21
Lead(II) acetate trihydrate,3,3,-1.52288;-1;0.477121,report call,active,0.1429,0.03,4.1923,2.9586,active,0,9,21
Lead(II) acetate trihydrate,3,4,-1;0;0.477121,report call,active,0.1449,0.03,4.2451,2.9586,active,0,9,21
Lindane,2,0,-1;1;1.47712,report call,active,0.3102,0.03,6.402,6.402,active,0,9,21
Lindane,2,1,-1.52288;0;0.477121,report call,active,0.3449,0.03,6.9068,3.9722,active,0,9,21
Lindane,2,2,-1.52288;-1;1,report call,active,0.3102,0.03,6.5161,5.6672,active,0,9,21
Lindane,2,3,-0.522879;1;1.47712,report call,active,0.3102,0.03,6.402,6.402,active,0,9,21
Lindane,2,4,-1.52288;-1;-0.522879,report call,active,0.1082,0.03,3.9218,2.3692,active,0,9,21
Loperamide,1,0,-1.52288;0.477121;1.47712,report call,active,0.5265,0.03,8.9048,8.9048,active,0,26,66
Loperamide,1,1,-0.522879;0;1,report call,active,0.5265,0.03,8.9048,8.9048,active,0,30,66
Loperamide,1,2,-0.522879;0.477121;1.47712,report call,active,0.5265,0.03,8.9048,8.9048,active,0,30,66
Loperamide,1,3,0;1;1.47712,report call,active,0.5265,0.03,8.9048,8.9048,active,0,30,66
Loperamide,1,4,-1;0.477121;1,report call,active,0.5265,0.03,8.9839,8.9048,active,0,30,66
Malaoxon,1,0,-1;1.47712;2,report call,inactive,0.1204,0.03,2.345,2.345,inactive,0,9,21
Malaoxon,1,1,0;1;2,report call,inactive,0.1082,0.03,2.3846,2.3846,inactive,0,9,21
Malaoxon,1,2,-0.522879;0.477121;2,measure full series,inactive,0.0102,0.03,2.9422,2.9422,inactive,,9,21
Malaoxon,1,3,-1;-0.522879;1.47712,report call,inactive,0.1204,0.03,2.345,2.345,inactive,0,9,21
Malaoxon,1,4,-0.522879;0.477121;1.47712,measure full series,inactive,0.0102,0.03,2.9422,2.9422,inactive,,9,21
Malathion,3,0,-1;-0.522879;1.47712,report call,active,0.502,0.03,8.4219,8.4219,active,0,9,21
Malathion,3,1,0;0.477121;2,report call,active,0.4071,0.03,7.6124,7.6124,active,0,9,21
Malathion,3,2,-0.522879;0.477121;1,report call,active,0.2469,0.03,5.2646,2.3098,active,0,9,21
Malathion,3,3,-0.522879;1;2,report call,active,0.4071,0.03,7.6124,7.6124,active,0,9,21
Malathion,3,4,-1;0;0.477121,report call,active,0.1449,0.03,4.2407,1.8062,active,0,9,21
Mancozeb,3,0,0.477121;1;1.30103,report call,inactive,0.1429,0.03,2.2569,2.2569,inactive,0,18,42
Mancozeb,3,1,-0.522879;0;1,report call,inactive,0.1592,0.03,2.1209,2.0861,inactive,0,18,42
Mancozeb,3,2,-0.522879;1;1.30103,report call,inactive,0.1429,0.03,2.2569,2.2569,inactive,0,18,42
Mancozeb,3,3,-0.522879;0;0.477121,report call,inactive,0.198,0.03,1.8836,1.3958,inactive,0,18,42
Mancozeb,3,4,-1.52288;-1;1.30103,report call,inactive,0.1429,0.03,2.2569,2.2569,inactive,0,18,42
Maneb,2,0,-1;-0.522879;1,report call,inactive,0.1367,0.03,2.2953,2.2953,inactive,0,9,21
Maneb,2,1,-2;-1.52288;-1,report call,active,0.1755,0.03,4.5043,1.8971,inactive,1,9,21
Maneb,2,2,-2;-0.522879;1,report call,inactive,0.1367,0.03,2.2953,2.2953,inactive,0,9,21
Maneb,2,3,-0.522879;0.477121;1,report call,inactive,0.1122,0.03,2.416,2.416,inactive,0,9,21
Maneb,2,4,-2;-1;1,report call,inactive,0.198,0.03,1.8971,1.8971,inactive,0,9,21
Manganese dichloride,2,0,-1.52288;-1;0.477121,report call,inactive,0.0857,0.03,2.5241,2.5241,inactive,0,9,21
Manganese dichloride,2,1,-0.522879;0.477121;1,report call,inactive,0.2878,0.03,1.3101,1.3101,inactive,0,9,21
Manganese dichloride,2,2,-1;0;1.47712,report call,inactive,0.1265,0.03,2.3471,2.3471,inactive,0,9,21
Manganese dichloride,2,3,-0.522879;1;1.47712,report call,inactive,0.2388,0.03,1.6241,1.6241,inactive,0,9,21
Manganese dichloride,2,4,-1;-0.522879;1,report call,inactive,0.1265,0.03,2.3471,2.3471,inactive,0,9,21
Manganese(II) acetate,3,0,-1;0.477121;1,report call,inactive,0.1776,0.03,1.9704,1.9704,inactive,0,9,21
Manganese(II) acetate,3,1,-1.52288;0.477121;1.30103,report call,inactive,0.1776,0.03,1.9704,1.9704,inactive,0,9,21
Manganese(II) acetate,3,2,-1;0;1,report call,inactive,0.2388,0.03,1.5968,1.5968,inactive,0,9,21
Manganese(II) acetate,3,3,-1;-0.522879;1.30103,report call,inactive,0.2653,0.03,1.4564,1.4564,inactive,0,9,21
Manganese(II) acetate,3,4,-1.52288;-1;0,report call,inactive,0.2388,0.03,1.5968,1.5968,inactive,0,9,21
Mercuric chloride,2,0,-2;-1.52288;1,report call,active,0.3633,0.03,6.9936,6.9785,active,0,12,42
Mercuric chloride,2,1,-1.52288;-0.522879;1,report call,active,0.3633,0.03,6.9904,6.9785,active,0,15,42
Mercuric chloride,2,2,-2.52288;-0.522879;1.30103,report call,active,0.3622,0.03,6.9785,6.9785,active,0,12,42
Mercuric chloride,2,3,-2.52288;-1;0.477121,report call,active,0.3224,0.03,6.7462,6.6768,active,0,15,42
Mercuric chloride,2,4,-2;0.477121;1,report call,active,0.3633,0.03,6.9823,6.9785,active,0,12,42
Methamidophos,2,0,-0.522879;1;2,report call,active,0.0306,0.03,3.3515,3.3515,active,0,17,41
Methamidophos,2,1,1;1.47712;2,report call,active,0.0306,0.03,3.3515,3.3515,active,0,17,41
Methamidophos,2,2,0.477121;1;2,report call,active,0.0306,0.03,3.3515,3.3515,active,0,17,41
Methamidophos,2,3,-1;-0.522879;0.477121,report call,active,0.1551,0.03,4.3557,2.5788,active,0,18,41
Methamidophos,2,4,-0.522879;0;2,report call,active,0.0306,0.03,3.3515,3.3515,active,0,17,41
Methimazole,4,0,-1.52288;0;1,report call,inactive,0.0245,0.0,2.8089,2.6627,active,1,9,21
Methimazole,4,1,-1.52288;0;1.30103,report call,active,0.1082,0.0,3.9473,3.9473,active,0,9,21
Methimazole,4,2,0;0.477121;1,report call,inactive,0.0367,0.0,2.7471,2.7471,active,1,9,21
Methimazole,4,3,-1;0.477121;1,report call,inactive,0.0245,0.0,2.7908,2.7471,active,1,9,21
Methimazole,4,4,-1.52288;-1;-0.522879,report call,active,0.1449,0.0,4.2213,2.7337,active,0,9,21
Methoxychlor,1,0,-1.52288;0.477121;1.30103,report call,active,0.4612,0.03,8.1558,8.1558,active,0,9,21
Methoxychlor,1,1,-1;-0.522879;1.30103,report call,active,0.4612,0.03,8.1558,8.1558,active,0,9,21
Methoxychlor,1,2,-1.52288;-0.522879;0,report call,active,0.0857,0.03,3.7478,3.2649,active,0,9,21
Methoxychlor,1,3,-1.52288;0;1.30103,report call,active,0.4612,0.03,8.1558,8.1558,active,0,9,21
Methoxychlor,1,4,-0.522879;0;1,report call,active,0.3469,0.03,6.7476,5.8954,active,0,9,21
Methylmercuric(II) chloride,2,0,-1.52288;0;1,report call,active,0.6531,0.03,10.0,10.0,active,0,9,21
Methylmercuric(II) chloride,2,1,-0.522879;0;0.477121,report call,active,0.6531,0.03,10.0,10.0,active,0,9,21
Methylmercuric(II) chloride,2,2,-2;-1.52288;1,report call,active,0.6531,0.03,10.0,10.0,active,0,9,21
Methylmercuric(II) chloride,2,3,-2;-1;1,report call,active,0.6531,0.03,10.0,10.0,active,0,9,21
Methylmercuric(II) chloride,2,4,-1.52288;-1;0.477121,report call,active,0.6531,0.03,10.0,10.0,active,0,9,21
Mevastatin,2,0,-1;0.477121;1.47712,report call,active,0.5204,0.03,8.7215,8.7215,active,0,21,45
Mevastatin,2,1,-1;0;0.477121,report call,active,0.5592,0.03,9.2289,8.0785,active,0,21,45
Mevastatin,2,2,-1;0;1,report call,active,0.6531,0.03,10.0,10.0,active,0,21,45
Mevastatin,2,3,-1;-0.522879;0,report call,active,0.5163,0.03,8.572,7.435,active,0,21,45
Mevastatin,2,4,-1;0;1.47712,report call,active,0.5204,0.03,8.7215,8.7215,active,0,21,45
Mirex,2,0,-0.522879;0.477121;1.30103,report call,active,0.4704,0.03,8.1558,8.1558,active,0,9,21
Mirex,2,1,-1.52288;0;1,report call,active,0.4796,0.03,8.1714,8.1558,active,0,9,21
Mirex,2,2,-1.52288;-1;1.30103,report call,active,0.4704,0.03,8.1558,8.1558,active,0,9,21
Mirex,2,3,0;0.477121;1.30103,report call,active,0.4704,0.03,8.1558,8.1558,active,0,9,21
Mirex,2,4,-1;0;0.477121,report call,active,0.3959,0.03,7.387,6.8825,active,0,9,21
Molinate,4,0,-1.52288;0;1,report call,active,0.1286,0.0,4.0643,3.6142,active,0,9,21
Molinate,4,1,-1.52288;-0.522879;1,report call,active,0.1245,0.0,4.0318,3.6142,active,0,9,21
Molinate,4,2,-1.52288;0.477121;1,report call,active,0.1082,0.0,3.9259,3.6142,active,0,9,21
Molinate,4,3,-1;-0.522879;0.477121,report call,active,0.151,0.0,4.3292,3.3132,active,0,9,21
Molinate,4,4,-0.522879;0;1,report call,active,0.149,0.0,4.2853,3.6142,active,0,9,21
Naled,1,0,0;0.477121;1.47712,report call,active,0.4102,0.03,7.6124,7.6124,active,0,9,21
Naled,1,1,-1;-0.522879;2,report call,active,0.4102,0.03,7.6124,7.6124,active,0,9,21
Naled,1,2,-0.522879;0.477121;2,report call,active,0.4102,0.03,7.6124,7.6124,active,0,9,21
Naled,1,3,-1;0.477121;1.47712,report call,active,0.4102,0.03,7.6124,7.6124,active,0,9,21
Naled,1,4,0;1;1.47712,report call,active,0.5286,0.03,9.1107,9.1107,active,0,9,21
Naloxone hydrochloride dihydrate,3,0,-1.52288;0;1.47712,report call,inactive,0.2878,0.03,1.2839,1.2839,inactive,0,9,21
Naloxone hydrochloride dihydrate,3,1,-0.522879;0;0.477121,report call,inactive,0.2204,0.03,1.7086,1.7044,inactive,0,9,21
Naloxone hydrochloride dihydrate,3,2,-1.52288;0.477121;1.47712,report call,inactive,0.2204,0.03,1.7044,1.7044,inactive,0,9,21
Naloxone hydrochloride dihydrate,3,3,-1.52288;-1;0,report call,inactive,0.2531,0.03,1.551,1.2839,inactive,0,9,21
Naloxone hydrochloride dihydrate,3,4,-1.52288;-1;1.47712,report call,inactive,0.2878,0.03,1.2478,1.2478,inactive,0,9,21
"Octachloro-4,7-methanotetrahydroindane",2,0,0;1;1.30103,report call,active,0.4704,0.03,8.1558,8.1558,active,0,9,21
"Octachloro-4,7-methanotetrahydroindane",2,1,-1;0;1.30103,report call,active,0.4704,0.03,8.1558,8.1558,active,0,9,21
"Octachloro-4,7-methanotetrahydroindane",2,2,-0.522879;0;1.30103,report call,active,0.4704,0.03,8.1558,8.1558,active,0,9,21
"Octachloro-4,7-methanotetrahydroindane",2,3,-0.522879;1;1.30103,report call,active,0.4704,0.03,8.1558,8.1558,active,0,9,21
"Octachloro-4,7-methanotetrahydroindane",2,4,-1.52288;0;1.30103,report call,active,0.4704,0.03,8.1558,8.1558,active,0,9,21
Octylbicycloheptenedicarboximide,4,0,-1;0;1.30103,report call,active,0.2755,0.0,5.7544,5.7544,active,0,9,21
Octylbicycloheptenedicarboximide,4,1,-1.52288;-1;1.30103,report call,active,0.2755,0.0,5.7544,5.7544,active,0,9,21
Octylbicycloheptenedicarboximide,4,2,-1.52288;-0.522879;0.477121,report call,active,0.1776,0.0,4.5254,4.5254,active,0,9,21
Octylbicycloheptenedicarboximide,4,3,-1;0;0.477121,measure full series,inactive,0.0,0.0,2.9886,2.9886,active,,9,21
Octylbicycloheptenedicarboximide,4,4,-1.52288;-1;1,report call,active,0.1776,0.0,4.5254,4.5254,active,0,9,21
Oxidopamine hydrochloride,1,0,-1.52288;-1;1,report call,active,0.4265,0.03,7.9312,7.9312,active,0,18,41
Oxidopamine hydrochloride,1,1,-1;0;1.30103,report call,active,0.5653,0.03,9.8516,9.8516,active,0,15,41
Oxidopamine hydrochloride,1,2,-0.522879;0.477121;1.30103,report call,active,0.5653,0.03,9.8516,9.8516,active,0,14,41
Oxidopamine hydrochloride,1,3,-2;-1;-0.522879,report call,active,0.3469,0.03,6.8033,1.8005,active,0,14,41
Oxidopamine hydrochloride,1,4,-0.522879;0;1.30103,report call,active,0.5653,0.03,9.8516,9.8516,active,0,14,41
Paraquat dichloride,4,0,-0.522879;0;0.477121,report call,active,0.6531,0.0,10.0,10.0,active,0,9,21
Paraquat dichloride,4,1,-1.52288;0;0.477121,report call,active,0.6531,0.0,10.0,10.0,active,0,9,21
Paraquat dichloride,4,2,0;0.477121;1,report call,active,0.6531,0.0,10.0,10.0,active,0,9,21
Paraquat dichloride,4,3,-1.52288;-1;0,report call,active,0.1898,0.0,4.6311,2.7317,active,0,9,21
Paraquat dichloride,4,4,-1;0;0.477121,report call,active,0.6531,0.0,10.0,10.0,active,0,9,21
Parathion,2,0,-1.52288;-0.522879;0,report call,active,0.0633,0.03,3.6819,2.3809,inactive,1,18,42
Parathion,2,1,-1;-0.522879;0,measure full series,active,0.0265,0.03,3.2754,2.3809,inactive,,18,42
Parathion,2,2,-0.522879;0;1.30103,report call,inactive,0.1224,0.03,2.3809,2.3809,inactive,0,18,42
Parathion,2,3,-1.52288;0;1.30103,report call,inactive,0.1878,0.03,1.9149,1.9149,inactive,0,18,42
Parathion,2,4,0;1;1.30103,report call,inactive,0.1531,0.03,2.1845,2.1845,inactive,0,18,42
Perfluoroundecanoic acid,4,0,-0.522879;0.477121;1,report call,inactive,0.1347,0.0,2.3186,2.3186,inactive,0,9,21
Perfluoroundecanoic acid,4,1,-1;0;1,report call,inactive,0.2388,0.0,1.6336,1.6336,inactive,0,9,21
Perfluoroundecanoic acid,4,2,0;1;1.30103,report call,inactive,0.1531,0.0,2.2155,2.2155,inactive,0,9,21
Perfluoroundecanoic acid,4,3,-1.52288;-1;-0.522879,report call,active,0.2122,0.0,4.8427,2.3186,inactive,1,9,21
Perfluoroundecanoic acid,4,4,-1.52288;-1;0,report call,inactive,0.2184,0.0,1.7816,1.5197,inactive,0,9,21
Permethrin,1,0,-1.52288;0.477121;1.30103,report call,active,0.4918,0.03,8.4692,6.998,active,0,15,42
Permethrin,1,1,-0.522879;0;1.30103,report call,active,0.4265,0.03,7.8577,6.998,active,0,15,42
Permethrin,1,2,-0.522879;1;1.47712,report call,active,0.6316,0.03,10.0,10.0,active,0,15,42
Permethrin,1,3,-1;0;1,report call,active,0.2898,0.03,5.6116,4.0284,active,0,18,42
Permethrin,1,4,-1.52288;0.477121;1.47712,report call,active,0.6316,0.03,10.0,10.0,active,0,15,42
PharmaGSID_47330,1,0,-1.52288;-1;1,report call,active,0.3449,0.03,6.6895,6.6895,active,0,9,21
PharmaGSID_47330,1,1,-1.52288;0;0.477121,report call,active,0.1918,0.03,4.5361,3.4523,active,0,9,21
PharmaGSID_47330,1,2,-1.52288;0.477121;1,report call,active,0.3449,0.03,6.6895,6.6895,active,0,9,21
PharmaGSID_47330,1,3,-1;-0.522879;0,measure full series,active,0.0061,0.03,3.0339,2.9876,active,,9,21
PharmaGSID_47330,1,4,-1.52288;0.477121;1.30103,report call,active,0.4388,0.03,8.0085,8.0085,active,0,9,21
Phenanthrene,1,0,-0.522879;0;0.477121,report call,inactive,0.2286,0.03,1.8179,1.5368,inactive,0,18,42
Phenanthrene,1,1,-1.52288;-1;1.30103,report call,inactive,0.3061,0.03,1.0576,1.0576,inactive,0,18,42
Phenanthrene,1,2,-1;0;1,report call,inactive,0.2898,0.03,1.4803,1.4803,inactive,0,18,42
Phenanthrene,1,3,0;1;1.30103,report call,inactive,0.2898,0.03,1.4803,1.4803,inactive,0,18,42
Phenanthrene,1,4,-1.52288;1;1.30103,report call,inactive,0.3061,0.03,1.1021,1.1021,inactive,0,18,42
Phenobarbital,4,0,0;0.477121;1,report call,inactive,0.2061,0.0,1.8301,1.8301,inactive,0,9,21
Phenobarbital,4,1,-0.522879;0.477121;1,report call,inactive,0.1653,0.0,2.076,2.076,inactive,0,9,21
Phenobarbital,4,2,-1;-0.522879;0,report call,inactive,0.1653,0.0,2.076,2.076,inactive,0,9,21
Phenobarbital,4,3,-1;-0.522879;1,report call,inactive,0.1653,0.0,2.076,2.076,inactive,0,9,21
Phenobarbital,4,4,-1.52288;-0.522879;1,report call,inactive,0.1653,0.0,2.076,2.076,inactive,0,9,21
Phenol,3,0,-1;0;1,measure full series,active,0.0245,0.03,3.2383,3.2383,active,,9,21
Phenol,3,1,-1;0;1.47712,measure full series,active,0.0224,0.03,3.1943,3.1943,active,,9,21
Phenol,3,2,-1;0.477121;1,measure full series,active,0.0245,0.03,3.2383,3.2383,active,,9,21
Phenol,3,3,-0.522879;0;0.477121,report call,inactive,0.2061,0.03,1.8221,1.64,active,1,9,21
Phenol,3,4,-1.52288;-0.522879;1.47712,measure full series,active,0.0224,0.03,3.1943,3.1943,active,,9,21
Phenylmercuric acetate,4,0,-3.52288;-0.522879;0,report call,active,0.3878,0.0,7.2384,6.9785,active,0,12,42
Phenylmercuric acetate,4,1,-3;0.477121;1,report call,active,0.3633,0.0,6.9819,6.9785,active,0,9,42
Phenylmercuric acetate,4,2,-2;-1;0.477121,report call,active,0.3633,0.0,6.9928,6.9785,active,0,12,42
Phenylmercuric acetate,4,3,-0.522879;0.477121;1.30103,report call,active,0.3622,0.0,6.9785,6.9785,active,0,12,42
Phenylmercuric acetate,4,4,-2.52288;-1;1,report call,active,0.3694,0.0,7.0204,6.9785,active,0,12,42
Phorate,3,0,0;0.477121;1,report call,active,0.2653,0.03,5.6091,2.8707,active,0,9,21
Phorate,3,1,-0.522879;1;2,report call,active,0.5837,0.03,9.7243,9.7243,active,0,9,21
Phorate,3,2,0;1;1.47712,report call,active,0.0306,0.03,3.3816,2.8707,active,0,9,21
Phorate,3,3,0.477121;1;2,report call,active,0.5837,0.03,9.7243,9.7243,active,0,9,21
Phorate,3,4,0;0.477121;1.47712,report call,active,0.0735,0.03,3.7333,2.8707,active,0,9,21
Phosmet,4,0,-1;0;2,report call,active,0.449,0.0,7.9997,7.9997,active,0,9,21
Phosmet,4,1,-1;-0.522879;0,measure full series,active,0.0,0.0,3.0024,1.2206,active,,9,21
Phosmet,4,2,-0.522879;0;2,report call,active,0.449,0.0,7.9997,7.9997,active,0,9,21
Phosmet,4,3,0;1;2,report call,active,0.449,0.0,7.9997,7.9997,active,0,9,21
Phosmet,4,4,0;1;1.47712,report call,active,0.4612,0.0,8.1421,6.2883,active,0,9,21
Picoxystrobin,4,0,-3.52288;-2;1,report call,active,0.6531,0.0,10.0,10.0,active,0,9,42
Picoxystrobin,4,1,-3;-1.52288;-1,report call,active,0.5837,0.0,9.5905,3.1584,active,0,15,42
Picoxystrobin,4,2,-1.52288;-1;-0.522879,report call,active,0.2898,0.0,5.978,4.8358,active,0,18,42
Picoxystrobin,4,3,-3.52288;-1.52288;0,report call,active,0.5204,0.0,8.7083,8.7083,active,0,12,42
Picoxystrobin,4,4,-3.52288;-3;-1,report call,active,0.5592,0.0,9.1341,3.1584,active,0,12,42
Piperonyl butoxide,3,0,-1;-0.522879;1.30103,report call,active,0.3878,0.03,7.2227,7.2227,active,0,9,21
Piperonyl butoxide,3,1,-1.52288;0.477121;1.30103,report call,active,0.3878,0.03,7.2227,7.2227,active,0,9,21
Piperonyl butoxide,3,2,0;0.477121;1,report call,inactive,0.2204,0.03,1.7371,1.7358,active,1,9,21
Piperonyl butoxide,3,3,-1.52288;-0.522879;1,measure full series,inactive,0.0082,0.03,2.9493,2.9493,active,,9,21
Piperonyl butoxide,3,4,-1.52288;0;1.30103,report call,active,0.3878,0.03,7.2227,7.2227,active,0,9,21
Prallethrin,2,0,-1.52288;-1;-0.522879,report call,active,0.1082,0.03,3.9645,2.4494,active,0,9,21
Prallethrin,2,1,-1.52288;-1;1,report call,active,0.3122,0.03,6.5394,6.5394,active,0,9,21
Prallethrin,2,2,-1.52288;0.477121;1.30103,report call,active,0.502,0.03,8.3896,8.3896,active,0,9,21
Prallethrin,2,3,-1.52288;-0.522879;0.477121,report call,active,0.3122,0.03,6.5601,4.8756,active,0,9,21
Prallethrin,2,4,-1;-0.522879;0.477121,report call,active,0.3102,0.03,6.4252,4.8756,active,0,9,21
Pravastatin sodium,1,0,-1;-0.522879;1,report call,active,0.5755,0.03,9.9818,9.9818,active,0,9,21
Pravastatin sodium,1,1,-1.52288;-0.522879;1.30103,report call,active,0.5429,0.03,9.3516,9.3516,active,0,9,21
Pravastatin sodium,1,2,-1.52288;-1;1.30103,report call,active,0.5429,0.03,9.3516,9.3516,active,0,9,21
Pravastatin sodium,1,3,-1.52288;1;1.30103,report call,active,0.5755,0.03,9.9818,9.9818,active,0,9,21
Pravastatin sodium,1,4,0;1;1.30103,report call,active,0.5755,0.03,9.9818,9.9818,active,0,9,21
Profenofos,3,0,-2;0.477121;1,report call,inactive,0.1265,0.03,2.3605,2.3605,active,1,9,21
Profenofos,3,1,-1.52288;-1;0,report call,active,0.0306,0.03,3.3619,3.3619,active,0,9,21
Profenofos,3,2,-0.522879;0;1,report call,active,0.0306,0.03,3.3619,3.3619,active,0,9,21
Profenofos,3,3,-2;-0.522879;1,report call,inactive,0.1265,0.03,2.3605,2.3605,active,1,9,21
Profenofos,3,4,-1.52288;-0.522879;0.477121,measure full series,active,0.0,0.03,3.0098,3.0098,active,,9,21
Pyrene,3,0,-0.522879;0;1.30103,report call,inactive,0.249,0.03,1.5663,1.5663,inactive,0,9,21
Pyrene,3,1,0;1;1.30103,report call,inactive,0.249,0.03,1.5652,1.5652,inactive,0,9,21
Pyrene,3,2,-1.52288;0;1,report call,inactive,0.249,0.03,1.5652,1.5652,inactive,0,9,21
Pyrene,3,3,-0.522879;0.477121;1.30103,report call,inactive,0.2388,0.03,1.6416,1.6416,inactive,0,9,21
Pyrene,3,4,-0.522879;0.477121;1,report call,inactive,0.2388,0.03,1.6416,1.6416,inactive,0,9,21
Reserpine,2,0,-1.52288;-1;0,report call,active,0.2265,0.03,5.0523,3.543,active,0,9,21
Reserpine,2,1,-1.52288;-1;-0.522879,report call,active,0.1082,0.03,3.936,2.2244,active,0,9,21
Reserpine,2,2,-0.522879;0;1.30103,report call,active,0.6531,0.03,10.0,10.0,active,0,9,21
Reserpine,2,3,-0.522879;0;0.477121,report call,active,0.3449,0.03,6.8922,5.484,active,0,9,21
Reserpine,2,4,-1.52288;0;0.477121,report call,active,0.3837,0.03,7.151,5.484,active,0,9,21
Resmethrin,4,0,-1;-0.522879;1,report call,inactive,0.1408,0.0,2.276,1.9973,active,1,9,21
Resmethrin,4,1,-1.52288;0.477121;1,report call,inactive,0.1694,0.0,1.9973,1.9973,active,1,9,21
Resmethrin,4,2,-1;-0.522879;0,report call,inactive,0.1245,0.0,2.3671,1.9292,active,1,9,21
Resmethrin,4,3,0;0.477121;1.30103,report call,active,0.2367,0.0,5.1569,5.1569,active,0,9,21
Resmethrin,4,4,-1.52288;-0.522879;0,report call,inactive,0.1265,0.0,2.3573,1.9292,active,1,9,21
Retinoic acid,4,0,-1.52288;1;1.47712,report call,active,0.5724,0.0,9.3799,9.3799,active,0,9,21
Retinoic acid,4,1,-1.52288;0.477121;1.47712,report call,active,0.5724,0.0,9.3799,9.3799,active,0,9,21
Retinoic acid,4,2,-1.52288;-0.522879;0,report call,active,0.1122,0.0,3.969,3.969,active,0,9,21
Retinoic acid,4,3,-1.52288;-1;0,report call,active,0.1122,0.0,3.969,3.969,active,0,9,21
Retinoic acid,4,4,-1;-0.522879;0,report call,active,0.1122,0.0,3.969,3.969,active,0,9,21
Rotenone,4,0,-4.52288;-3.52288;-0.522879,report call,active,0.398,0.0,7.568,7.568,active,0,15,84
Rotenone,4,1,-4;-3.52288;-2,report call,active,0.5816,0.0,9.434,3.401,active,0,18,84
Rotenone,4,2,-3;-2.52288;1,report call,active,0.4388,0.0,7.9592,7.568,active,0,18,84
Rotenone,4,3,-4;-3.52288;0,report call,active,0.4388,0.0,7.9866,7.568,active,0,18,84
Rotenone,4,4,-4;-3.52288;1,report call,active,0.502,0.0,8.3797,7.568,active,0,18,84
S-Bioallethrin,3,0,-0.522879;0;1,report call,active,0.049,0.03,3.5927,3.0066,active,0,9,21
S-Bioallethrin,3,1,-1.52288;-0.522879;1,report call,active,0.0429,0.03,3.4906,3.0066,active,0,9,21
S-Bioallethrin,3,2,-1.52288;-1;0,report call,inactive,0.1776,0.03,1.978,1.6774,active,1,9,21
S-Bioallethrin,3,3,-1;-0.522879;0,report call,inactive,0.2,0.03,1.8637,1.6774,active,1,9,21
S-Bioallethrin,3,4,0;1;1.30103,report call,active,0.2898,0.03,5.9826,5.9826,active,0,9,21
S-Ethyl dipropylthiocarbamate,1,0,-1.52288;-1;0,report call,inactive,0.1429,0.03,2.2606,1.807,inactive,0,9,21
S-Ethyl dipropylthiocarbamate,1,1,-0.522879;0;1.30103,report call,inactive,0.2694,0.03,1.5941,1.5941,inactive,0,9,21
S-Ethyl dipropylthiocarbamate,1,2,-1;0;0.477121,report call,inactive,0.2694,0.03,1.5941,1.5941,inactive,0,9,21
S-Ethyl dipropylthiocarbamate,1,3,-1.52288;-0.522879;0,report call,inactive,0.1714,0.03,2.0717,1.807,inactive,0,9,21
S-Ethyl dipropylthiocarbamate,1,4,-1.52288;-0.522879;1.30103,report call,inactive,0.2286,0.03,1.807,1.807,inactive,0,9,21
Simvastatin,3,0,-2;-1.52288;-0.522879,report call,active,0.3449,0.03,6.891,4.4941,active,0,15,42
Simvastatin,3,1,-2.52288;-2;0.477121,report call,active,0.6531,0.03,10.0,10.0,active,0,12,42
Simvastatin,3,2,-1.52288;1;1.30103,report call,active,0.3622,0.03,6.9785,6.9785,active,0,12,42
Simvastatin,3,3,-1.52288;-0.522879;1,report call,active,0.3755,0.03,7.0804,6.9785,active,0,15,42
Simvastatin,3,4,-2;-1.52288;1.30103,report call,active,0.3622,0.03,6.9785,6.9785,active,0,12,42
Sodium arsenite,2,0,-1;-0.522879;1,report call,active,0.6531,0.03,10.0,10.0,active,0,9,21
Sodium arsenite,2,1,-1.52288;-1;0,report call,active,0.398,0.03,7.6105,5.5585,active,0,9,21
Sodium arsenite,2,2,-1.52288;-1;1.47712,report call,active,0.6531,0.03,10.0,10.0,active,0,9,21
Sodium arsenite,2,3,-1;0.477121;1,report call,active,0.6531,0.03,10.0,10.0,active,0,9,21
Sodium arsenite,2,4,-1.52288;0;0.477121,report call,active,0.6531,0.03,10.0,10.0,active,0,9,21
Sodium fluoride,3,0,-0.522879;0.477121;1.47712,report call,inactive,0.249,0.03,1.576,1.576,inactive,0,9,21
Sodium fluoride,3,1,-0.522879;1;1.47712,report call,inactive,0.249,0.03,1.576,1.576,inactive,0,9,21
Sodium fluoride,3,2,-1.52288;-1;0,measure full series,inactive,0.0163,0.03,2.8843,2.8843,inactive,,9,21
Sodium fluoride,3,3,-1;-0.522879;1.47712,measure full series,inactive,0.0163,0.03,2.8843,2.8843,inactive,,9,21
Sodium fluoride,3,4,-1;0;1,measure full series,inactive,0.0163,0.03,2.8843,2.8843,inactive,,9,21
Sodium orthovanadate,4,0,-1.52288;-0.522879;1.47712,report call,active,0.398,0.0,7.5198,7.5198,active,0,25,73
Sodium orthovanadate,4,1,-2;0.477121;1,report call,active,0.1796,0.0,4.5748,3.3535,active,0,26,73
Sodium orthovanadate,4,2,-1.52288;-0.522879;1,report call,active,0.1429,0.0,4.1822,3.3535,active,0,30,73
Sodium orthovanadate,4,3,-2;-0.522879;0.477121,report call,active,0.2408,0.0,5.1743,3.1886,active,0,26,73
Sodium orthovanadate,4,4,0.477121;1;1.47712,report call,active,0.398,0.0,7.5198,7.5198,active,0,28,73
Sodium saccharin hydrate,1,0,-0.522879;0;0.477121,report call,inactive,0.298,0.03,1.4027,1.3203,active,1,13,31
Sodium saccharin hydrate,1,1,-1;-0.522879;1.47712,report call,active,0.1265,0.03,3.992,3.992,active,0,13,31
Sodium saccharin hydrate,1,2,-0.522879;0;1,report call,inactive,0.302,0.03,1.3203,1.3203,active,1,13,31
Sodium saccharin hydrate,1,3,0;0.477121;1.47712,report call,inactive,0.302,0.03,1.3203,1.3203,active,1,13,31
Sodium saccharin hydrate,1,4,-1.52288;-1;-0.522879,report call,active,0.1265,0.03,3.992,3.992,active,0,13,31
Sodium valproate,1,0,0.477121;1.47712;3,report call,active,0.1898,0.03,4.4611,3.5064,active,0,9,21
Sodium valproate,1,1,0.477121;2;3,report call,active,0.1367,0.03,4.0548,3.5064,active,0,9,21
Sodium valproate,1,2,0.477121;2;2.47712,report call,active,0.1367,0.03,4.0602,3.2179,active,0,9,21
Sodium valproate,1,3,0.477121;2.47712;3.47712,report call,active,0.2653,0.03,5.2479,4.1383,active,0,9,21
Sodium valproate,1,4,1.47712;2;2.47712,report call,active,0.1265,0.03,4.0155,3.2179,active,0,9,21
Spiroxamine,3,0,-2.52288;-1;1.47712,report call,active,0.6531,0.03,10.0,10.0,active,0,10,35
Spiroxamine,3,1,-3;-2.52288;1.47712,report call,active,0.6531,0.03,10.0,10.0,active,0,7,35
Spiroxamine,3,2,-2;-1;1.47712,report call,active,0.6531,0.03,10.0,10.0,active,0,10,35
Spiroxamine,3,3,-3;-2;-1,report call,active,0.5531,0.03,8.9541,3.8246,active,0,9,35
Spiroxamine,3,4,-0.522879;0;1,report call,active,0.6531,0.03,10.0,10.0,active,0,11,35
Tamoxifen,3,0,-1.52288;-0.522879;1,report call,active,0.3755,0.03,7.0627,7.0627,active,0,9,21
Tamoxifen,3,1,-1;0.477121;1,report call,active,0.3755,0.03,7.0627,7.0627,active,0,9,21
Tamoxifen,3,2,-1.52288;1;1.30103,report call,active,0.3755,0.03,7.0627,7.0627,active,0,9,21
Tamoxifen,3,3,-0.522879;0;1,report call,active,0.398,0.03,7.5104,7.5104,active,0,9,21
Tamoxifen,3,4,-1;-0.522879;1.30103,report call,active,0.3755,0.03,7.0627,7.0627,active,0,9,21
Tebuconazole,2,0,0.477121;1;1.47712,report call,active,0.5837,0.03,9.646,9.646,active,0,6,14
Tebuconazole,2,1,-1.52288;-0.522879;0.477121,report call,active,0.3694,0.03,7.0139,7.0139,active,0,6,14
Tebuconazole,2,2,-1.52288;0;1.47712,report call,active,0.5837,0.03,9.646,9.646,active,0,6,14
Tebuconazole,2,3,-1.52288;-0.522879;0,report call,active,0.3694,0.03,7.0139,7.0139,active,0,6,14
Tebuconazole,2,4,-1;0;0.477121,report call,active,0.4327,0.03,7.7871,5.5265,active,0,6,14
Tebupirimfos,4,0,-1;0;1.47712,report call,inactive,0.2204,0.0,1.7111,1.5347,active,1,9,21
Tebupirimfos,4,1,0;1;1.47712,report call,inactive,0.2347,0.0,1.6484,1.6484,active,1,9,21
Tebupirimfos,4,2,-1;-0.522879;0.477121,report call,inactive,0.0612,0.0,2.5784,1.1437,active,1,9,21
Tebupirimfos,4,3,-0.522879;0;1.47712,report call,inactive,0.2184,0.0,1.7923,1.5347,active,1,9,21
Tebupirimfos,4,4,0;0.477121;1,report call,inactive,0.2,0.0,1.858,1.6484,active,1,9,21
Tefluthrin,3,0,0;0.477121;1.30103,report call,active,0.5245,0.03,8.7559,8.7559,active,0,9,21
Tefluthrin,3,1,-1.52288;0.477121;1.30103,report call,active,0.5245,0.03,8.7559,8.7559,active,0,9,21
Tefluthrin,3,2,-0.522879;0;0.477121,report call,active,0.5245,0.03,8.7559,8.7559,active,0,9,21
Tefluthrin,3,3,0;0.477121;1,report call,active,0.6531,0.03,10.0,10.0,active,0,9,21
Tefluthrin,3,4,-1;1;1.30103,report call,active,0.6531,0.03,10.0,10.0,active,0,9,21
Terbufos,1,0,-1;0.477121;1,report call,active,0.1918,0.03,4.5216,2.1278,active,0,9,21
Terbufos,1,1,-0.522879;0;1,report call,active,0.2204,0.03,4.8381,1.5929,active,0,9,21
Terbufos,1,2,-0.522879;0;0.477121,report call,active,0.2959,0.03,5.8504,1.6589,active,0,9,21
Terbufos,1,3,0;0.477121;1,measure full series,active,0.0286,0.03,3.1615,1.6589,active,,9,21
Terbufos,1,4,-1;0;1.47712,report call,active,0.4102,0.03,7.6124,7.6124,active,0,9,21
Terbutaline hemisulfate,2,0,-1.52288;-0.522879;1.47712,report call,inactive,0.249,0.03,1.5711,1.5711,inactive,0,9,21
Terbutaline hemisulfate,2,1,-1.52288;0;1.47712,report call,inactive,0.0857,0.03,2.517,2.517,inactive,0,9,21
Terbutaline hemisulfate,2,2,-0.522879;0;0.477121,measure full series,inactive,0.0245,0.03,2.8392,2.517,inactive,,9,21
Terbutaline hemisulfate,2,3,0;0.477121;1,report call,inactive,0.0857,0.03,2.517,2.517,inactive,0,9,21
Terbutaline hemisulfate,2,4,-1;-0.522879;1,report call,inactive,0.0592,0.03,2.6382,2.346,inactive,0,9,21
Tetracycline,3,0,-1.52288;-1;0,report call,inactive,0.0592,0.03,2.629,1.3893,inactive,0,9,21
Tetracycline,3,1,-0.522879;0;1,report call,inactive,0.1531,0.03,2.1811,2.1536,inactive,0,9,21
Tetracycline,3,2,-1.52288;0.477121;1.30103,report call,inactive,0.249,0.03,1.5741,1.5741,inactive,0,9,21
Tetracycline,3,3,-1.52288;-1;1.30103,report call,inactive,0.249,0.03,1.5612,1.5612,inactive,0,9,21
Tetracycline,3,4,0.477121;1;1.30103,report call,inactive,0.1551,0.03,2.1536,2.1536,inactive,0,9,21
Tetraethylthiuram disulfide,2,0,-2.52288;-2;1.30103,report call,active,0.398,0.03,7.5856,7.568,active,0,18,84
Tetraethylthiuram disulfide,2,1,-3.52288;-1.52288;-1,report call,active,0.5122,0.03,8.4918,6.466,active,0,30,84
Tetraethylthiuram disulfide,2,2,-3;-2;-1.52288,report call,active,0.5163,0.03,8.5303,1.4892,active,0,24,84
Tetraethylthiuram disulfide,2,3,-3.52288;-2.52288;1,report call,active,0.398,0.03,7.5696,7.568,active,0,18,84
Tetraethylthiuram disulfide,2,4,-2;-0.522879;0,report call,active,0.6531,0.03,10.0,10.0,active,0,21,84
Tetramethrin,2,0,-1;-0.522879;1,measure full series,active,0.0224,0.03,3.2023,3.2023,active,,9,21
Tetramethrin,2,1,-1.52288;0;0.477121,report call,inactive,0.1347,0.03,2.3274,2.3274,active,1,9,21
Tetramethrin,2,2,-1;0;1.30103,report call,active,0.151,0.03,4.3075,4.3075,active,0,9,21
Tetramethrin,2,3,0;1;1.30103,report call,active,0.151,0.03,4.3075,4.3075,active,0,9,21
Tetramethrin,2,4,-1.52288;0;1,measure full series,active,0.0224,0.03,3.2023,3.2023,active,,9,21
Thalidomide,1,0,-1.52288;-1;0.477121,report call,active,0.2163,0.03,4.7227,2.4137,active,0,6,14
Thalidomide,1,1,0;0.477121;1,report call,active,0.2898,0.03,5.6342,4.9963,active,0,6,14
Thalidomide,1,2,-0.522879;0;0.477121,report call,active,0.2347,0.03,4.9963,4.9963,active,0,6,14
Thalidomide,1,3,0;0.477121;1.47712,report call,active,0.2347,0.03,4.9963,4.9963,active,0,6,14
Thalidomide,1,4,-1;-0.522879;1.47712,report call,active,0.0571,0.03,3.4309,3.4309,active,0,6,14
Thiamethoxam,3,0,-1;1;1.30103,report call,inactive,0.0592,0.03,2.6585,2.6585,inactive,0,9,21
Thiamethoxam,3,1,-1;-0.522879;0,report call,inactive,0.0592,0.03,2.6585,2.6585,inactive,0,9,21
Thiamethoxam,3,2,-1.52288;-0.522879;1.30103,report call,inactive,0.2327,0.03,1.6706,1.6706,inactive,0,9,21
Thiamethoxam,3,3,-0.522879;0;1.30103,report call,inactive,0.2,0.03,1.8597,1.8597,inactive,0,9,21
Thiamethoxam,3,4,-1.52288;-1;0,report call,inactive,0.0592,0.03,2.6585,2.6585,inactive,0,9,21
Tribufos,2,0,-0.522879;1;1.47712,report call,active,0.4347,0.03,7.7951,4.6272,active,0,9,21
Tribufos,2,1,-1;1;2,report call,active,0.5837,0.03,9.7243,9.7243,active,0,9,21
Tribufos,2,2,0.477121;1.47712;2,report call,active,0.5837,0.03,9.7243,9.7243,active,0,9,21
Tribufos,2,3,-1;-0.522879;1.47712,report call,active,0.4592,0.03,8.0727,4.6272,active,0,9,21
Tribufos,2,4,0;0.477121;1,report call,inactive,0.1122,0.03,2.4389,2.4389,active,1,9,21
Tributyltin chloride,3,0,-2;-1.52288;0,report call,active,0.3694,0.03,7.0201,6.9785,active,0,12,42
Tributyltin chloride,3,1,-3.52288;-2.52288;-1.52288,report call,active,0.4796,0.03,8.2104,2.7123,active,0,12,42
Tributyltin chloride,3,2,-0.522879;1;1.30103,report call,active,0.3622,0.03,6.9785,6.9785,active,0,12,42
Tributyltin chloride,3,3,-2.52288;-2;-0.522879,report call,active,0.3327,0.03,6.8106,6.6768,active,0,12,42
Tributyltin chloride,3,4,-3;-0.522879;1,report call,active,0.3622,0.03,6.9785,6.9785,active,0,12,42
Tributyltin methacrylate,1,0,-3.52288;-2;-1,report call,active,0.498,0.03,8.6888,8.6888,active,0,12,42
Tributyltin methacrylate,1,1,-2;-0.522879;1,report call,active,0.3857,0.03,7.0277,6.9785,active,0,12,42
Tributyltin methacrylate,1,2,0;0.477121;1.30103,report call,active,0.3857,0.03,7.0321,6.9785,active,0,9,42
Tributyltin methacrylate,1,3,-2.52288;-2;0.477121,report call,active,0.3776,0.03,6.9985,6.9785,active,0,9,42
Tributyltin methacrylate,1,4,-2.52288;-1;-0.522879,report call,active,0.498,0.03,8.6888,8.6888,active,0,15,42
Trichlorfon,2,0,-0.522879;1.47712;2,report call,active,0.5837,0.03,9.7243,9.7243,active,0,9,21
Trichlorfon,2,1,0.477121;1.47712;2,report call,active,0.5837,0.03,9.7243,9.7243,active,0,9,21
Trichlorfon,2,2,-1;0.477121;1,report call,active,0.451,0.03,8.0123,4.7266,active,0,9,21
Trichlorfon,2,3,-1;1;2,report call,active,0.5837,0.03,9.7243,9.7243,active,0,9,21
Trichlorfon,2,4,0;1;1.47712,report call,active,0.4347,0.03,7.826,4.7266,active,0,9,21
Trifloxystrobin,2,0,-2;0.477121;1,report call,active,0.6531,0.03,10.0,10.0,active,0,9,42
Trifloxystrobin,2,1,-2;1;1.30103,report call,active,0.6531,0.03,10.0,10.0,active,0,9,42
Trifloxystrobin,2,2,-2;0;1.30103,report call,active,0.6531,0.03,10.0,10.0,active,0,12,42
Trifloxystrobin,2,3,-3;-0.522879;1.30103,report call,active,0.6531,0.03,10.0,10.0,active,0,12,42
Trifloxystrobin,2,4,-2.52288;-2;1.30103,report call,active,0.6531,0.03,10.0,10.0,active,0,9,42
Trimethyltin hydroxide,1,0,-2;-1.52288;-0.522879,report call,active,0.502,0.03,8.7347,8.6646,active,0,9,21
Trimethyltin hydroxide,1,1,0;0.477121;1,report call,active,0.5429,0.03,9.3799,9.3799,active,0,9,21
Trimethyltin hydroxide,1,2,-1;0;1,report call,active,0.5429,0.03,9.3799,9.3799,active,0,9,21
Trimethyltin hydroxide,1,3,-0.522879;0;0.477121,report call,active,0.5429,0.03,9.3799,9.3799,active,0,9,21
Trimethyltin hydroxide,1,4,-2;-1.52288;-1,report call,active,0.3469,0.03,6.757,2.5639,active,0,9,21
Triphenyl phosphate,4,0,-1.52288;-0.522879;1.47712,report call,active,0.2918,0.0,6.083,6.083,active,0,15,35
Triphenyl phosphate,4,1,-1.52288;-0.522879;0.477121,report call,active,0.0837,0.0,3.8343,2.8742,active,0,15,35
Triphenyl phosphate,4,2,-1;-0.522879;1,report call,active,0.1286,0.0,4.1124,3.8769,active,0,15,35
Triphenyl phosphate,4,3,-1.52288;1;1.47712,report call,active,0.2918,0.0,6.083,6.083,active,0,15,35
Triphenyl phosphate,4,4,-1.52288;0.477121;1,report call,active,0.1245,0.0,4.0271,3.8769,active,0,15,35
Triphenyl phosphates isopropylated,3,0,-1;0.477121;1,report call,active,0.1449,0.03,4.2473,3.695,active,0,9,21
Triphenyl phosphates isopropylated,3,1,-1;-0.522879;1.30103,report call,active,0.3837,0.03,7.1802,7.1802,active,0,9,21
Triphenyl phosphates isopropylated,3,2,-1.52288;0.477121;1.30103,report call,active,0.3837,0.03,7.1802,7.1802,active,0,9,21
Triphenyl phosphates isopropylated,3,3,-1;0;0.477121,report call,active,0.1163,0.03,3.9843,2.9958,active,0,9,21
Triphenyl phosphates isopropylated,3,4,-0.522879;0;0.477121,report call,active,0.1082,0.03,3.9244,2.9958,active,0,9,21
Triphenyl phosphite,4,0,0;0.477121;1,report call,inactive,0.1388,0.0,2.2788,2.2788,inactive,0,9,21
Triphenyl phosphite,4,1,-1.52288;-0.522879;0,report call,inactive,0.1694,0.0,1.9994,1.4514,inactive,0,9,21
Triphenyl phosphite,4,2,-0.522879;0;1,report call,inactive,0.2204,0.0,1.7453,1.7453,inactive,0,9,21
Triphenyl phosphite,4,3,-0.522879;0.477121;1.30103,report call,inactive,0.1388,0.0,2.2788,2.2788,inactive,0,9,21
Triphenyl phosphite,4,4,-1.52288;0.477121;1.30103,report call,inactive,0.1388,0.0,2.2788,2.2788,inactive,0,9,21
"Tris(1,3-dichloro-2-propyl) phosphate",1,0,-1.52288;0;1,report call,active,0.2714,0.03,5.4765,4.2117,active,0,15,35
"Tris(1,3-dichloro-2-propyl) phosphate",1,1,-1.52288;-1;-0.522879,report call,active,0.4735,0.03,8.2733,3.8605,active,0,15,35
"Tris(1,3-dichloro-2-propyl) phosphate",1,2,-0.522879;0;1,report call,active,0.2571,0.03,5.1546,4.2117,active,0,15,35
"Tris(1,3-dichloro-2-propyl) phosphate",1,3,-1;0;1,report call,active,0.2571,0.03,5.1627,4.2117,active,0,15,35
"Tris(1,3-dichloro-2-propyl) phosphate",1,4,-1.52288;-1;0.477121,report call,active,0.1265,0.03,3.9852,2.4397,active,0,15,35
Tris(2-chloroethyl) phosphate,1,0,-1.52288;-0.522879;1.47712,report call,active,0.0735,0.03,3.5987,3.5987,active,0,9,21
Tris(2-chloroethyl) phosphate,1,1,-1;0;1.47712,report call,active,0.1245,0.03,3.9679,3.9679,active,0,9,21
Tris(2-chloroethyl) phosphate,1,2,-0.522879;0;0.477121,measure full series,inactive,0.0143,0.03,2.8598,2.4682,active,,9,21
Tris(2-chloroethyl) phosphate,1,3,-1.52288;0;1.47712,report call,active,0.0735,0.03,3.5987,3.5987,active,0,9,21
Tris(2-chloroethyl) phosphate,1,4,-1.52288;-1;0,report call,active,0.1245,0.03,3.9679,3.9679,active,0,9,21
Tris(2-chloroisopropyl)phosphate,4,0,-0.522879;0.477121;1.30103,report call,inactive,0.0918,0.0,2.5024,2.5024,inactive,0,9,21
Tris(2-chloroisopropyl)phosphate,4,1,0.477121;1;1.30103,report call,inactive,0.1429,0.0,2.2567,2.2567,inactive,0,9,21
Tris(2-chloroisopropyl)phosphate,4,2,-1;-0.522879;1,report call,inactive,0.0918,0.0,2.5024,2.5024,inactive,0,9,21
Tris(2-chloroisopropyl)phosphate,4,3,-0.522879;1;1.30103,report call,inactive,0.0918,0.0,2.5024,2.5024,inactive,0,9,21
Tris(2-chloroisopropyl)phosphate,4,4,-1.52288;0.477121;1.30103,report call,inactive,0.1429,0.0,2.2567,2.2567,inactive,0,9,21
Tris(methylphenyl) phosphate,2,0,-0.522879;0;1.30103,measure full series,active,0.0224,0.03,3.18,3.18,active,,9,21
Tris(methylphenyl) phosphate,2,1,-0.522879;0;1,report call,inactive,0.1776,0.03,1.9857,1.9854,active,1,9,21
Tris(methylphenyl) phosphate,2,2,-1.52288;0;1,report call,inactive,0.1694,0.03,2.0033,1.9854,active,1,9,21
Tris(methylphenyl) phosphate,2,3,-1;0;1.30103,measure full series,active,0.0224,0.03,3.18,3.18,active,,9,21
Tris(methylphenyl) phosphate,2,4,-1.52288;-1;0.477121,report call,inactive,0.2612,0.03,1.4782,1.4782,active,1,9,21
Valinomycin,4,0,-3.52288;-1.52288;0,report call,active,0.5531,0.0,8.9639,8.9639,active,0,12,42
Valinomycin,4,1,-3;-1;0,report call,active,0.6531,0.0,10.0,10.0,active,0,12,42
Valinomycin,4,2,-0.522879;0.477121;1,report call,active,0.5,0.0,8.3367,8.3327,active,0,9,42
Valinomycin,4,3,-2.52288;0;0.477121,report call,active,0.6531,0.0,10.0,10.0,active,0,9,42
Valinomycin,4,4,-2;-1.52288;0,report call,active,0.6531,0.0,10.0,10.0,active,0,12,42
Z-Tetrachlorvinphos,1,0,-1;0;2,report call,active,0.3469,0.03,6.8305,6.8305,active,0,17,41
Z-Tetrachlorvinphos,1,1,0;1;2,report call,active,0.3469,0.03,6.8305,6.8305,active,0,17,41
Z-Tetrachlorvinphos,1,2,-1;1;1.47712,measure full series,active,0.0082,0.03,3.0695,3.0695,active,,18,41
Z-Tetrachlorvinphos,1,3,-0.522879;0;1,report call,active,0.2939,0.03,5.8186,3.0695,active,0,18,41
Z-Tetrachlorvinphos,1,4,0;1.47712;2,report call,active,0.3469,0.03,6.8305,6.8305,active,0,17,41
"o,p'-DDT",2,0,-1.52288;0;1.30103,report call,active,0.5316,0.03,8.8188,8.8188,active,0,9,21
"o,p'-DDT",2,1,-1.52288;0.477121;1,report call,active,0.5316,0.03,8.8188,8.8188,active,0,9,21
"o,p'-DDT",2,2,-0.522879;0.477121;1.30103,report call,active,0.5316,0.03,8.8188,8.8188,active,0,9,21
"o,p'-DDT",2,3,0;0.477121;1.30103,report call,active,0.5316,0.03,8.8188,8.8188,active,0,9,21
"o,p'-DDT",2,4,-1.52288;0.477121;1.30103,report call,active,0.5316,0.03,8.8188,8.8188,active,0,9,21
"p,p'-DDD",1,0,-1;0.477121;1.30103,report call,active,0.4612,0.03,8.1558,8.1558,active,0,9,20
"p,p'-DDD",1,1,-0.522879;0;1,report call,active,0.4735,0.03,8.2188,8.2188,active,0,9,20
"p,p'-DDD",1,2,-0.522879;0;0.477121,report call,active,0.0571,0.03,3.4255,2.5265,active,0,9,20
"p,p'-DDD",1,3,-1.52288;0.477121;1,report call,active,0.4735,0.03,8.2188,8.2188,active,0,8,20
"p,p'-DDD",1,4,-1;-0.522879;1.30103,report call,active,0.4612,0.03,8.1558,8.1558,active,0,9,20
tert-Butylhydroquinone,1,0,-1.52288;-0.522879;1.30103,report call,active,0.5429,0.03,9.3984,9.3984,active,0,9,21
tert-Butylhydroquinone,1,1,-0.522879;0.477121;1,report call,active,0.3939,0.03,7.2799,7.1957,active,0,9,21
tert-Butylhydroquinone,1,2,-0.522879;0.477121;1.30103,report call,active,0.5429,0.03,9.3984,9.3984,active,0,9,21
tert-Butylhydroquinone,1,3,-0.522879;0;1,report call,active,0.3939,0.03,7.2089,7.1957,active,0,9,21
tert-Butylhydroquinone,1,4,-1.52288;1;1.30103,report call,active,0.5429,0.03,9.3984,9.3984,active,0,9,21
tert-Butylphenyl diphenyl phosphate,4,0,-0.522879;0.477121;1,report call,active,0.1184,0.0,3.9865,3.9865,active,0,9,21
tert-Butylphenyl diphenyl phosphate,4,1,-1;-0.522879;1,report call,active,0.1184,0.0,3.9865,3.9865,active,0,9,21
tert-Butylphenyl diphenyl phosphate,4,2,-1.52288;1;1.30103,report call,active,0.3224,0.0,6.7212,6.7212,active,0,9,21
tert-Butylphenyl diphenyl phosphate,4,3,-1;0;1,report call,active,0.1184,0.0,3.9865,3.9865,active,0,9,21
tert-Butylphenyl diphenyl phosphate,4,4,-1.52288;-1;1.30103,report call,active,0.3224,0.0,6.7212,6.7212,active,0,9,21
