patient,old_action,new_action,outcome,change,wrong,old_wrong,next_action
Patient8,1,1,1,unchanged,False,False,Retain the coded research report with its frozen rule and source
Patient26,1,1,1,unchanged,False,False,Retain the coded research report with its frozen rule and source
Patient1,1,1,1,unchanged,False,False,Retain the coded research report with its frozen rule and source
Patient35,retest,1,1,previous_retest_now_report,False,False,Retain the coded research report with its frozen rule and source
Patient69,retest,1,1,previous_retest_now_report,False,False,Retain the coded research report with its frozen rule and source
Patient79,0,0,0,unchanged,False,False,Retain the coded research report with its frozen rule and source
Patient23,retest,1,1,previous_retest_now_report,False,False,Retain the coded research report with its frozen rule and source
Patient39,retest,1,1,previous_retest_now_report,False,False,Retain the coded research report with its frozen rule and source
Patient65,0,0,0,unchanged,False,False,Retain the coded research report with its frozen rule and source
Patient92,retest,0,0,previous_retest_now_report,False,False,Retain the coded research report with its frozen rule and source
Patient44,retest,1,1,previous_retest_now_report,False,False,Retain the coded research report with its frozen rule and source
Patient110,0,0,0,unchanged,False,False,Retain the coded research report with its frozen rule and source
Patient87,1,1,1,unchanged,False,False,Retain the coded research report with its frozen rule and source
Patient37,retest,0,0,previous_retest_now_report,False,False,Retain the coded research report with its frozen rule and source
Patient4,retest,1,1,previous_retest_now_report,False,False,Retain the coded research report with its frozen rule and source
Patient115,0,0,0,unchanged,False,False,Retain the coded research report with its frozen rule and source
Patient2,0,0,0,unchanged,False,False,Retain the coded research report with its frozen rule and source
Patient16,1,1,1,unchanged,False,False,Retain the coded research report with its frozen rule and source
Patient41,0,0,0,unchanged,False,False,Retain the coded research report with its frozen rule and source
Patient54,retest,1,1,previous_retest_now_report,False,False,Retain the coded research report with its frozen rule and source
Patient63,0,0,0,unchanged,False,False,Retain the coded research report with its frozen rule and source
Patient91,0,0,0,unchanged,False,False,Retain the coded research report with its frozen rule and source
Patient12,1,1,1,unchanged,False,False,Retain the coded research report with its frozen rule and source
Patient67,0,0,0,unchanged,False,False,Retain the coded research report with its frozen rule and source
Patient101,retest,1,1,previous_retest_now_report,False,False,Retain the coded research report with its frozen rule and source
Patient108,retest,1,1,previous_retest_now_report,False,False,Retain the coded research report with its frozen rule and source
Patient13,retest,0,0,previous_retest_now_report,False,False,Retain the coded research report with its frozen rule and source
Patient61,retest,0,0,previous_retest_now_report,False,False,Retain the coded research report with its frozen rule and source
Patient97,0,1,1,previous_error_corrected,False,True,Retain the coded research report with its frozen rule and source
Patient89,0,1,1,previous_error_corrected,False,True,Retain the coded research report with its frozen rule and source
Patient121,0,0,0,unchanged,False,False,Retain the coded research report with its frozen rule and source
Patient32,1,1,1,unchanged,False,False,Retain the coded research report with its frozen rule and source
Patient20,0,0,0,unchanged,False,False,Retain the coded research report with its frozen rule and source
Patient86,1,1,1,unchanged,False,False,Retain the coded research report with its frozen rule and source
Patient94,0,0,0,unchanged,False,False,Retain the coded research report with its frozen rule and source
Patient49,0,1,1,previous_error_corrected,False,True,Retain the coded research report with its frozen rule and source
Patient36,retest,1,1,previous_retest_now_report,False,False,Retain the coded research report with its frozen rule and source
Patient113,0,0,0,unchanged,False,False,Retain the coded research report with its frozen rule and source
Patient60,retest,1,1,previous_retest_now_report,False,False,Retain the coded research report with its frozen rule and source
Patient21,1,0,0,previous_error_corrected,False,True,Retain the coded research report with its frozen rule and source
Patient122,0,0,0,unchanged,False,False,Retain the coded research report with its frozen rule and source
Patient71,retest,0,0,previous_retest_now_report,False,False,Retain the coded research report with its frozen rule and source
Patient105,1,0,1,new_error,True,False,Review the discordant assay and endpoint before the next validation batch
