preparation,endpoint,chemical,fold,n_designs,anchorboost,loglinear_interp,difference,outcome,training_rows,n_train_drugs,dataset,configuration,drug_name,source_class,source_class_locator,garside_rank,curve_response_span,n_positive_concentrations,n_numeric_positive_values,anchorboost_mae_over_curve_span,loglinear_mae_over_curve_span,n_context_query_predictions,extrapolation_query_fraction,max_anchorboost_absolute_error,max_loglinear_absolute_error,anchorboost_mean_signed_error,loglinear_mean_signed_error,interpolation_anchorboost_mean_absolute_error,interpolation_loglinear_mean_absolute_error,extrapolation_anchorboost_mean_absolute_error,extrapolation_loglinear_mean_absolute_error
author_units,ALBUMIN,Clozapine,0,5,27.190462740705964,27.308310890197752,-0.11784814949178823,win,260,5,Ewart2022,Liver-Chip,Clozapine,hepatotoxic,Ewart2022 Table 4; Garside rank 1-3 versus 4-5,2,89.55377880501455,6,12,0.30362161266145743,0.3049375610342043,15,0.4,63.36885275493768,73.09865951538086,4.7806686821591216,11.677641805013021,21.55472483474175,13.02555677625868,35.64406959965229,48.73243967692057
author_units,ALBUMIN,Levofloxacin,1,5,21.715695193596524,7.572007751464843,14.14368744213168,loss,300,5,Ewart2022,Liver-Chip,Levofloxacin,hepatotoxic,Ewart2022 Table 4; Garside rank 1-3 versus 4-5,2,39.1336300831028,5,10,0.5549113421750509,0.19349106472834732,10,0.2,38.79636141706949,16.263145446777344,-20.792427729547263,-5.260276794433594,20.211510407447676,8.014638900756836,27.732434338191922,5.801483154296875
author_units,ALBUMIN,Olanzapine,2,5,30.414969998333515,13.323395538330079,17.091574460003436,loss,260,5,Ewart2022,Liver-Chip,Olanzapine,non-hepatotoxic,Ewart2022 Table 4; Garside rank 1-3 versus 4-5,5,27.741629972086997,6,12,1.0963656435810143,0.48026722120278365,15,0.26666666666666666,59.36252954774895,20.934310913085938,-8.046444024210839,2.2473363240559894,22.519791118707932,14.188735268332742,52.12671191730387,10.943710327148438
author_units,ALBUMIN,Pioglitazone,3,5,16.490983432452165,22.991107749938966,-6.500124317486801,win,260,5,Ewart2022,Liver-Chip,Pioglitazone,hepatotoxic,Ewart2022 Table 4; Garside rank 1-3 versus 4-5,3,77.1312583165374,6,10,0.21380415401464287,0.29807769575839443,15,0.26666666666666666,38.26214299612998,64.84980773925781,2.5373067877748796,6.155906168619792,18.216688026935127,16.634063027121805,11.745295797624022,40.472978591918945
author_units,ALBUMIN,Troglitazone,4,5,38.047600071596854,43.59231872558594,-5.5447186539890865,win,260,5,Ewart2022,Liver-Chip,Troglitazone,hepatotoxic,Ewart2022 Table 4; Garside rank 1-3 versus 4-5,1,111.4111980616967,6,12,0.3415060670160558,0.39127412220668895,15,0.26666666666666666,80.18941425713089,111.41119384765625,8.450502273685151,5.6942793528238935,27.721285064893962,29.05919803272594,66.44496634002981,83.55839538574219
author_units,ALBUMIN,Trovafloxacin,5,5,14.916173624258377,29.645923042297362,-14.729749418038985,win,260,5,Ewart2022,Liver-Chip,Trovafloxacin,hepatotoxic,Ewart2022 Table 4; Garside rank 1-3 versus 4-5,1,86.27074254049145,6,12,0.17289956229665487,0.3436382042079092,15,0.4,29.286559938567038,78.25301551818848,7.865328533019116,12.178143183390299,14.608556725742059,17.707186381022137,15.377598972032851,47.55402978261312
author_units,ALT,Clozapine,0,5,0.7896250533693031,0.8745907306671142,-0.08496567729781113,win,220,5,Ewart2022,Liver-Chip,Clozapine,hepatotoxic,Ewart2022 Table 4; Garside rank 1-3 versus 4-5,2,2.6841846655,6,12,0.29417687371454176,0.32583105846191796,15,0.3333333333333333,2.4661421110199644,2.6841845512390137,-0.14864172196221545,-0.1865355332692464,0.3991221274588672,0.5066307172179222,1.5706309051901748,1.6105107307434081
author_units,ALT,Levofloxacin,1,5,0.25600090344884235,0.4736050933599472,-0.21760418991110486,win,260,5,Ewart2022,Liver-Chip,Levofloxacin,hepatotoxic,Ewart2022 Table 4; Garside rank 1-3 versus 4-5,2,0.8315188995,5,10,0.30787141892117914,0.5695662403400937,10,0.4,0.5480946080832194,0.8315188884735107,0.04402321913620403,0.13916864320635797,0.2500448063625078,0.5061192344874144,0.26493504907834414,0.4248338909819722
author_units,ALT,Olanzapine,2,5,0.5523979174774787,0.5492998898029328,0.0030980276745459223,loss,220,5,Ewart2022,Liver-Chip,Olanzapine,non-hepatotoxic,Ewart2022 Table 4; Garside rank 1-3 versus 4-5,5,1.43137743,6,12,0.38592051676927636,0.3837561486511163,15,0.3333333333333333,1.6874387122249366,1.2254680395126343,-0.36961377795618783,-0.15448947250843048,0.5415856025126208,0.5262321397662163,0.5740225474071947,0.5954354286193848
author_units,ALT,Pioglitazone,3,5,0.3515303691016741,0.3018733233213425,0.04965704578033164,loss,220,5,Ewart2022,Liver-Chip,Pioglitazone,hepatotoxic,Ewart2022 Table 4; Garside rank 1-3 versus 4-5,3,0.6747543195000001,6,12,0.5209753519802018,0.4473825725858765,15,0.3333333333333333,0.7006918129072958,0.6733141320291907,-0.014458051093836488,-0.06798362055172523,0.38314412079799415,0.37716818060725926,0.28830286570903396,0.15128359198570251
author_units,ALT,Troglitazone,4,5,0.3136101552207144,0.14352014884352685,0.17009000637718755,loss,260,5,Ewart2022,Liver-Chip,Troglitazone,hepatotoxic,Ewart2022 Table 4; Garside rank 1-3 versus 4-5,1,0.33189587,5,10,0.9449052656808125,0.4324252327801694,10,0.4,0.4925597705751579,0.3318958580493927,0.19279026067080024,-0.021140816062688826,0.27726128872524075,0.19932197034358978,0.3681334549639249,0.05981741286814213
author_units,ALT,Trovafloxacin,5,5,6.51795192081727,6.60856020450592,-0.09060828368865081,win,220,5,Ewart2022,Liver-Chip,Trovafloxacin,hepatotoxic,Ewart2022 Table 4; Garside rank 1-3 versus 4-5,1,20.663320627999997,6,12,0.3154358410324944,0.3198208227747741,15,0.3333333333333333,21.202738067437988,20.502694249153137,-0.6309206456418548,0.08147257169087728,5.157177834193929,5.355665600299835,9.239500094063946,9.114348101615906
author_units,Morphology,Clozapine,0,5,0.6347924593409578,0.7624907612800598,-0.12769830193910192,win,220,5,Ewart2022,Liver-Chip,Clozapine,hepatotoxic,Ewart2022 Table 4; Garside rank 1-3 versus 4-5,2,2.3333333329999997,6,12,0.27205391118498967,0.3267817548809945,15,0.4666666666666667,1.8516504106654943,2.1666667461395264,-0.3604407166142437,-0.3708426237106323,0.24639540264119245,0.3671701103448868,1.0786748098549754,1.2142857483455114
author_units,Morphology,Levofloxacin,1,5,0.17733437194504248,0.19571205377578735,-0.01837768183074487,win,260,5,Ewart2022,Liver-Chip,Levofloxacin,hepatotoxic,Ewart2022 Table 4; Garside rank 1-3 versus 4-5,2,0.3333333340000002,5,10,0.5320031147711208,0.5871361601530893,10,0.4,0.2961417377375213,0.33333325386047363,-0.03737605873771947,-0.002473485469818115,0.1905007804813784,0.1595201293627421,0.1575847591405386,0.24999994039535522
author_units,Morphology,Olanzapine,2,5,0.4145069858765309,0.3478691875934601,0.06663779828307081,loss,220,5,Ewart2022,Liver-Chip,Olanzapine,non-hepatotoxic,Ewart2022 Table 4; Garside rank 1-3 versus 4-5,5,0.8333333335000002,6,12,0.4974083829523553,0.41744302502866343,15,0.26666666666666666,1.268545282140964,0.6144496202468872,0.22909906734476515,0.06615822315216065,0.270782441831378,0.36830645257776434,0.8097494820007013,0.2916666865348816
author_units,Morphology,Pioglitazone,3,5,0.2389401826439209,0.22196803092956544,0.016972151714355455,loss,220,5,Ewart2022,Liver-Chip,Pioglitazone,hepatotoxic,Ewart2022 Table 4; Garside rank 1-3 versus 4-5,3,0.9166666664999998,6,12,0.26066201747712503,0.24214694287627997,15,0.4,0.7240683148810292,0.5,0.1979176035557078,-0.07411028544108073,0.23967104938146633,0.19402078787485758,0.23784388253760266,0.2638888955116272
author_units,Morphology,Troglitazone,4,5,0.24352501377195032,0.21939295530319214,0.024132058468758183,loss,260,5,Ewart2022,Liver-Chip,Troglitazone,hepatotoxic,Ewart2022 Table 4; Garside rank 1-3 versus 4-5,1,0.6666666670000001,5,10,0.3652875204752817,0.32908943279024344,10,0.2,0.45688025616934813,0.3333333730697632,-0.24352501377195032,0.03330696821212768,0.22172766159690688,0.19090788066387177,0.330714422472124,0.33333325386047363
author_units,Morphology,Trovafloxacin,5,5,0.47691534858902784,0.573399019241333,-0.09648367065230512,win,220,5,Ewart2022,Liver-Chip,Trovafloxacin,hepatotoxic,Ewart2022 Table 4; Garside rank 1-3 versus 4-5,1,2.1666666665000003,6,12,0.2201147762887909,0.2646457012086649,15,0.3333333333333333,1.0298919239837971,1.0833330154418945,-0.20895273462972858,-0.07516413529713949,0.310129631452586,0.4350986361503601,0.8104867828619116,0.8499998092651367
lowest_centered,ALBUMIN,Clozapine,0,5,17.585574096473444,27.308312034606935,-9.722737938133491,win,260,5,Ewart2022,Liver-Chip,Clozapine,hepatotoxic,Ewart2022 Table 4; Garside rank 1-3 versus 4-5,2,89.55377880501455,6,12,0.19636886718942945,0.3049375738132204,15,0.4,34.29886390994853,73.09866428375244,-1.5708863103119672,11.677641868591309,14.962503164080207,13.025558789571127,21.520180495063297,48.73244285583496
lowest_centered,ALBUMIN,Levofloxacin,1,5,22.32274392301806,7.572004508972168,14.750739414045892,loss,300,5,Ewart2022,Liver-Chip,Levofloxacin,hepatotoxic,Ewart2022 Table 4; Garside rank 1-3 versus 4-5,2,39.1336300831028,5,10,0.570423543014391,0.1934909818714115,10,0.2,39.53075679535308,16.263145446777344,-21.05344160655335,-5.260277462005615,20.843078027119898,8.01463496685028,28.241407506610717,5.801483154296875
lowest_centered,ALBUMIN,Olanzapine,2,5,28.917056435197328,13.32339267730713,15.593663757890198,loss,260,5,Ewart2022,Liver-Chip,Olanzapine,non-hepatotoxic,Ewart2022 Table 4; Garside rank 1-3 versus 4-5,5,27.741629972086997,6,12,1.042370490280961,0.48026711807175093,15,0.26666666666666666,59.35692116716011,20.934303045272827,-8.124498333008438,2.2473349571228027,21.577464927800435,14.188733144239945,49.100933080538795,10.94370436668396
lowest_centered,ALBUMIN,Pioglitazone,3,5,13.295911984333753,22.991106224060058,-9.695194239726305,win,260,5,Ewart2022,Liver-Chip,Pioglitazone,hepatotoxic,Ewart2022 Table 4; Garside rank 1-3 versus 4-5,3,77.1312583165374,6,10,0.1723803328835753,0.2980776759755082,15,0.26666666666666666,22.719727470138814,64.84980487823486,-1.1738577531483363,6.155905338128408,12.265543789437288,16.634061721238222,16.129424520299033,40.47297716140747
lowest_centered,ALBUMIN,Troglitazone,4,5,33.11092985384998,43.59231872558594,-10.481388871735959,win,260,5,Ewart2022,Liver-Chip,Troglitazone,hepatotoxic,Ewart2022 Table 4; Garside rank 1-3 versus 4-5,1,111.4111980616967,6,12,0.29719570770178766,0.39127412220668895,15,0.26666666666666666,84.60207209025063,111.41120052337646,-1.5229318913355143,5.694279781977335,22.180611739721506,29.05919926816767,63.16930466770327,83.55840039253235
lowest_centered,ALBUMIN,Trovafloxacin,5,5,24.817964046229044,29.645921897888183,-4.827957851659139,win,260,5,Ewart2022,Liver-Chip,Trovafloxacin,hepatotoxic,Ewart2022 Table 4; Garside rank 1-3 versus 4-5,1,86.27074254049145,6,12,0.2876753267143916,0.3436381909425872,15,0.4,46.63637091805645,78.25300979614258,22.105551663853735,12.178142833709718,17.5686333289494,17.70718706978692,35.69196012214852,47.554027239481606
lowest_centered,ALT,Clozapine,0,5,0.7515903775842259,0.8745907306671142,-0.12300035308288837,win,220,5,Ewart2022,Liver-Chip,Clozapine,hepatotoxic,Ewart2022 Table 4; Garside rank 1-3 versus 4-5,2,2.6841846655,6,12,0.28000695602074843,0.32583105846191796,15,0.3333333333333333,2.3102425274969427,2.6841845512390137,-0.1418503043475402,-0.18653553873300552,0.37847520372338356,0.5066307105123997,1.49782072530591,1.6105107307434081
lowest_centered,ALT,Levofloxacin,1,5,0.21010832670267865,0.4736050933599472,-0.26349676665726857,win,260,5,Ewart2022,Liver-Chip,Levofloxacin,hepatotoxic,Ewart2022 Table 4; Garside rank 1-3 versus 4-5,2,0.8315188995,5,10,0.2526801577559076,0.5695662403400937,10,0.4,0.6879905713503764,0.8315188884735107,-0.13938198549791644,0.13916864320635797,0.2711522296082166,0.5061192344874144,0.11854247234437172,0.4248338909819722
lowest_centered,ALT,Olanzapine,2,5,0.6022791839769539,0.5492998898029328,0.05297929417402114,loss,220,5,Ewart2022,Liver-Chip,Olanzapine,non-hepatotoxic,Ewart2022 Table 4; Garside rank 1-3 versus 4-5,5,1.43137743,6,12,0.420768953983684,0.3837561486511163,15,0.3333333333333333,1.8008524000532575,1.2254680395126343,-0.5819301894480858,-0.15448947250843048,0.6417405285457118,0.5262321397662163,0.5233564948394382,0.5954354286193848
lowest_centered,ALT,Pioglitazone,3,5,0.5792556717105347,0.3018733233213425,0.27738234838919223,loss,220,5,Ewart2022,Liver-Chip,Pioglitazone,hepatotoxic,Ewart2022 Table 4; Garside rank 1-3 versus 4-5,3,0.6747543195000001,6,12,0.8584690086011886,0.4473825725858765,15,0.3333333333333333,1.1115393468040873,0.6733141320291907,0.2892833242289607,-0.06798362055172523,0.6152182689289992,0.37716818060725926,0.5073304772736055,0.15128359198570251
lowest_centered,ALT,Troglitazone,4,5,0.4801455361615002,0.14352014884352685,0.3366253873179733,loss,260,5,Ewart2022,Liver-Chip,Troglitazone,hepatotoxic,Ewart2022 Table 4; Garside rank 1-3 versus 4-5,1,0.33189587,5,10,1.4466752363067976,0.4324252327801694,10,0.4,0.8424409295897278,0.3318958580493927,0.39105183069970473,-0.021140816062688826,0.31889769323456457,0.19932197034358978,0.7220173005519036,0.05981741286814213
lowest_centered,ALT,Trovafloxacin,5,5,6.315407517909431,6.608559632301331,-0.2931521143918996,win,220,5,Ewart2022,Liver-Chip,Trovafloxacin,hepatotoxic,Ewart2022 Table 4; Garside rank 1-3 versus 4-5,1,20.663320627999997,6,12,0.30563371839430725,0.3198207950829718,15,0.3333333333333333,20.24884631341941,20.50269377231598,-0.24402420474451791,0.08147264917691549,5.133521464257905,5.355665630102157,8.679179625212484,9.114347928762436
lowest_centered,Morphology,Clozapine,0,5,0.6866547065996317,0.7624907433986664,-0.07583603679903472,win,220,5,Ewart2022,Liver-Chip,Clozapine,hepatotoxic,Ewart2022 Table 4; Garside rank 1-3 versus 4-5,2,2.3333333329999997,6,12,0.29428058858473943,0.32678174721754016,15,0.4666666666666667,1.938904989989047,2.166666656732559,-0.31233540921134506,-0.3708426063259443,0.34546740107226703,0.3671701094135642,1.0765830557737626,1.2142857100282396
lowest_centered,Morphology,Levofloxacin,1,5,0.19442446300535088,0.19571209847927093,-0.0012876354739200513,win,260,5,Ewart2022,Liver-Chip,Levofloxacin,hepatotoxic,Ewart2022 Table 4; Garside rank 1-3 versus 4-5,2,0.3333333340000002,5,10,0.5832733878495056,0.5871362942635399,10,0.4,0.46713516548525136,0.3333333432674408,0.11526743588307656,-0.002473495900630951,0.18505938943988723,0.15952016661564508,0.20847207335354634,0.2500000074505806
lowest_centered,Morphology,Olanzapine,2,5,0.5182355692323586,0.3478692054748535,0.17036636375750508,loss,220,5,Ewart2022,Liver-Chip,Olanzapine,non-hepatotoxic,Ewart2022 Table 4; Garside rank 1-3 versus 4-5,5,0.8333333335000002,6,12,0.6218826829544536,0.4174430464863355,15,0.26666666666666666,1.3191171808462012,0.6144496500492096,0.3102234625420517,0.06615825320283572,0.36315650295338053,0.368306484750726,0.944703001499548,0.2916666641831398
lowest_centered,Morphology,Pioglitazone,3,5,0.3610371664290194,0.22196802794933318,0.13906913847968622,loss,220,5,Ewart2022,Liver-Chip,Pioglitazone,hepatotoxic,Ewart2022 Table 4; Garside rank 1-3 versus 4-5,3,0.9166666664999998,6,12,0.39385872708508646,0.2421469396251175,15,0.4,0.7211985332271074,0.5,-0.18507088288058926,-0.07411027352015177,0.3953936465138414,0.19402077794075012,0.30950244630178636,0.2638888955116272
lowest_centered,Morphology,Troglitazone,4,5,0.08395128633808027,0.21939296871423722,-0.13544168237615695,win,260,5,Ewart2022,Liver-Chip,Troglitazone,hepatotoxic,Ewart2022 Table 4; Garside rank 1-3 versus 4-5,1,0.6666666670000001,5,10,0.12592692944415693,0.3290894529068111,10,0.2,0.18766133716595415,0.3333333432674408,0.051378472975194954,0.03330695629119873,0.091679360914277,0.19090787507593632,0.053038988033293294,0.3333333432674408
lowest_centered,Morphology,Trovafloxacin,5,5,0.5442225830283933,0.573399156332016,-0.029176573303622666,win,220,5,Ewart2022,Liver-Chip,Trovafloxacin,hepatotoxic,Ewart2022 Table 4; Garside rank 1-3 versus 4-5,1,2.1666666665000003,6,12,0.2511796537247338,0.2646457644812878,15,0.3333333333333333,1.2722282400341025,1.0833333730697632,-0.27917074683385146,-0.07516412635644278,0.3235193810652316,0.4350987508893013,0.9856289869547169,0.85
author_units,LDH,ABC,0,3,4.457440694173177,4.763692220052083,-0.30625152587890625,win,16,4,Yuan2025,Intact Liver Chip,Abacavir,immune-mediated,Yuan2025 Par16;Par17,,17.899999999999977,4,24,0.24901903319403254,0.2661280569861502,3,0.3333333333333333,7.216194152832031,6.5936279296875,-0.35335540771484375,0.565399169921875,6.445533752441406,6.445533752441406,0.48125457763671875,1.4000091552734375
author_units,LDH,ALP,1,3,9.409721374511719,8.413192749023438,0.9965286254882812,loss,16,4,Yuan2025,Intact Liver Chip,Allopurinol,immune-mediated,Yuan2025 Par18,,47.366666666666674,4,24,0.19865703112973365,0.1776184253840275,3,0.3333333333333333,10.672920227050781,11.287399291992188,-3.8778457641601562,-0.8882598876953125,8.778121948242188,8.778121948242188,10.672920227050781,7.6833343505859375
author_units,LDH,APAP,2,3,14.80303955078125,13.806510925292969,0.9965286254882812,loss,16,4,Yuan2025,Intact Liver Chip,Acetaminophen,hepatocyte damage,Yuan2025 Par16;Par17,,59.60000000000001,4,24,0.2483731468251887,0.23165286787404307,3,0.3333333333333333,25.68958282470703,22.699996948242188,-8.557835896809896,-5.568250020345052,9.35976791381836,9.35976791381836,25.68958282470703,22.699996948242188
author_units,LDH,EE,3,3,8.669893900553385,7.6532236735026045,1.0166702270507804,loss,16,4,Yuan2025,Intact Liver Chip,Ethinyl estradiol,cholestasis-associated,Yuan2025 Par17,,29.733333333333334,4,24,0.29158835988408244,0.25739541502811447,3,0.3333333333333333,13.349998474121094,10.29998779296875,-7.650459289550781,-4.6004486083984375,6.329841613769531,6.329841613769531,13.349998474121094,10.29998779296875
author_units,LDH,SMX,4,3,8.243904113769531,7.24737548828125,0.9965286254882812,loss,16,4,Yuan2025,Intact Liver Chip,Sulfamethoxazole,immune-mediated,Yuan2025 Par16;Par17,,41.69999999999999,4,24,0.1976955422966315,0.173797973340078,3,0.3333333333333333,12.989585876464844,10.0,-4.236646016438802,-1.2470601399739583,5.871063232421875,5.871063232421875,12.989585876464844,10.0
author_units,LDH,ABC,0,3,6.5215504964192705,5.573923746744792,0.9476267496744786,loss,16,4,Yuan2025,N-B,Abacavir,immune-mediated,Yuan2025 Par16;Par17,,23.80000000000001,4,24,0.27401472674030536,0.23419847675398275,3,0.3333333333333333,8.126754760742188,6.3000030517578125,-4.2168019612630205,-1.3739217122395833,8.053764343261719,5.210884094238281,3.457122802734375,6.3000030517578125
author_units,LDH,ALP,1,3,17.45647684733073,18.404103597005207,-0.9476267496744768,win,16,4,Yuan2025,N-B,Allopurinol,immune-mediated,Yuan2025 Par18,,53.10000000000002,4,24,0.32874720993089873,0.346593288079194,3,0.3333333333333333,34.82621765136719,31.98333740234375,-5.7610015869140625,-2.918121337890625,8.7716064453125,11.614486694335938,34.82621765136719,31.98333740234375
author_units,LDH,APAP,2,3,14.567721048990885,13.620094299316406,0.9476267496744786,loss,16,4,Yuan2025,N-B,Acetaminophen,hepatocyte damage,Yuan2025 Par16;Par17,,65.6,4,24,0.2220689184297391,0.20762338870909158,3,0.3333333333333333,23.942886352539062,21.100006103515625,-9.491905212402344,-6.649024963378906,9.880138397216797,9.880138397216797,23.942886352539062,21.100006103515625
author_units,LDH,EE,3,3,8.296239217122396,7.786570231119792,0.5096689860026045,loss,16,4,Yuan2025,N-B,Ethinyl estradiol,cholestasis-associated,Yuan2025 Par17,,49.19999999999996,4,24,0.168622748315496,0.15826362258373575,3,0.3333333333333333,22.3828125,18.900009155273438,-8.296239217122396,-4.813435872395833,1.2529525756835938,2.2298507690429688,22.3828125,18.900009155273438
author_units,LDH,SMX,4,3,6.939694722493489,7.6829783121744795,-0.7432835896809902,win,16,4,Yuan2025,N-B,Sulfamethoxazole,immune-mediated,Yuan2025 Par16;Par17,,44.28333333333336,4,24,0.1567112093901427,0.17349593478753048,3,0.3333333333333333,18.31317901611328,16.083328247070312,-5.269091288248698,-3.039240519205729,1.2529525756835938,3.4828033447265625,18.31317901611328,16.083328247070312
author_units,LDH,ABC,0,3,3.5052108764648438,3.247065226236979,0.25814565022786473,loss,16,4,Yuan2025,N-S,Abacavir,immune-mediated,Yuan2025 Par16;Par17,,17.600000000000023,4,24,0.1991597088900477,0.18449234239982812,3,0.3333333333333333,3.7787857055664062,4.55322265625,-0.9860204060872396,-0.21158345540364584,3.7205963134765625,3.7205963134765625,3.0744400024414062,2.3000030517578125
author_units,LDH,ALP,1,3,24.665855407714844,24.40770975748698,0.2581456502278634,loss,16,4,Yuan2025,N-S,Allopurinol,immune-mediated,Yuan2025 Par18,,74.55,4,24,0.3308632516125398,0.32740053329962415,3,0.3333333333333333,32.14110565185547,31.366668701171875,-11.469632466634115,-10.695195515950521,20.92823028564453,20.92823028564453,32.14110565185547,31.366668701171875
author_units,LDH,APAP,2,3,15.539985656738281,15.281840006510416,0.2581456502278652,loss,16,4,Yuan2025,N-S,Acetaminophen,hepatocyte damage,Yuan2025 Par16;Par17,,53.3,4,24,0.2915569541601929,0.2867136961821842,3,0.3333333333333333,19.074440002441406,18.300003051757812,-8.360435485839844,-7.58599853515625,13.772758483886719,13.772758483886719,19.074440002441406,18.300003051757812
author_units,LDH,EE,3,3,5.220652262369792,4.7348378499348955,0.4858144124348964,loss,16,4,Yuan2025,N-S,Ethinyl estradiol,cholestasis-associated,Yuan2025 Par17,,26.499999999999986,4,24,0.19700574574980356,0.17867312641263766,3,0.3333333333333333,8.157455444335938,6.70001220703125,-5.1710205078125,-3.7135772705078125,3.7522506713867188,3.7522506713867188,8.157455444335938,6.70001220703125
author_units,LDH,SMX,4,3,6.132982889811198,6.004964192708333,0.12801869710286518,loss,16,4,Yuan2025,N-S,Sulfamethoxazole,immune-mediated,Yuan2025 Par16;Par17,,53.80000000000001,4,24,0.11399596449463191,0.11161643480870505,3,0.3333333333333333,14.715950012207031,15.100006103515625,-3.6776504516601562,-4.06170654296875,1.8414993286132812,1.4574432373046875,14.715950012207031,15.100006103515625
author_units,LDH,ABC,0,3,5.419853210449219,5.8415679931640625,-0.42171478271484375,win,16,4,Yuan2025,N-K,Abacavir,immune-mediated,Yuan2025 Par16;Par17,,24.0,4,24,0.22582721710205078,0.24339866638183594,3,0.3333333333333333,9.447547912597656,8.182403564453125,-0.8785120646158854,0.3866322835286458,6.912353515625,6.912353515625,2.4348526000976562,3.6999969482421875
author_units,LDH,ALP,1,3,4.283348083496094,4.7050628662109375,-0.42171478271484375,win,16,4,Yuan2025,N-K,Allopurinol,immune-mediated,Yuan2025 Par18,,38.750000000000014,4,24,0.11053801505796366,0.12142097719254027,3,0.3333333333333333,12.315162658691406,11.050018310546875,-3.9267603556315103,-2.661616007486979,0.2674407958984375,1.5325851440429688,12.315162658691406,11.050018310546875
author_units,LDH,APAP,2,3,9.947425842285156,9.480888366699219,0.4665374755859375,loss,16,4,Yuan2025,N-K,Acetaminophen,hepatocyte damage,Yuan2025 Par16;Par17,,55.90000000000002,4,24,0.17795037284946605,0.16960444305365321,3,0.3333333333333333,18.399612426757812,17.0,-6.118314107259114,-4.718701680501302,5.721332550048828,5.721332550048828,18.399612426757812,17.0
author_units,LDH,EE,3,3,9.16009775797526,8.649236043294271,0.5108617146809884,loss,16,4,Yuan2025,N-K,Ethinyl estradiol,cholestasis-associated,Yuan2025 Par17,,31.400000000000034,4,24,0.2917228585342436,0.2754533771749765,3,0.3333333333333333,10.891868591308594,12.424453735351562,-1.898852030436198,-0.3662668863932292,8.723854064941406,8.723854064941406,10.032585144042969,8.5
author_units,LDH,SMX,4,3,3.7558263142903647,3.910100301106771,-0.15427398681640625,win,16,4,Yuan2025,N-K,Sulfamethoxazole,immune-mediated,Yuan2025 Par16;Par17,,32.3,4,24,0.11627945245481007,0.12105573687637063,3,0.3333333333333333,10.732597351074219,9.20001220703125,-3.7558263142903647,-2.223241170247396,0.2674407958984375,1.2651443481445312,10.732597351074219,9.20001220703125
author_units,LDH,ABC,0,3,2.2626876831054688,1.791229248046875,0.47145843505859375,loss,16,4,Yuan2025,N-T,Abacavir,immune-mediated,Yuan2025 Par16;Par17,,15.36666666666666,4,24,0.14724648696998718,0.11656589466682489,3,0.3333333333333333,3.4904556274414062,3.402313232421875,1.0770034790039062,-0.546783447265625,1.6488037109375,1.753509521484375,3.4904556274414062,1.866668701171875
author_units,LDH,ALP,1,3,3.6008097330729165,2.7198282877604165,0.8809814453125,loss,16,4,Yuan2025,N-T,Allopurinol,immune-mediated,Yuan2025 Par18,,44.98333333333332,4,24,0.08004764134285848,0.06046302232887182,3,0.3333333333333333,5.3428955078125,4.4619140625,-3.6008097330729165,-2.7198282877604165,3.577392578125,2.6964111328125,3.64764404296875,2.76666259765625
author_units,LDH,APAP,2,3,17.95155080159505,18.12415313720703,-0.17260233561198035,win,16,4,Yuan2025,N-T,Acetaminophen,hepatocyte damage,Yuan2025 Par16;Par17,,63.60000000000001,4,24,0.28225708807539385,0.2849709612768401,3,0.3333333333333333,28.982192993164062,29.5,-5.498039245605469,-6.015846252441406,12.436229705810547,12.436229705810547,28.982192993164062,29.5
author_units,LDH,EE,3,3,12.036331176757812,12.208933512369791,-0.17260233561197857,win,16,4,Yuan2025,N-T,Ethinyl estradiol,cholestasis-associated,Yuan2025 Par17,,29.23333333333335,4,24,0.4117331075287733,0.4176374063524442,3,0.3333333333333333,19.298858642578125,19.816665649414062,-4.1362355550130205,-4.654042561848958,8.405067443847656,8.405067443847656,19.298858642578125,19.816665649414062
author_units,LDH,SMX,4,3,2.5906651814778647,2.7632675170898438,-0.17260233561197902,win,16,4,Yuan2025,N-T,Sulfamethoxazole,immune-mediated,Yuan2025 Par16;Par17,,29.300000000000026,4,24,0.08841860687637756,0.09430947157303213,3,0.3333333333333333,3.1974029541015625,3.7152099609375,-0.7401758829752604,-1.257982889811198,2.9865684509277344,2.9865684509277344,1.798858642578125,2.3166656494140625
author_units,ALT,ABC,0,3,0.031780943274497986,0.030489275852839153,0.0012916674216588327,loss,12,3,Yuan2025,Intact Liver Chip,Abacavir,immune-mediated,Yuan2025 Par16;Par17,,0.15949999999999998,4,16,0.19925356284951717,0.191155334500559,3,0.3333333333333333,0.04200826585292816,0.04508456587791443,0.004307900865872701,0.0004328986008961995,0.041608914732933044,0.041608914732933044,0.012125000357627869,0.008249998092651367
author_units,ALT,APAP,1,3,0.048814152677853904,0.046355818708737694,0.002458333969116211,loss,12,3,Yuan2025,Intact Liver Chip,Acetaminophen,hepatocyte damage,Yuan2025 Par16;Par17,,0.1715,4,16,0.2846306278592064,0.27029631900138595,3,0.3333333333333333,0.06841547787189484,0.061040475964546204,-0.03404616812864939,-0.026671166221300762,0.0452837273478508,0.0452837273478508,0.05587500333786011,0.048500001430511475
author_units,ALT,EE,2,3,0.024285902579625446,0.020708143711090088,0.0035777588685353585,loss,12,3,Yuan2025,Intact Liver Chip,Ethinyl estradiol,cholestasis-associated,Yuan2025 Par17,,0.06950000000000006,4,16,0.34943744718885505,0.2979589023178427,3,0.3333333333333333,0.02641528844833374,0.0321924090385437,-0.009979814291000366,0.0007534623146057129,0.02393721044063568,0.02393721044063568,0.02498328685760498,0.014250010251998901
author_units,ALT,SMX,3,3,0.020716801285743713,0.01971679925918579,0.0010000020265579224,loss,12,3,Yuan2025,Intact Liver Chip,Sulfamethoxazole,immune-mediated,Yuan2025 Par16;Par17,,0.03125,4,16,0.6629376411437988,0.6309375762939453,3,0.3333333333333333,0.025500014424324036,0.023433834314346313,0.007094249129295349,0.004094243049621582,0.018325194716453552,0.018325194716453552,0.025500014424324036,0.02250000834465027
author_units,ALT,ABC,0,3,0.04210024078687032,0.040109346310297646,0.001990894476572677,loss,12,3,Yuan2025,N-B,Abacavir,immune-mediated,Yuan2025 Par16;Par17,,0.17839999999999998,4,16,0.23598789678738974,0.22482817438507652,3,0.3333333333333333,0.08907267451286316,0.08309999108314514,-0.022778262694676716,-0.0168055792649587,0.0186140239238739,0.0186140239238739,0.08907267451286316,0.08309999108314514
author_units,ALT,APAP,1,3,0.032933284838994346,0.029375667373339336,0.00355761746565501,loss,12,3,Yuan2025,N-B,Acetaminophen,hepatocyte damage,Yuan2025 Par16;Par17,,0.11959999999999998,4,16,0.275361913369518,0.2456159479376199,3,0.3333333333333333,0.05588605999946594,0.045213207602500916,-0.029839317003885906,-0.01916646460692088,0.0302635058760643,0.0302635058760643,0.03827284276485443,0.027599990367889404
author_units,ALT,EE,2,3,0.03638971348603567,0.03421614567438761,0.0021735678116480556,loss,12,3,Yuan2025,N-B,Ethinyl estradiol,cholestasis-associated,Yuan2025 Par17,,0.20500000000000002,4,16,0.1775107974928569,0.16690802767993956,3,0.3333333333333333,0.07852070033550262,0.07199999690055847,-0.022550180554389954,-0.0160294771194458,0.015324220061302185,0.015324220061302185,0.07852070033550262,0.07199999690055847
author_units,ALT,SMX,3,3,0.02025619645913442,0.01808262864748637,0.0021735678116480486,loss,12,3,Yuan2025,N-B,Sulfamethoxazole,immune-mediated,Yuan2025 Par16;Par17,,0.10930000000000001,4,16,0.1853265915748803,0.16544033529264748,3,0.3333333333333333,0.022120729088783264,0.023618102073669434,-0.008857930699984232,-0.0023372272650400796,0.019323930144309998,0.019323930144309998,0.022120729088783264,0.015600025653839111
author_units,ALT,ABC,0,3,0.02609363446633021,0.02486155430475871,0.0012320801615715027,loss,12,3,Yuan2025,N-S,Abacavir,immune-mediated,Yuan2025 Par16;Par17,,0.1724,4,16,0.15135518831978081,0.14420855165173266,3,0.3333333333333333,0.03739625960588455,0.033700019121170044,-0.010017829636732737,-0.0063215891520182295,0.02044232189655304,0.02044232189655304,0.03739625960588455,0.033700019121170044
author_units,ALT,APAP,1,3,0.04628467559814453,0.04505259543657303,0.0012320801615715027,loss,12,3,Yuan2025,N-S,Acetaminophen,hepatocyte damage,Yuan2025 Par16;Par17,,0.16050000000000003,4,16,0.2883780411099347,0.2807015291998319,3,0.3333333333333333,0.07419948279857635,0.07050324231386185,-0.03197913865248362,-0.028282898167769115,0.04782889410853386,0.04782889410853386,0.043196238577365875,0.03949999809265137
author_units,ALT,EE,2,3,0.02114567408959071,0.018739442030588787,0.0024062320590019226,loss,12,3,Yuan2025,N-S,Ethinyl estradiol,cholestasis-associated,Yuan2025 Par17,,0.09100000000000003,4,16,0.23237004494055719,0.20592793440207452,3,0.3333333333333333,0.048003651201725006,0.03799998760223389,-0.016597546637058258,-0.006593883037567139,0.00771668553352356,0.009109169244766235,0.048003651201725006,0.03799998760223389
author_units,ALT,SMX,3,3,0.02115033318599065,0.019918253024419148,0.0012320801615715027,loss,12,3,Yuan2025,N-S,Sulfamethoxazole,immune-mediated,Yuan2025 Par16;Par17,,0.08900000000000002,4,16,0.23764419310101847,0.22380059577999037,3,0.3333333333333333,0.031103767454624176,0.027407526969909668,-0.005481151243050893,-0.001784910758336385,0.01997361332178116,0.01627737283706665,0.023503772914409637,0.027200013399124146
author_units,ALT,ABC,0,3,0.02299645294745763,0.021593719720840454,0.0014027332266171762,loss,12,3,Yuan2025,N-K,Abacavir,immune-mediated,Yuan2025 Par16;Par17,,0.17759999999999998,4,16,0.12948453236181098,0.12158625968941698,3,0.3333333333333333,0.052108220756053925,0.04790002107620239,-0.018660130600134533,-0.014451930920282999,0.008440569043159485,0.008440569043159485,0.052108220756053925,0.04790002107620239
author_units,ALT,APAP,1,3,0.01342943807442983,0.013288800915082296,0.00014063715934753418,loss,12,3,Yuan2025,N-K,Acetaminophen,hepatocyte damage,Yuan2025 Par16;Par17,,0.12920000000000004,4,16,0.10394301915193364,0.10285449624676697,3,0.3333333333333333,0.03610634803771973,0.03145000338554382,-0.01233421266078949,-0.007677868008613586,0.0020909830927848816,0.004208199679851532,0.03610634803771973,0.03145000338554382
author_units,ALT,EE,2,3,0.01992783198753993,0.01852509876092275,0.0014027332266171796,loss,12,3,Yuan2025,N-K,Ethinyl estradiol,cholestasis-associated,Yuan2025 Par17,,0.06399999999999997,4,16,0.3113723748053115,0.28945466813941806,3,0.3333333333333333,0.02620818465948105,0.021999984979629517,-0.014957475165526072,-0.01074927548567454,0.016787655651569366,0.016787655651569366,0.02620818465948105,0.021999984979629517
author_units,ALT,SMX,3,3,0.01529602954785029,0.013893296321233114,0.0014027332266171762,loss,12,3,Yuan2025,N-K,Sulfamethoxazole,immune-mediated,Yuan2025 Par16;Par17,,0.1059,4,16,0.14443842821388378,0.13119259982278672,3,0.3333333333333333,0.026755891740322113,0.02254769206047058,-0.006280027329921722,-0.0020718276500701904,0.020139947533607483,0.020139947533607483,0.005608193576335907,0.001399993896484375
author_units,ALT,ABC,0,3,0.024568572640419006,0.011280680696169535,0.013287891944249472,loss,12,3,Yuan2025,N-T,Abacavir,immune-mediated,Yuan2025 Par16;Par17,,0.10449999999999998,4,16,0.23510595828152164,0.10794909757100035,3,0.3333333333333333,0.044549256563186646,0.02610000967979431,-0.024568572640419006,-0.006119325757026672,0.014578230679035187,0.003871016204357147,0.044549256563186646,0.02610000967979431
author_units,ALT,APAP,1,3,0.04171406477689743,0.037786836425463356,0.003927228351434074,loss,12,3,Yuan2025,N-T,Acetaminophen,hepatocyte damage,Yuan2025 Par16;Par17,,0.146,4,16,0.28571277244450294,0.25881394811961206,3,0.3333333333333333,0.06858169287443161,0.056800007820129395,-0.027435568471749622,-0.015653883417447407,0.02828025072813034,0.02828025072813034,0.06858169287443161,0.056800007820129395
author_units,ALT,EE,2,3,0.031680501997470856,0.028970519701639812,0.0027099822958310434,loss,12,3,Yuan2025,N-T,Ethinyl estradiol,cholestasis-associated,Yuan2025 Par17,,0.11599999999999999,4,16,0.273107775840266,0.24974585949689496,3,0.3333333333333333,0.07478167861700058,0.06299999356269836,-0.02481116106112798,-0.013029476006825766,0.010129913687705994,0.011955782771110535,0.07478167861700058,0.06299999356269836
author_units,ALT,SMX,3,3,0.03623179346323013,0.03781358400980631,-0.0015817905465761797,win,12,3,Yuan2025,N-T,Sulfamethoxazole,immune-mediated,Yuan2025 Par16;Par17,,0.1394,4,16,0.2599124351738173,0.2712595696542777,3,0.3333333333333333,0.07694537192583084,0.0722000002861023,-0.015065121153990427,-0.010319749514261881,0.01587500423192978,0.020620375871658325,0.07694537192583084,0.0722000002861023
lowest_centered,LDH,ABC,0,3,4.457441965738933,4.763696034749349,-0.3062540690104161,win,16,4,Yuan2025,Intact Liver Chip,Abacavir,immune-mediated,Yuan2025 Par16;Par17,,17.899999999999977,4,24,0.2490191042312256,0.2661282700977293,3,0.3333333333333333,7.216205596923828,6.5936431884765625,-0.3533617655436198,0.5654004414876302,6.44554328918457,6.44554328918457,0.48123931884765625,1.4000015258789062
lowest_centered,LDH,ALP,1,3,9.409722010294596,8.413192431131998,0.9965295791625977,loss,16,4,Yuan2025,Intact Liver Chip,Allopurinol,immune-mediated,Yuan2025 Par18,,47.366666666666674,4,24,0.19865704455231376,0.17761841867273745,3,0.3333333333333333,10.672926902770996,11.287398338317871,-3.8778489430745444,-0.8882602055867513,8.778119564056396,8.778119564056396,10.672926902770996,7.683338165283203
lowest_centered,LDH,APAP,2,3,14.803042729695639,13.806513150533041,0.9965295791625977,loss,16,4,Yuan2025,Intact Liver Chip,Acetaminophen,hepatocyte damage,Yuan2025 Par16;Par17,,59.60000000000001,4,24,0.24837320016267847,0.2316529052102859,3,0.3333333333333333,25.689589500427246,22.700000762939453,-8.557838439941406,-5.568249702453613,9.359769344329834,9.359769344329834,25.689589500427246,22.700000762939453
lowest_centered,LDH,EE,3,3,8.669897079467773,7.653230667114258,1.0166664123535156,loss,16,4,Yuan2025,Intact Liver Chip,Ethinyl estradiol,cholestasis-associated,Yuan2025 Par17,,29.733333333333334,4,24,0.2915884667982435,0.25739565023926875,3,0.3333333333333333,13.349998474121094,10.299999237060547,-7.650445938110352,-4.600446701049805,6.329846382141113,6.329846382141113,13.349998474121094,10.299999237060547
lowest_centered,LDH,SMX,4,3,8.243906656901041,7.247377077738444,0.9965295791625968,loss,16,4,Yuan2025,Intact Liver Chip,Sulfamethoxazole,immune-mediated,Yuan2025 Par16;Par17,,41.69999999999999,4,24,0.19769560328299865,0.17379801145655746,3,0.3333333333333333,12.989590644836426,10.000001907348633,-4.236647288004558,-1.2470585505167644,5.87106466293335,5.87106466293335,12.989590644836426,10.000001907348633
lowest_centered,LDH,ABC,0,3,6.521548589070638,5.573923110961914,0.9476254781087237,loss,16,4,Yuan2025,N-B,Abacavir,immune-mediated,Yuan2025 Par16;Par17,,23.80000000000001,4,24,0.2740146465996065,0.23419845004041645,3,0.3333333333333333,8.126750946044922,6.299999237060547,-4.216800053914388,-1.373923619588216,8.05376148223877,5.210885047912598,3.457122802734375,6.299999237060547
lowest_centered,LDH,ALP,1,3,17.456479601562023,18.404105186462402,-0.9476255849003792,win,16,4,Yuan2025,N-B,Allopurinol,immune-mediated,Yuan2025 Par18,,53.10000000000002,4,24,0.3287472617996613,0.34659331801247445,3,0.3333333333333333,34.82621192932129,31.983335494995117,-5.760995017985503,-2.918118583659331,8.77161343768239,11.614489872008562,34.82621192932129,31.983335494995117
lowest_centered,LDH,APAP,2,3,14.567715009053549,13.620089530944824,0.9476254781087246,loss,16,4,Yuan2025,N-B,Acetaminophen,hepatocyte damage,Yuan2025 Par16;Par17,,65.6,4,24,0.22206882635752362,0.20762331602050038,3,0.3333333333333333,23.942874908447266,21.099998474121094,-9.491899172465006,-6.649022738138835,9.88013505935669,9.88013505935669,23.942874908447266,21.099998474121094
lowest_centered,LDH,EE,3,3,8.29623826344808,7.786565780639648,0.5096724828084316,loss,16,4,Yuan2025,N-B,Ethinyl estradiol,cholestasis-associated,Yuan2025 Par17,,49.19999999999996,4,24,0.1686227289318717,0.15826353212682226,3,0.3333333333333333,22.382803916931152,18.899999618530273,-8.29623826344808,-4.8134339650472,1.252955436706543,2.229848861694336,22.382803916931152,18.899999618530273
lowest_centered,LDH,SMX,4,3,6.939697901407878,7.682980855305989,-0.7432829538981114,win,16,4,Yuan2025,N-B,Sulfamethoxazole,immune-mediated,Yuan2025 Par16;Par17,,44.28333333333336,4,24,0.15671128117593994,0.17349599221616827,3,0.3333333333333333,18.313182830810547,16.08333396911621,-5.26909065246582,-3.0392417907714844,1.252955436706543,3.482804298400879,18.313182830810547,16.08333396911621
lowest_centered,LDH,ABC,0,3,3.5052083333333335,3.247063636779785,0.2581446965535483,loss,16,4,Yuan2025,N-S,Abacavir,immune-mediated,Yuan2025 Par16;Par17,,17.600000000000023,4,24,0.19915956439393914,0.18449225208976028,3,0.3333333333333333,3.778789520263672,4.553223609924316,-0.9860153198242188,-0.21158123016357422,3.7205963134765625,3.7205963134765625,3.074432373046875,2.2999982833862305
lowest_centered,LDH,ALP,1,3,24.66584873199463,24.407704035441082,0.258144696553547,loss,16,4,Yuan2025,N-S,Allopurinol,immune-mediated,Yuan2025 Par18,,74.55,4,24,0.3308631620656557,0.32740045654515204,3,0.3333333333333333,32.141098976135254,31.36666488647461,-11.469623883565268,-10.695189793904623,20.928223609924316,20.928223609924316,32.141098976135254,31.36666488647461
lowest_centered,LDH,APAP,2,3,15.539983113606771,15.281838734944662,0.2581443786621094,loss,16,4,Yuan2025,N-S,Acetaminophen,hepatocyte damage,Yuan2025 Par16;Par17,,53.3,4,24,0.29155690644665616,0.28671367232541584,3,0.3333333333333333,19.07443332672119,18.299999237060547,-8.36043612162272,-7.586002031962077,13.77275800704956,13.77275800704956,19.07443332672119,18.299999237060547
lowest_centered,LDH,EE,3,3,5.2206417719523115,4.734827041625977,0.48581473032633493,loss,16,4,Yuan2025,N-S,Ethinyl estradiol,cholestasis-associated,Yuan2025 Par17,,26.499999999999986,4,24,0.197005349884993,0.17867271855192374,3,0.3333333333333333,8.157444953918457,6.700000762939453,-5.171018282572429,-3.7135740915934243,3.7522401809692383,3.7522401809692383,8.157444953918457,6.700000762939453
lowest_centered,LDH,SMX,4,3,6.132983366648356,6.004963556925456,0.1280198097229004,loss,16,4,Yuan2025,N-S,Sulfamethoxazole,immune-mediated,Yuan2025 Par16;Par17,,53.80000000000001,4,24,0.11399597335777611,0.11161642299117945,3,0.3333333333333333,14.715942859649658,15.10000228881836,-3.677645206451416,-4.061704635620117,1.841503620147705,1.457444190979004,14.715942859649658,15.10000228881836
lowest_centered,LDH,ABC,0,3,5.4198629061381025,5.841574986775716,-0.42171208063761334,win,16,4,Yuan2025,N-K,Abacavir,immune-mediated,Yuan2025 Par16;Par17,,24.0,4,24,0.2258276210890876,0.24339895778232148,3,0.3333333333333333,9.447543621063232,8.18240737915039,-0.8784995079040527,0.38663673400878906,6.912360191345215,6.912360191345215,2.434868335723877,3.7000045776367188
lowest_centered,LDH,ALP,1,3,4.283341248830159,4.705053329467773,-0.42171208063761423,win,16,4,Yuan2025,N-K,Allopurinol,immune-mediated,Yuan2025 Par18,,38.750000000000014,4,24,0.11053783867948794,0.12142073108303927,3,0.3333333333333333,12.315139293670654,11.050003051757812,-3.9267516136169434,-2.6616153717041016,0.2674422264099121,1.532578468322754,12.315139293670654,11.050003051757812
lowest_centered,LDH,APAP,2,3,9.947427113850912,9.480891227722168,0.4665358861287441,loss,16,4,Yuan2025,N-K,Acetaminophen,hepatocyte damage,Yuan2025 Par16;Par17,,55.90000000000002,4,24,0.17795039559661732,0.16960449423474355,3,0.3333333333333333,18.39960765838623,17.0,-6.118307113647461,-4.7186994552612305,5.721336841583252,5.721336841583252,18.39960765838623,17.0
lowest_centered,LDH,EE,3,3,9.160092830657959,8.649233182271322,0.5108596483866368,loss,16,4,Yuan2025,N-K,Ethinyl estradiol,cholestasis-associated,Yuan2025 Par17,,31.400000000000034,4,24,0.2917227016133105,0.27545328605959596,3,0.3333333333333333,10.891871929168701,12.424450397491455,-1.898844877878825,-0.366266409556071,8.723850011825562,8.723850011825562,10.032578468322754,8.5
lowest_centered,LDH,SMX,4,3,3.755821863810221,3.9100917180379233,-0.15426985422770212,win,16,4,Yuan2025,N-K,Sulfamethoxazole,immune-mediated,Yuan2025 Par16;Par17,,32.3,4,24,0.1162793146690471,0.12105547114668494,3,0.3333333333333333,10.73258113861084,9.200002670288086,-3.755821863810221,-2.2232433954874673,0.2674422264099121,1.2651362419128418,10.73258113861084,9.200002670288086
lowest_centered,LDH,ABC,0,3,2.262683550516764,1.7912298838297527,0.4714536666870115,loss,16,4,Yuan2025,N-T,Abacavir,immune-mediated,Yuan2025 Par16;Par17,,15.36666666666666,4,24,0.14724621803796736,0.11656593604098178,3,0.3333333333333333,3.4904565811157227,3.4023075103759766,1.077003796895345,-0.5467840830485026,1.6487970352172852,1.7535104751586914,3.4904565811157227,1.866668701171875
lowest_centered,LDH,ALP,1,3,3.6008052825927734,2.719827651977539,0.8809776306152344,loss,16,4,Yuan2025,N-T,Allopurinol,immune-mediated,Yuan2025 Par18,,44.98333333333332,4,24,0.08004754240665671,0.06046300819512871,3,0.3333333333333333,5.342884063720703,4.461906433105469,-3.6008052825927734,-2.719827651977539,3.577385902404785,2.696408271789551,3.64764404296875,2.7666664123535156
lowest_centered,LDH,APAP,2,3,17.951552867889404,18.124156792958576,-0.172603925069172,win,16,4,Yuan2025,N-T,Acetaminophen,hepatocyte damage,Yuan2025 Par16;Par17,,63.60000000000001,4,24,0.28225712056429875,0.28497101875721026,3,0.3333333333333333,28.98218822479248,29.5,-5.498033046722412,-6.015844821929932,12.436235189437866,12.436235189437866,28.98218822479248,29.5
lowest_centered,LDH,EE,3,3,12.03632640838623,12.208930015563965,-0.17260360717773438,win,16,4,Yuan2025,N-T,Ethinyl estradiol,cholestasis-associated,Yuan2025 Par17,,29.23333333333335,4,24,0.4117329444145801,0.41763728673536915,3,0.3333333333333333,19.298851013183594,19.816662788391113,-4.136229515075684,-4.654041290283203,8.405064105987549,8.405064105987549,19.298851013183594,19.816662788391113
lowest_centered,LDH,SMX,4,3,2.590664545694987,2.76326847076416,-0.17260392506917333,win,16,4,Yuan2025,N-T,Sulfamethoxazole,immune-mediated,Yuan2025 Par16;Par17,,29.300000000000026,4,24,0.08841858517730322,0.09430950412164361,3,0.3333333333333333,3.197402000427246,3.7152137756347656,-0.7401727040608724,-1.2579844792683919,2.986569881439209,2.986569881439209,1.798853874206543,2.3166656494140625
lowest_centered,ALT,ABC,0,3,0.031780943274497986,0.030489273369312286,0.0012916699051856995,loss,12,3,Yuan2025,Intact Liver Chip,Abacavir,immune-mediated,Yuan2025 Par16;Par17,,0.15949999999999998,4,16,0.19925356284951717,0.19115531892985763,3,0.3333333333333333,0.04200828820466995,0.04508455842733383,0.004307910799980164,0.0004329010844230652,0.04160891845822334,0.04160891845822334,0.012124992907047272,0.008249983191490173
lowest_centered,ALT,APAP,1,3,0.04881414150198301,0.046355812499920525,0.0024583290020624843,loss,12,3,Yuan2025,Intact Liver Chip,Acetaminophen,hepatocyte damage,Yuan2025 Par16;Par17,,0.1715,4,16,0.28463056269377845,0.27029628279837037,3,0.3333333333333333,0.06841545924544334,0.061040472239255905,-0.03404615198572477,-0.026671164979537327,0.04528372175991535,0.04528372175991535,0.05587498098611832,0.04849999397993088
lowest_centered,ALT,EE,2,3,0.02428590382138888,0.02070814495285352,0.003577758868535362,loss,12,3,Yuan2025,Intact Liver Chip,Ethinyl estradiol,cholestasis-associated,Yuan2025 Par17,,0.06950000000000006,4,16,0.3494374650559548,0.29795892018494247,3,0.3333333333333333,0.026415299624204636,0.032192401587963104,-0.00997982049981753,0.0007534561057885488,0.02393721230328083,0.02393721230328083,0.02498328685760498,0.014250010251998901
lowest_centered,ALT,SMX,3,3,0.02071681184073289,0.019716807330648106,0.0010000045100847857,loss,12,3,Yuan2025,Intact Liver Chip,Sulfamethoxazole,immune-mediated,Yuan2025 Par16;Par17,,0.03125,4,16,0.6629379789034525,0.6309378345807394,3,0.3333333333333333,0.025500021874904633,0.02343384362757206,0.007094258442521095,0.004094244912266731,0.018325206823647022,0.018325206823647022,0.025500021874904633,0.02250000834465027
lowest_centered,ALT,ABC,0,3,0.04210025196274122,0.04010935500264168,0.0019908969600995405,loss,12,3,Yuan2025,N-B,Abacavir,immune-mediated,Yuan2025 Par16;Par17,,0.17839999999999998,4,16,0.23598795943240597,0.22482822310897804,3,0.3333333333333333,0.08907268941402435,0.08309999853372574,-0.02277827387054761,-0.016805582990248997,0.018614033237099648,0.018614033237099648,0.08907268941402435,0.08309999853372574
lowest_centered,ALT,APAP,1,3,0.03293329787751039,0.029375677307446797,0.0035576205700635945,loss,12,3,Yuan2025,N-B,Acetaminophen,hepatocyte damage,Yuan2025 Par16;Par17,,0.11959999999999998,4,16,0.27536202238721064,0.24561603099871906,3,0.3333333333333333,0.05588606931269169,0.045213205739855766,-0.029839327558875084,-0.01916646398603916,0.030263512395322323,0.030263512395322323,0.03827286884188652,0.027600005269050598
lowest_centered,ALT,EE,2,3,0.03638971410691738,0.03421614567438761,0.0021735684325297697,loss,12,3,Yuan2025,N-B,Ethinyl estradiol,cholestasis-associated,Yuan2025 Par17,,0.20500000000000002,4,16,0.1775108005215482,0.16690802767993956,3,0.3333333333333333,0.07852070219814777,0.07199999690055847,-0.022550182417035103,-0.0160294771194458,0.015324220061302185,0.015324220061302185,0.07852070219814777,0.07199999690055847
lowest_centered,ALT,SMX,3,3,0.020256205772360165,0.0180826373398304,0.002173568432529766,loss,12,3,Yuan2025,N-B,Sulfamethoxazole,immune-mediated,Yuan2025 Par16;Par17,,0.10930000000000001,4,16,0.18532667678280113,0.16544041482004024,3,0.3333333333333333,0.02212071605026722,0.02361813560128212,-0.00885791890323162,-0.0023372136056423187,0.01932395063340664,0.01932395063340664,0.02212071605026722,0.015600010752677917
lowest_centered,ALT,ABC,0,3,0.026093630120158195,0.024861551821231842,0.0012320782989263535,loss,12,3,Yuan2025,N-S,Abacavir,immune-mediated,Yuan2025 Par16;Par17,,0.1724,4,16,0.15135516310996633,0.14420853724612437,3,0.3333333333333333,0.03739623911678791,0.03370000422000885,-0.010017826532324156,-0.0063215916355450945,0.020442325621843338,0.020442325621843338,0.03739623911678791,0.03370000422000885
lowest_centered,ALT,APAP,1,3,0.04628466007610162,0.0450525830189387,0.0012320770571629253,loss,12,3,Yuan2025,N-S,Acetaminophen,hepatocyte damage,Yuan2025 Par16;Par17,,0.16050000000000003,4,16,0.288377944399387,0.2807014518313937,3,0.3333333333333333,0.07419946603477001,0.07050323113799095,-0.031979129339257874,-0.028282894442478817,0.047828881070017815,0.047828881070017815,0.043196218088269234,0.03949998319149017
lowest_centered,ALT,EE,2,3,0.021145679677526157,0.018739443893233936,0.002406235784292221,loss,12,3,Yuan2025,N-S,Ethinyl estradiol,cholestasis-associated,Yuan2025 Par17,,0.09100000000000003,4,16,0.23237010634644123,0.20592795487070253,3,0.3333333333333333,0.04800364747643471,0.037999995052814484,-0.016597538565595944,-0.0065938861419757204,0.00771669577807188,0.00910916831344366,0.04800364747643471,0.037999995052814484
lowest_centered,ALT,SMX,3,3,0.0211503313233455,0.019918253024419148,0.0012320782989263535,loss,12,3,Yuan2025,N-S,Sulfamethoxazole,immune-mediated,Yuan2025 Par16;Par17,,0.08900000000000002,4,16,0.2376441721724213,0.22380059577999037,3,0.3333333333333333,0.03110376186668873,0.027407526969909668,-0.005481150622169177,-0.0017849157253901164,0.01997361145913601,0.01627737656235695,0.023503771051764488,0.02720000594854355
lowest_centered,ALT,ABC,0,3,0.02299641879896323,0.021593684951464336,0.0014027338474988937,loss,12,3,Yuan2025,N-K,Abacavir,immune-mediated,Yuan2025 Par16;Par17,,0.17759999999999998,4,16,0.12948434008425244,0.1215860639159028,3,0.3333333333333333,0.052108192816376686,0.047899991273880005,-0.01866012749572595,-0.014451925953229269,0.0084405317902565,0.0084405317902565,0.052108192816376686,0.047899991273880005
lowest_centered,ALT,APAP,1,3,0.013429425656795502,0.013288799673318863,0.0001406259834766388,loss,12,3,Yuan2025,N-K,Acetaminophen,hepatocyte damage,Yuan2025 Par16;Par17,,0.12920000000000004,4,16,0.10394292304021283,0.10285448663559489,3,0.3333333333333333,0.03610631451010704,0.031449995934963226,-0.012334182858467102,-0.007677864283323288,0.0020909812301397324,0.004208201542496681,0.03610631451010704,0.031449995934963226
lowest_centered,ALT,EE,2,3,0.01992784875134627,0.018525114903847378,0.0014027338474988937,loss,12,3,Yuan2025,N-K,Ethinyl estradiol,cholestasis-associated,Yuan2025 Par17,,0.06399999999999997,4,16,0.3113726367397856,0.2894549203726154,3,0.3333333333333333,0.02620820142328739,0.02199999988079071,-0.01495747578640779,-0.010749274243911108,0.01678767241537571,0.01678767241537571,0.02620820142328739,0.02199999988079071
lowest_centered,ALT,SMX,3,3,0.01529601402580738,0.013893280178308487,0.0014027338474988937,loss,12,3,Yuan2025,N-K,Sulfamethoxazole,immune-mediated,Yuan2025 Par16;Par17,,0.1059,4,16,0.14443828164124062,0.13119244738723784,3,0.3333333333333333,0.026755863800644875,0.022547662258148193,-0.006280030434330304,-0.0020718288918336234,0.020139919593930244,0.020139919593930244,0.005608202889561653,0.001400001347064972
lowest_centered,ALT,ABC,0,3,0.024568570777773857,0.011280684421459833,0.013287886356314024,loss,12,3,Yuan2025,N-T,Abacavir,immune-mediated,Yuan2025 Par16;Par17,,0.10449999999999998,4,16,0.23510594045716615,0.10794913321971134,3,0.3333333333333333,0.044549258425831795,0.02610000967979431,-0.024568570777773857,-0.006119322031736374,0.014578226953744888,0.003871021792292595,0.044549258425831795,0.02610000967979431
lowest_centered,ALT,APAP,1,3,0.041714057326316833,0.03778682897488276,0.003927228351434074,loss,12,3,Yuan2025,N-T,Acetaminophen,hepatocyte damage,Yuan2025 Par16;Par17,,0.146,4,16,0.28571272141312903,0.2588138970882381,3,0.3333333333333333,0.06858168542385101,0.0568000003695488,-0.02743556598822276,-0.015653880933920544,0.028280243277549744,0.028280243277549744,0.06858168542385101,0.0568000003695488
lowest_centered,ALT,EE,2,3,0.03168050820628802,0.028970518459876377,0.0027099897464116403,loss,12,3,Yuan2025,N-T,Ethinyl estradiol,cholestasis-associated,Yuan2025 Par17,,0.11599999999999999,4,16,0.2731078293645519,0.24974584879203776,3,0.3333333333333333,0.07478167861700058,0.06299999356269836,-0.024811162302891415,-0.013029477248589197,0.01012992300093174,0.011955780908465385,0.07478167861700058,0.06299999356269836
lowest_centered,ALT,SMX,3,3,0.03623179843028387,0.03781358773509661,-0.0015817893048127446,win,12,3,Yuan2025,N-T,Sulfamethoxazole,immune-mediated,Yuan2025 Par16;Par17,,0.1394,4,16,0.2599124708054797,0.2712595963780245,3,0.3333333333333333,0.07694537565112114,0.07220000773668289,-0.015065118670463562,-0.010319750756025314,0.015875009819865227,0.020620377734303474,0.07694537565112114,0.07220000773668289
