dataset,preparation,endpoint,configuration,source_class,n_independent_chemicals,chemicals,anchorboost_mae,loglinear_mae,delta,ci95_lower,ci95_upper,mean_anchorboost_mae_over_curve_span,source_class_locator,singleton_interval
Ewart2022,author_units,ALBUMIN,Liver-Chip,hepatotoxic,5,Clozapine|Levofloxacin|Pioglitazone|Troglitazone|Trovafloxacin,23.672183012521977,26.221933631896974,-2.549750619374996,-9.970363011519565,7.16261797188329,0.31734854763277237,Ewart2022 Table 4; Garside rank 1-3 versus 4-5,False
Ewart2022,author_units,ALBUMIN,Liver-Chip,non-hepatotoxic,1,Olanzapine,30.414969998333515,13.323395538330079,17.091574460003436,17.091574460003436,17.091574460003436,1.0963656435810143,Ewart2022 Table 4; Garside rank 1-3 versus 4-5,True
Ewart2022,author_units,ALT,Liver-Chip,hepatotoxic,5,Clozapine|Levofloxacin|Pioglitazone|Troglitazone|Trovafloxacin,1.6457436803915606,1.6804299001395702,-0.03468621974800952,-0.1402781248994645,0.09255116711952907,0.4766729502658459,Ewart2022 Table 4; Garside rank 1-3 versus 4-5,False
Ewart2022,author_units,ALT,Liver-Chip,non-hepatotoxic,1,Olanzapine,0.5523979174774787,0.5492998898029328,0.0030980276745459223,0.0030980276745459223,0.0030980276745459223,0.38592051676927636,Ewart2022 Table 4; Garside rank 1-3 versus 4-5,True
Ewart2022,author_units,Morphology,Liver-Chip,hepatotoxic,5,Clozapine|Levofloxacin|Pioglitazone|Troglitazone|Trovafloxacin,0.35430147525817984,0.39459256410598753,-0.04029108884780765,-0.09334832540271179,0.01276614770709648,0.3300242680394616,Ewart2022 Table 4; Garside rank 1-3 versus 4-5,False
Ewart2022,author_units,Morphology,Liver-Chip,non-hepatotoxic,1,Olanzapine,0.4145069858765309,0.3478691875934601,0.06663779828307081,0.06663779828307081,0.06663779828307081,0.4974083829523553,Ewart2022 Table 4; Garside rank 1-3 versus 4-5,True
Ewart2022,lowest_centered,ALBUMIN,Liver-Chip,hepatotoxic,5,Clozapine|Levofloxacin|Pioglitazone|Troglitazone|Trovafloxacin,22.226624780780856,26.221932678222657,-3.9953078974418004,-10.02068957189304,5.788574303748515,0.304808755500715,Ewart2022 Table 4; Garside rank 1-3 versus 4-5,False
Ewart2022,lowest_centered,ALBUMIN,Liver-Chip,non-hepatotoxic,1,Olanzapine,28.917056435197328,13.32339267730713,15.593663757890198,15.593663757890198,15.593663757890198,1.042370490280961,Ewart2022 Table 4; Garside rank 1-3 versus 4-5,True
Ewart2022,lowest_centered,ALT,Liver-Chip,hepatotoxic,5,Clozapine|Levofloxacin|Pioglitazone|Troglitazone|Trovafloxacin,1.6673014860136743,1.6804297856986523,-0.013128299684978195,-0.24725962303624494,0.22100302366628855,0.6286930154157899,Ewart2022 Table 4; Garside rank 1-3 versus 4-5,False
Ewart2022,lowest_centered,ALT,Liver-Chip,non-hepatotoxic,1,Olanzapine,0.6022791839769539,0.5492998898029328,0.05297929417402114,0.05297929417402114,0.05297929417402114,0.420768953983684,Ewart2022 Table 4; Garside rank 1-3 versus 4-5,True
Ewart2022,lowest_centered,Morphology,Liver-Chip,hepatotoxic,5,Clozapine|Levofloxacin|Pioglitazone|Troglitazone|Trovafloxacin,0.3740580410800951,0.3945925989747048,-0.020534557894609635,-0.09293563874714324,0.06243896106728025,0.3297038573376444,Ewart2022 Table 4; Garside rank 1-3 versus 4-5,False
Ewart2022,lowest_centered,Morphology,Liver-Chip,non-hepatotoxic,1,Olanzapine,0.5182355692323586,0.3478692054748535,0.17036636375750508,0.17036636375750508,0.17036636375750508,0.6218826829544536,Ewart2022 Table 4; Garside rank 1-3 versus 4-5,True
Yuan2025,author_units,ALT,Intact Liver Chip,cholestasis-associated,1,EE,0.024285902579625446,0.020708143711090088,0.0035777588685353585,0.0035777588685353585,0.0035777588685353585,0.34943744718885505,Yuan2025 Par17,True
Yuan2025,author_units,ALT,Intact Liver Chip,hepatocyte damage,1,APAP,0.048814152677853904,0.046355818708737694,0.002458333969116211,0.002458333969116211,0.002458333969116211,0.2846306278592064,Yuan2025 Par16;Par17,True
Yuan2025,author_units,ALT,Intact Liver Chip,immune-mediated,2,ABC|SMX,0.02624887228012085,0.025103037556012474,0.0011458347241083775,0.0010000020265579224,0.0012916674216588327,0.431095601996658,Yuan2025 Par16;Par17,False
Yuan2025,author_units,ALT,N-B,cholestasis-associated,1,EE,0.03638971348603567,0.03421614567438761,0.0021735678116480556,0.0021735678116480556,0.0021735678116480556,0.1775107974928569,Yuan2025 Par17,True
Yuan2025,author_units,ALT,N-B,hepatocyte damage,1,APAP,0.032933284838994346,0.029375667373339336,0.00355761746565501,0.00355761746565501,0.00355761746565501,0.275361913369518,Yuan2025 Par16;Par17,True
Yuan2025,author_units,ALT,N-B,immune-mediated,2,ABC|SMX,0.031178218623002373,0.029095987478892006,0.002082231144110363,0.001990894476572677,0.0021735678116480486,0.21065724418113502,Yuan2025 Par16;Par17,False
Yuan2025,author_units,ALT,N-K,cholestasis-associated,1,EE,0.01992783198753993,0.01852509876092275,0.0014027332266171796,0.0014027332266171796,0.0014027332266171796,0.3113723748053115,Yuan2025 Par17,True
Yuan2025,author_units,ALT,N-K,hepatocyte damage,1,APAP,0.01342943807442983,0.013288800915082296,0.00014063715934753418,0.00014063715934753418,0.00014063715934753418,0.10394301915193364,Yuan2025 Par16;Par17,True
Yuan2025,author_units,ALT,N-K,immune-mediated,2,ABC|SMX,0.01914624124765396,0.017743508021036785,0.0014027332266171762,0.0014027332266171762,0.0014027332266171762,0.13696148028784738,Yuan2025 Par16;Par17,False
Yuan2025,author_units,ALT,N-S,cholestasis-associated,1,EE,0.02114567408959071,0.018739442030588787,0.0024062320590019226,0.0024062320590019226,0.0024062320590019226,0.23237004494055719,Yuan2025 Par17,True
Yuan2025,author_units,ALT,N-S,hepatocyte damage,1,APAP,0.04628467559814453,0.04505259543657303,0.0012320801615715027,0.0012320801615715027,0.0012320801615715027,0.2883780411099347,Yuan2025 Par16;Par17,True
Yuan2025,author_units,ALT,N-S,immune-mediated,2,ABC|SMX,0.02362198382616043,0.022389903664588928,0.0012320801615715027,0.0012320801615715027,0.0012320801615715027,0.19449969071039963,Yuan2025 Par16;Par17,False
Yuan2025,author_units,ALT,N-T,cholestasis-associated,1,EE,0.031680501997470856,0.028970519701639812,0.0027099822958310434,0.0027099822958310434,0.0027099822958310434,0.273107775840266,Yuan2025 Par17,True
Yuan2025,author_units,ALT,N-T,hepatocyte damage,1,APAP,0.04171406477689743,0.037786836425463356,0.003927228351434074,0.003927228351434074,0.003927228351434074,0.28571277244450294,Yuan2025 Par16;Par17,True
Yuan2025,author_units,ALT,N-T,immune-mediated,2,ABC|SMX,0.03040018305182457,0.024547132352987923,0.005853050698836646,-0.0015817905465761797,0.013287891944249472,0.24750919672766947,Yuan2025 Par16;Par17,False
Yuan2025,author_units,LDH,Intact Liver Chip,cholestasis-associated,1,EE,8.669893900553385,7.6532236735026045,1.0166702270507804,1.0166702270507804,1.0166702270507804,0.29158835988408244,Yuan2025 Par17,True
Yuan2025,author_units,LDH,Intact Liver Chip,hepatocyte damage,1,APAP,14.80303955078125,13.806510925292969,0.9965286254882812,0.9965286254882812,0.9965286254882812,0.2483731468251887,Yuan2025 Par16;Par17,True
Yuan2025,author_units,LDH,Intact Liver Chip,immune-mediated,3,ABC|ALP|SMX,7.370355394151475,6.808086819118923,0.5622685750325521,-0.30625152587890625,0.9965286254882812,0.21512386887346588,Yuan2025 Par16;Par17|Yuan2025 Par18,False
Yuan2025,author_units,LDH,N-B,cholestasis-associated,1,EE,8.296239217122396,7.786570231119792,0.5096689860026045,0.5096689860026045,0.5096689860026045,0.168622748315496,Yuan2025 Par17,True
Yuan2025,author_units,LDH,N-B,hepatocyte damage,1,APAP,14.567721048990885,13.620094299316406,0.9476267496744786,0.9476267496744786,0.9476267496744786,0.2220689184297391,Yuan2025 Par16;Par17,True
Yuan2025,author_units,LDH,N-B,immune-mediated,3,ABC|ALP|SMX,10.305907355414496,10.553668551974827,-0.24776119656032947,-0.9476267496744768,0.9476267496744786,0.25315771535378223,Yuan2025 Par16;Par17|Yuan2025 Par18,False
Yuan2025,author_units,LDH,N-K,cholestasis-associated,1,EE,9.16009775797526,8.649236043294271,0.5108617146809884,0.5108617146809884,0.5108617146809884,0.2917228585342436,Yuan2025 Par17,True
Yuan2025,author_units,LDH,N-K,hepatocyte damage,1,APAP,9.947425842285156,9.480888366699219,0.4665374755859375,0.4665374755859375,0.4665374755859375,0.17795037284946605,Yuan2025 Par16;Par17,True
Yuan2025,author_units,LDH,N-K,immune-mediated,3,ABC|ALP|SMX,4.486342536078559,4.818910386827257,-0.33256785074869794,-0.42171478271484375,-0.15427398681640625,0.15088156153827484,Yuan2025 Par16;Par17|Yuan2025 Par18,False
Yuan2025,author_units,LDH,N-S,cholestasis-associated,1,EE,5.220652262369792,4.7348378499348955,0.4858144124348964,0.4858144124348964,0.4858144124348964,0.19700574574980356,Yuan2025 Par17,True
Yuan2025,author_units,LDH,N-S,hepatocyte damage,1,APAP,15.539985656738281,15.281840006510416,0.2581456502278652,0.2581456502278652,0.2581456502278652,0.2915569541601929,Yuan2025 Par16;Par17,True
Yuan2025,author_units,LDH,N-S,immune-mediated,3,ABC|ALP|SMX,11.434683057996962,11.219913058810766,0.21476999918619777,0.12801869710286518,0.25814565022786473,0.21467297499907312,Yuan2025 Par16;Par17|Yuan2025 Par18,False
Yuan2025,author_units,LDH,N-T,cholestasis-associated,1,EE,12.036331176757812,12.208933512369791,-0.17260233561197857,-0.17260233561197857,-0.17260233561197857,0.4117331075287733,Yuan2025 Par17,True
Yuan2025,author_units,LDH,N-T,hepatocyte damage,1,APAP,17.95155080159505,18.12415313720703,-0.17260233561198035,-0.17260233561198035,-0.17260233561198035,0.28225708807539385,Yuan2025 Par16;Par17,True
Yuan2025,author_units,LDH,N-T,immune-mediated,3,ABC|ALP|SMX,2.81805419921875,2.424775017632378,0.3932791815863716,-0.17260233561197902,0.8809814453125,0.10523757839640775,Yuan2025 Par16;Par17|Yuan2025 Par18,False
Yuan2025,lowest_centered,ALT,Intact Liver Chip,cholestasis-associated,1,EE,0.02428590382138888,0.02070814495285352,0.003577758868535362,0.003577758868535362,0.003577758868535362,0.3494374650559548,Yuan2025 Par17,True
Yuan2025,lowest_centered,ALT,Intact Liver Chip,hepatocyte damage,1,APAP,0.04881414150198301,0.046355812499920525,0.0024583290020624843,0.0024583290020624843,0.0024583290020624843,0.28463056269377845,Yuan2025 Par16;Par17,True
Yuan2025,lowest_centered,ALT,Intact Liver Chip,immune-mediated,2,ABC|SMX,0.026248877557615437,0.025103040349980198,0.0011458372076352426,0.0010000045100847857,0.0012916699051856995,0.4310957708764849,Yuan2025 Par16;Par17,False
Yuan2025,lowest_centered,ALT,N-B,cholestasis-associated,1,EE,0.03638971410691738,0.03421614567438761,0.0021735684325297697,0.0021735684325297697,0.0021735684325297697,0.1775108005215482,Yuan2025 Par17,True
Yuan2025,lowest_centered,ALT,N-B,hepatocyte damage,1,APAP,0.03293329787751039,0.029375677307446797,0.0035576205700635945,0.0035576205700635945,0.0035576205700635945,0.27536202238721064,Yuan2025 Par16;Par17,True
Yuan2025,lowest_centered,ALT,N-B,immune-mediated,2,ABC|SMX,0.031178228867550693,0.029095996171236038,0.0020822326963146533,0.0019908969600995405,0.002173568432529766,0.21065731810760355,Yuan2025 Par16;Par17,False
Yuan2025,lowest_centered,ALT,N-K,cholestasis-associated,1,EE,0.01992784875134627,0.018525114903847378,0.0014027338474988937,0.0014027338474988937,0.0014027338474988937,0.3113726367397856,Yuan2025 Par17,True
Yuan2025,lowest_centered,ALT,N-K,hepatocyte damage,1,APAP,0.013429425656795502,0.013288799673318863,0.0001406259834766388,0.0001406259834766388,0.0001406259834766388,0.10394292304021283,Yuan2025 Par16;Par17,True
Yuan2025,lowest_centered,ALT,N-K,immune-mediated,2,ABC|SMX,0.019146216412385307,0.017743482564886413,0.0014027338474988937,0.0014027338474988937,0.0014027338474988937,0.13696131086274654,Yuan2025 Par16;Par17,False
Yuan2025,lowest_centered,ALT,N-S,cholestasis-associated,1,EE,0.021145679677526157,0.018739443893233936,0.002406235784292221,0.002406235784292221,0.002406235784292221,0.23237010634644123,Yuan2025 Par17,True
Yuan2025,lowest_centered,ALT,N-S,hepatocyte damage,1,APAP,0.04628466007610162,0.0450525830189387,0.0012320770571629253,0.0012320770571629253,0.0012320770571629253,0.288377944399387,Yuan2025 Par16;Par17,True
Yuan2025,lowest_centered,ALT,N-S,immune-mediated,2,ABC|SMX,0.023621980721751847,0.022389902422825493,0.0012320782989263535,0.0012320782989263535,0.0012320782989263535,0.1944996676411938,Yuan2025 Par16;Par17,False
Yuan2025,lowest_centered,ALT,N-T,cholestasis-associated,1,EE,0.03168050820628802,0.028970518459876377,0.0027099897464116403,0.0027099897464116403,0.0027099897464116403,0.2731078293645519,Yuan2025 Par17,True
Yuan2025,lowest_centered,ALT,N-T,hepatocyte damage,1,APAP,0.041714057326316833,0.03778682897488276,0.003927228351434074,0.003927228351434074,0.003927228351434074,0.28571272141312903,Yuan2025 Par16;Par17,True
Yuan2025,lowest_centered,ALT,N-T,immune-mediated,2,ABC|SMX,0.030400184604028862,0.02454713607827822,0.00585304852575064,-0.0015817893048127446,0.013287886356314024,0.24750920563132292,Yuan2025 Par16;Par17,False
Yuan2025,lowest_centered,LDH,Intact Liver Chip,cholestasis-associated,1,EE,8.669897079467773,7.653230667114258,1.0166664123535156,1.0166664123535156,1.0166664123535156,0.2915884667982435,Yuan2025 Par17,True
Yuan2025,lowest_centered,LDH,Intact Liver Chip,hepatocyte damage,1,APAP,14.803042729695639,13.806513150533041,0.9965295791625977,0.9965295791625977,0.9965295791625977,0.24837320016267847,Yuan2025 Par16;Par17,True
Yuan2025,lowest_centered,LDH,Intact Liver Chip,immune-mediated,3,ABC|ALP|SMX,7.3703568776448565,6.808088514539931,0.5622683631049261,-0.3062540690104161,0.9965295791625977,0.21512391735551264,Yuan2025 Par16;Par17|Yuan2025 Par18,False
Yuan2025,lowest_centered,LDH,N-B,cholestasis-associated,1,EE,8.29623826344808,7.786565780639648,0.5096724828084316,0.5096724828084316,0.5096724828084316,0.1686227289318717,Yuan2025 Par17,True
Yuan2025,lowest_centered,LDH,N-B,hepatocyte damage,1,APAP,14.567715009053549,13.620089530944824,0.9476254781087246,0.9476254781087246,0.9476254781087246,0.22206882635752362,Yuan2025 Par16;Par17,True
Yuan2025,lowest_centered,LDH,N-B,immune-mediated,3,ABC|ALP|SMX,10.305908697346846,10.553669717576769,-0.2477610202299223,-0.9476255849003792,0.9476254781087237,0.25315772985840257,Yuan2025 Par16;Par17|Yuan2025 Par18,False
Yuan2025,lowest_centered,LDH,N-K,cholestasis-associated,1,EE,9.160092830657959,8.649233182271322,0.5108596483866368,0.5108596483866368,0.5108596483866368,0.2917227016133105,Yuan2025 Par17,True
Yuan2025,lowest_centered,LDH,N-K,hepatocyte damage,1,APAP,9.947427113850912,9.480891227722168,0.4665358861287441,0.4665358861287441,0.4665358861287441,0.17795039559661732,Yuan2025 Par16;Par17,True
Yuan2025,lowest_centered,LDH,N-K,immune-mediated,3,ABC|ALP|SMX,4.486342006259494,4.818906678093804,-0.3325646718343099,-0.42171208063761423,-0.15426985422770212,0.15088159147920757,Yuan2025 Par16;Par17|Yuan2025 Par18,False
Yuan2025,lowest_centered,LDH,N-S,cholestasis-associated,1,EE,5.2206417719523115,4.734827041625977,0.48581473032633493,0.48581473032633493,0.48581473032633493,0.197005349884993,Yuan2025 Par17,True
Yuan2025,lowest_centered,LDH,N-S,hepatocyte damage,1,APAP,15.539983113606771,15.281838734944662,0.2581443786621094,0.2581443786621094,0.2581443786621094,0.29155690644665616,Yuan2025 Par16;Par17,True
Yuan2025,lowest_centered,LDH,N-S,immune-mediated,3,ABC|ALP|SMX,11.434680143992106,11.21991040971544,0.21476973427666524,0.1280198097229004,0.2581446965535483,0.21467289993912364,Yuan2025 Par16;Par17|Yuan2025 Par18,False
Yuan2025,lowest_centered,LDH,N-T,cholestasis-associated,1,EE,12.03632640838623,12.208930015563965,-0.17260360717773438,-0.17260360717773438,-0.17260360717773438,0.4117329444145801,Yuan2025 Par17,True
Yuan2025,lowest_centered,LDH,N-T,hepatocyte damage,1,APAP,17.951552867889404,18.124156792958576,-0.172603925069172,-0.172603925069172,-0.172603925069172,0.28225712056429875,Yuan2025 Par16;Par17,True
Yuan2025,lowest_centered,LDH,N-T,immune-mediated,3,ABC|ALP|SMX,2.8180511262681747,2.4247753355238175,0.39327579074435753,-0.17260392506917333,0.8809776306152344,0.10523744854064243,Yuan2025 Par16;Par17|Yuan2025 Par18,False
