dataset,preparation,endpoint,configuration,primary,criterion,chemical,drug_name,value,source_class
Ewart2022,author_units,ALBUMIN,Liver-Chip,True,anchorboost,Troglitazone,Troglitazone,38.047600071596854,hepatotoxic
Ewart2022,author_units,ALBUMIN,Liver-Chip,True,difference,Olanzapine,Olanzapine,17.091574460003436,non-hepatotoxic
Ewart2022,author_units,ALBUMIN,Liver-Chip,True,anchorboost_mae_over_curve_span,Olanzapine,Olanzapine,1.0963656435810143,non-hepatotoxic
Ewart2022,author_units,ALT,Liver-Chip,True,anchorboost,Trovafloxacin,Trovafloxacin,6.51795192081727,hepatotoxic
Ewart2022,author_units,ALT,Liver-Chip,True,difference,Troglitazone,Troglitazone,0.17009000637718755,hepatotoxic
Ewart2022,author_units,ALT,Liver-Chip,True,anchorboost_mae_over_curve_span,Troglitazone,Troglitazone,0.9449052656808125,hepatotoxic
Ewart2022,author_units,Morphology,Liver-Chip,True,anchorboost,Clozapine,Clozapine,0.6347924593409578,hepatotoxic
Ewart2022,author_units,Morphology,Liver-Chip,True,difference,Olanzapine,Olanzapine,0.06663779828307081,non-hepatotoxic
Ewart2022,author_units,Morphology,Liver-Chip,True,anchorboost_mae_over_curve_span,Levofloxacin,Levofloxacin,0.5320031147711208,hepatotoxic
Ewart2022,lowest_centered,ALBUMIN,Liver-Chip,False,anchorboost,Troglitazone,Troglitazone,33.11092985384998,hepatotoxic
Ewart2022,lowest_centered,ALBUMIN,Liver-Chip,False,difference,Olanzapine,Olanzapine,15.593663757890198,non-hepatotoxic
Ewart2022,lowest_centered,ALBUMIN,Liver-Chip,False,anchorboost_mae_over_curve_span,Olanzapine,Olanzapine,1.042370490280961,non-hepatotoxic
Ewart2022,lowest_centered,ALT,Liver-Chip,False,anchorboost,Trovafloxacin,Trovafloxacin,6.315407517909431,hepatotoxic
Ewart2022,lowest_centered,ALT,Liver-Chip,False,difference,Troglitazone,Troglitazone,0.3366253873179733,hepatotoxic
Ewart2022,lowest_centered,ALT,Liver-Chip,False,anchorboost_mae_over_curve_span,Troglitazone,Troglitazone,1.4466752363067976,hepatotoxic
Ewart2022,lowest_centered,Morphology,Liver-Chip,False,anchorboost,Clozapine,Clozapine,0.6866547065996317,hepatotoxic
Ewart2022,lowest_centered,Morphology,Liver-Chip,False,difference,Olanzapine,Olanzapine,0.17036636375750508,non-hepatotoxic
Ewart2022,lowest_centered,Morphology,Liver-Chip,False,anchorboost_mae_over_curve_span,Olanzapine,Olanzapine,0.6218826829544536,non-hepatotoxic
Yuan2025,author_units,ALT,Intact Liver Chip,True,anchorboost,APAP,Acetaminophen,0.048814152677853904,hepatocyte damage
Yuan2025,author_units,ALT,Intact Liver Chip,True,difference,EE,Ethinyl estradiol,0.0035777588685353585,cholestasis-associated
Yuan2025,author_units,ALT,Intact Liver Chip,True,anchorboost_mae_over_curve_span,SMX,Sulfamethoxazole,0.6629376411437988,immune-mediated
Yuan2025,author_units,ALT,N-B,False,anchorboost,ABC,Abacavir,0.04210024078687032,immune-mediated
Yuan2025,author_units,ALT,N-B,False,difference,APAP,Acetaminophen,0.00355761746565501,hepatocyte damage
Yuan2025,author_units,ALT,N-B,False,anchorboost_mae_over_curve_span,APAP,Acetaminophen,0.275361913369518,hepatocyte damage
Yuan2025,author_units,ALT,N-K,False,anchorboost,ABC,Abacavir,0.02299645294745763,immune-mediated
Yuan2025,author_units,ALT,N-K,False,difference,EE,Ethinyl estradiol,0.0014027332266171796,cholestasis-associated
Yuan2025,author_units,ALT,N-K,False,anchorboost_mae_over_curve_span,EE,Ethinyl estradiol,0.3113723748053115,cholestasis-associated
Yuan2025,author_units,ALT,N-S,False,anchorboost,APAP,Acetaminophen,0.04628467559814453,hepatocyte damage
Yuan2025,author_units,ALT,N-S,False,difference,EE,Ethinyl estradiol,0.0024062320590019226,cholestasis-associated
Yuan2025,author_units,ALT,N-S,False,anchorboost_mae_over_curve_span,APAP,Acetaminophen,0.2883780411099347,hepatocyte damage
Yuan2025,author_units,ALT,N-T,False,anchorboost,APAP,Acetaminophen,0.04171406477689743,hepatocyte damage
Yuan2025,author_units,ALT,N-T,False,difference,ABC,Abacavir,0.013287891944249472,immune-mediated
Yuan2025,author_units,ALT,N-T,False,anchorboost_mae_over_curve_span,APAP,Acetaminophen,0.28571277244450294,hepatocyte damage
Yuan2025,author_units,LDH,Intact Liver Chip,True,anchorboost,APAP,Acetaminophen,14.80303955078125,hepatocyte damage
Yuan2025,author_units,LDH,Intact Liver Chip,True,difference,EE,Ethinyl estradiol,1.0166702270507804,cholestasis-associated
Yuan2025,author_units,LDH,Intact Liver Chip,True,anchorboost_mae_over_curve_span,EE,Ethinyl estradiol,0.29158835988408244,cholestasis-associated
Yuan2025,author_units,LDH,N-B,False,anchorboost,ALP,Allopurinol,17.45647684733073,immune-mediated
Yuan2025,author_units,LDH,N-B,False,difference,ABC,Abacavir,0.9476267496744786,immune-mediated
Yuan2025,author_units,LDH,N-B,False,anchorboost_mae_over_curve_span,ALP,Allopurinol,0.32874720993089873,immune-mediated
Yuan2025,author_units,LDH,N-K,False,anchorboost,APAP,Acetaminophen,9.947425842285156,hepatocyte damage
Yuan2025,author_units,LDH,N-K,False,difference,EE,Ethinyl estradiol,0.5108617146809884,cholestasis-associated
Yuan2025,author_units,LDH,N-K,False,anchorboost_mae_over_curve_span,EE,Ethinyl estradiol,0.2917228585342436,cholestasis-associated
Yuan2025,author_units,LDH,N-S,False,anchorboost,ALP,Allopurinol,24.665855407714844,immune-mediated
Yuan2025,author_units,LDH,N-S,False,difference,EE,Ethinyl estradiol,0.4858144124348964,cholestasis-associated
Yuan2025,author_units,LDH,N-S,False,anchorboost_mae_over_curve_span,ALP,Allopurinol,0.3308632516125398,immune-mediated
Yuan2025,author_units,LDH,N-T,False,anchorboost,APAP,Acetaminophen,17.95155080159505,hepatocyte damage
Yuan2025,author_units,LDH,N-T,False,difference,ALP,Allopurinol,0.8809814453125,immune-mediated
Yuan2025,author_units,LDH,N-T,False,anchorboost_mae_over_curve_span,EE,Ethinyl estradiol,0.4117331075287733,cholestasis-associated
Yuan2025,lowest_centered,ALT,Intact Liver Chip,False,anchorboost,APAP,Acetaminophen,0.04881414150198301,hepatocyte damage
Yuan2025,lowest_centered,ALT,Intact Liver Chip,False,difference,EE,Ethinyl estradiol,0.003577758868535362,cholestasis-associated
Yuan2025,lowest_centered,ALT,Intact Liver Chip,False,anchorboost_mae_over_curve_span,SMX,Sulfamethoxazole,0.6629379789034525,immune-mediated
Yuan2025,lowest_centered,ALT,N-B,False,anchorboost,ABC,Abacavir,0.04210025196274122,immune-mediated
Yuan2025,lowest_centered,ALT,N-B,False,difference,APAP,Acetaminophen,0.0035576205700635945,hepatocyte damage
Yuan2025,lowest_centered,ALT,N-B,False,anchorboost_mae_over_curve_span,APAP,Acetaminophen,0.27536202238721064,hepatocyte damage
Yuan2025,lowest_centered,ALT,N-K,False,anchorboost,ABC,Abacavir,0.02299641879896323,immune-mediated
Yuan2025,lowest_centered,ALT,N-K,False,difference,ABC,Abacavir,0.0014027338474988937,immune-mediated
Yuan2025,lowest_centered,ALT,N-K,False,anchorboost_mae_over_curve_span,EE,Ethinyl estradiol,0.3113726367397856,cholestasis-associated
Yuan2025,lowest_centered,ALT,N-S,False,anchorboost,APAP,Acetaminophen,0.04628466007610162,hepatocyte damage
Yuan2025,lowest_centered,ALT,N-S,False,difference,EE,Ethinyl estradiol,0.002406235784292221,cholestasis-associated
Yuan2025,lowest_centered,ALT,N-S,False,anchorboost_mae_over_curve_span,APAP,Acetaminophen,0.288377944399387,hepatocyte damage
Yuan2025,lowest_centered,ALT,N-T,False,anchorboost,APAP,Acetaminophen,0.041714057326316833,hepatocyte damage
Yuan2025,lowest_centered,ALT,N-T,False,difference,ABC,Abacavir,0.013287886356314024,immune-mediated
Yuan2025,lowest_centered,ALT,N-T,False,anchorboost_mae_over_curve_span,APAP,Acetaminophen,0.28571272141312903,hepatocyte damage
Yuan2025,lowest_centered,LDH,Intact Liver Chip,False,anchorboost,APAP,Acetaminophen,14.803042729695639,hepatocyte damage
Yuan2025,lowest_centered,LDH,Intact Liver Chip,False,difference,EE,Ethinyl estradiol,1.0166664123535156,cholestasis-associated
Yuan2025,lowest_centered,LDH,Intact Liver Chip,False,anchorboost_mae_over_curve_span,EE,Ethinyl estradiol,0.2915884667982435,cholestasis-associated
Yuan2025,lowest_centered,LDH,N-B,False,anchorboost,ALP,Allopurinol,17.456479601562023,immune-mediated
Yuan2025,lowest_centered,LDH,N-B,False,difference,APAP,Acetaminophen,0.9476254781087246,hepatocyte damage
Yuan2025,lowest_centered,LDH,N-B,False,anchorboost_mae_over_curve_span,ALP,Allopurinol,0.3287472617996613,immune-mediated
Yuan2025,lowest_centered,LDH,N-K,False,anchorboost,APAP,Acetaminophen,9.947427113850912,hepatocyte damage
Yuan2025,lowest_centered,LDH,N-K,False,difference,EE,Ethinyl estradiol,0.5108596483866368,cholestasis-associated
Yuan2025,lowest_centered,LDH,N-K,False,anchorboost_mae_over_curve_span,EE,Ethinyl estradiol,0.2917227016133105,cholestasis-associated
Yuan2025,lowest_centered,LDH,N-S,False,anchorboost,ALP,Allopurinol,24.66584873199463,immune-mediated
Yuan2025,lowest_centered,LDH,N-S,False,difference,EE,Ethinyl estradiol,0.48581473032633493,cholestasis-associated
Yuan2025,lowest_centered,LDH,N-S,False,anchorboost_mae_over_curve_span,ALP,Allopurinol,0.3308631620656557,immune-mediated
Yuan2025,lowest_centered,LDH,N-T,False,anchorboost,APAP,Acetaminophen,17.951552867889404,hepatocyte damage
Yuan2025,lowest_centered,LDH,N-T,False,difference,ALP,Allopurinol,0.8809776306152344,immune-mediated
Yuan2025,lowest_centered,LDH,N-T,False,anchorboost_mae_over_curve_span,EE,Ethinyl estradiol,0.4117329444145801,cholestasis-associated
