ladder,x_name,x,readout,seeds,median,seed_min,seed_max,ci_low_median,ci_high_median,ci_low_min,ci_high_max
noise,s,0,reports,5,914.0,914.0,914.0,884.0,947.0,884.0,947.0
noise,s,0,fn,5,65.0,65.0,65.0,45.0,87.0,45.0,87.0
noise,s,0,fp,5,19.0,19.0,19.0,10.0,30.0,10.0,30.0
noise,s,0,wrong,5,84.0,84.0,84.0,62.0,107.0,62.0,107.0
noise,s,0,wells_used,5,12031.0,12031.0,12031.0,11162.975,12990.075,11162.975,12990.075
noise,s,0,wells_full,5,28080.0,28080.0,28080.0,25880.0,30505.125,25880.0,30505.125
noise,s,0,report_rate,5,0.947340425531915,0.947340425531915,0.947340425531915,0.924468085106383,0.9675531914893617,0.924468085106383,0.9675531914893617
noise,s,0,wrong_loss,5,0.08776595744680851,0.08776595744680851,0.08776595744680851,0.06488031914893617,0.11224734042553199,0.06488031914893617,0.11224734042553199
noise,s,0,fn_loss,5,0.0675531914893617,0.0675531914893617,0.0675531914893617,0.04680851063829788,0.09095744680851064,0.04680851063829788,0.09095744680851064
noise,s,0,fp_loss,5,0.02021276595744681,0.02021276595744681,0.02021276595744681,0.010638297872340425,0.031914893617021274,0.010638297872340425,0.031914893617021274
noise,s,0,error_among_reports,5,0.09190371991247265,0.09190371991247265,0.09190371991247265,0.06803380478725582,0.11785034424869845,0.06803380478725582,0.11785034424869845
noise,s,0,fn_among_reports,5,0.0711159737417943,0.0711159737417943,0.0711159737417943,0.04947340124504811,0.09539598555771207,0.04947340124504811,0.09539598555771207
noise,s,0,wells_ratio,5,0.42845441595441597,0.42845441595441597,0.42845441595441597,0.41292768686087783,0.44480025326387634,0.41292768686087783,0.44480025326387634
noise,s,0,full_measure_share,5,0.0528497409326425,0.0528497409326425,0.0528497409326425,0.03262730779829157,0.07500317258883246,0.03262730779829157,0.07500317258883246
noise,s,0,full_coverage_wrong_loss,5,0.11595744680851063,0.11595744680851063,0.11595744680851063,0.09042553191489362,0.14468085106382977,0.09042553191489362,0.14468085106382977
noise,s,0,full_coverage_fn_loss,5,0.09574468085106383,0.09574468085106383,0.09574468085106383,0.07127659574468086,0.12340425531914893,0.07127659574468086,0.12340425531914893
noise,s,0,full_coverage_fp_loss,5,0.02021276595744681,0.02021276595744681,0.02021276595744681,0.010638297872340425,0.031914893617021274,0.010638297872340425,0.031914893617021274
noise,s,0,diff_report_rate,5,0.09875886524822695,0.09875886524822695,0.09875886524822695,0.06790780141843972,0.13280141843971632,0.06790780141843972,0.13280141843971632
noise,s,0,diff_wrong_loss,5,0.009042553191489363,0.009042553191489363,0.009042553191489363,-0.010651595744680852,0.028723404255319152,-0.010651595744680852,0.028723404255319152
noise,s,0,diff_fn_loss,5,-0.011170212765957449,-0.011170212765957449,-0.011170212765957449,-0.02819148936170213,0.00531914893617021,-0.02819148936170213,0.00531914893617021
noise,s,0,diff_fp_loss,5,0.02021276595744681,0.02021276595744681,0.02021276595744681,0.010638297872340425,0.031914893617021274,0.010638297872340425,0.031914893617021274
noise,s,0,diff_wells_ratio,5,-0.05242165242165242,-0.05242165242165242,-0.05242165242165242,-0.0709689956171392,-0.035546285730190086,-0.0709689956171392,-0.035546285730190086
noise,s,0,diff_cost_savings,5,0.10901281196771084,0.10901281196771084,0.10901281196771084,0.07669438126599955,0.14225025969004557,0.07669438126599955,0.14225025969004557
noise,s,0,lambda_fold1,5,0.04,0.04,0.04,,,,
noise,s,0,releases_nothing_fold1,5,0.0,0.0,0.0,,,,
noise,s,0,lambda_fold2,5,0.03,0.03,0.03,,,,
noise,s,0,releases_nothing_fold2,5,0.0,0.0,0.0,,,,
noise,s,0,lambda_fold3,5,0.08,0.08,0.08,,,,
noise,s,0,releases_nothing_fold3,5,0.0,0.0,0.0,,,,
noise,s,0,lambda_fold4,5,-1.0,-1.0,-1.0,,,,
noise,s,0,releases_nothing_fold4,5,0.0,0.0,0.0,,,,
noise,s,0.25,reports,5,913.0,910.0,926.0,885.0,946.0,880.0,958.0
noise,s,0.25,fn,5,59.0,56.0,63.0,40.0,81.0,37.0,84.0
noise,s,0.25,fp,5,19.0,17.0,20.0,10.0,30.0,8.0,31.0
noise,s,0.25,wrong,5,79.0,73.0,82.0,58.0,103.0,53.0,105.0
noise,s,0.25,wells_used,5,12040.0,11911.0,12098.0,11194.975,12983.1,11030.0,13080.025
noise,s,0.25,wells_full,5,28080.0,28080.0,28080.0,25880.0,30505.125,25880.0,30505.125
noise,s,0.25,report_rate,5,0.9462765957446807,0.9420212765957447,0.9590425531914895,0.9260505319148935,0.9659574468085106,0.9191489361702129,0.976063829787234
noise,s,0.25,wrong_loss,5,0.08244680851063829,0.07606382978723404,0.08563829787234044,0.06010638297872341,0.10744680851063831,0.055319148936170216,0.1101063829787234
noise,s,0.25,fn_loss,5,0.061170212765957445,0.05797872340425531,0.06542553191489361,0.04095744680851064,0.08457446808510638,0.03829787234042554,0.08776595744680851
noise,s,0.25,fp_loss,5,0.020212765957446813,0.018085106382978725,0.02127659574468085,0.010638297872340425,0.031914893617021274,0.00851063829787234,0.032978723404255325
noise,s,0.25,error_among_reports,5,0.08681318681318681,0.07995618838992333,0.08855291576673865,0.0635758752923054,0.1130271931576307,0.05803449320100031,0.11368835785984373
noise,s,0.25,fn_among_reports,5,0.06483516483516484,0.06133625410733844,0.06803455723542116,0.04371584699453552,0.08877182055723896,0.04092807289884125,0.09051959418762236
noise,s,0.25,wells_ratio,5,0.4287749287749288,0.42418091168091165,0.4308404558404558,0.413331646484728,0.44515480659229306,0.4091214138115853,0.44683455362365315
noise,s,0.25,full_measure_share,5,0.05388601036269425,0.040414507772020714,0.05699481865284972,0.03419689119170988,0.07434861312242402,0.023834196891191706,0.07958115183246073
noise,s,0.25,full_coverage_wrong_loss,5,0.10904255319148937,0.10851063829787233,0.11117021276595744,0.08404255319148937,0.13617021276595745,0.08404255319148937,0.1398936170212766
noise,s,0.25,full_coverage_fn_loss,5,0.08829787234042553,0.08617021276595746,0.08882978723404257,0.06489361702127659,0.11384308510638304,0.06276595744680852,0.11595744680851063
noise,s,0.25,full_coverage_fp_loss,5,0.02127659574468085,0.02021276595744681,0.022340425531914898,0.010638297872340429,0.03297872340425532,0.009574468085106385,0.03404255319148936
noise,s,0.25,diff_report_rate,5,0.09769503546099291,0.09343971631205676,0.11046099290780141,0.06843971631205674,0.12978723404255318,0.06382978723404255,0.14415336879432625
noise,s,0.25,diff_wrong_loss,5,0.0037234042553191504,-0.0026595744680851063,0.006914893617021277,-0.015957446808510637,0.02287234042553192,-0.02127659574468085,0.026063829787234045
noise,s,0.25,diff_fn_loss,5,-0.0175531914893617,-0.020744680851063832,-0.013297872340425534,-0.03351063829787235,-0.002659574468085106,-0.03617021276595745,0.0021276595744680847
noise,s,0.25,diff_fp_loss,5,0.020212765957446813,0.018085106382978725,0.02127659574468085,0.010638297872340425,0.031914893617021274,0.00851063829787234,0.032978723404255325
noise,s,0.25,diff_wells_ratio,5,-0.0521011396011396,-0.05669515669515669,-0.050035612535612534,-0.07059902215211593,-0.035126658577718545,-0.07580435602445869,-0.033578217110781385
noise,s,0.25,diff_cost_savings,5,0.10834629341627788,0.10405095164037625,0.11789972598681775,0.07607235670799911,0.14171380732236,0.0721858953652973,0.15182258996808656
noise,s,0.25,lambda_fold1,5,0.04,0.03,0.04,,,,
noise,s,0.25,releases_nothing_fold1,5,0.0,0.0,0.0,,,,
noise,s,0.25,lambda_fold2,5,0.03,0.02,0.03,,,,
noise,s,0.25,releases_nothing_fold2,5,0.0,0.0,0.0,,,,
noise,s,0.25,lambda_fold3,5,0.06,0.06,0.09,,,,
noise,s,0.25,releases_nothing_fold3,5,0.0,0.0,0.0,,,,
noise,s,0.25,lambda_fold4,5,-1.0,-1.0,0.01,,,,
noise,s,0.25,releases_nothing_fold4,5,0.0,0.0,0.0,,,,
noise,s,0.5,reports,5,928.0,914.0,947.0,901.0,960.0,888.0,976.0
noise,s,0.5,fn,5,50.0,49.0,64.0,32.0,70.0,31.0,85.0
noise,s,0.5,fp,5,23.0,22.0,26.0,13.0,35.0,12.0,39.0
noise,s,0.5,wrong,5,75.0,71.0,87.0,56.0,97.0,52.0,110.0
noise,s,0.5,wells_used,5,11880.0,11637.0,12105.0,11028.925,12830.05,10809.8,13109.025
noise,s,0.5,wells_full,5,28080.0,28080.0,28080.0,25880.0,30505.125,25880.0,30505.125
noise,s,0.5,report_rate,5,0.9606382978723403,0.947872340425532,0.9813829787234043,0.9446808510638297,0.9744680851063829,0.9287234042553193,0.9893617021276596
noise,s,0.5,wrong_loss,5,0.07872340425531915,0.07500000000000001,0.09148936170212764,0.05851063829787234,0.10212765957446808,0.05425531914893618,0.11648936170212765
noise,s,0.5,fn_loss,5,0.05159574468085106,0.05106382978723405,0.06702127659574468,0.032978723404255325,0.07287234042553192,0.0324468085106383,0.08937500000000005
noise,s,0.5,fp_loss,5,0.024468085106382983,0.02340425531914894,0.02765957446808511,0.013829787234042554,0.03723404255319149,0.01276595744680851,0.04148936170212766
noise,s,0.5,error_among_reports,5,0.08161044613710555,0.07768052516411379,0.09186906019007392,0.060573024671855706,0.10537697037615938,0.05599061954177752,0.11682780504315451
noise,s,0.5,fn_among_reports,5,0.05387931034482758,0.05331882480957562,0.0675818373812038,0.034440782422293675,0.07561803606104557,0.034253405028510646,0.09052194383722886
noise,s,0.5,wells_ratio,5,0.4230769230769231,0.41442307692307695,0.4310897435897436,0.4091558047508089,0.4367946243516381,0.4018672888800908,0.4472848935735069
noise,s,0.5,full_measure_share,5,0.0383419689119171,0.01865284974093262,0.0528497409326425,0.025000000000000022,0.054166666666666696,0.011224489795918391,0.07157894736842108
noise,s,0.5,full_coverage_wrong_loss,5,0.10372340425531915,0.09946808510638297,0.10691489361702128,0.07978723404255321,0.12978723404255318,0.07659574468085106,0.13246010638297878
noise,s,0.5,full_coverage_fn_loss,5,0.07500000000000001,0.07180851063829788,0.07872340425531914,0.05372340425531916,0.09946808510638297,0.05,0.10319148936170212
noise,s,0.5,full_coverage_fp_loss,5,0.028723404255319152,0.027659574468085108,0.030851063829787237,0.01702127659574468,0.041489361702127664,0.015957446808510637,0.04468085106382979
noise,s,0.5,diff_report_rate,5,0.1120567375886525,0.09929078014184396,0.1328014184397163,0.08120567375886524,0.14450797872340426,0.06878989361702129,0.1675531914893617
noise,s,0.5,diff_wrong_loss,5,-2.9527208101732886e-19,-0.0037234042553191482,0.012765957446808515,-0.02127659574468085,0.02021276595744681,-0.026595744680851064,0.03404255319148936
noise,s,0.5,diff_fn_loss,5,-0.027127659574468083,-0.02765957446808511,-0.01170212765957447,-0.04361702127659575,-0.009574468085106386,-0.04627659574468085,0.005851063829787237
noise,s,0.5,diff_fp_loss,5,0.024468085106382983,0.02340425531914894,0.02765957446808511,0.013829787234042554,0.03723404255319149,0.01276595744680851,0.04148936170212766
noise,s,0.5,diff_wells_ratio,5,-0.0577991452991453,-0.06645299145299145,-0.04978632478632478,-0.07634858539271076,-0.04050366071579803,-0.08528238306150968,-0.03339396912258928
noise,s,0.5,diff_cost_savings,5,0.12019551210842039,0.10353254832259495,0.13819151299711174,0.08778367508826257,0.1519426702638811,0.07206511382539636,0.16963108086157946
noise,s,0.5,lambda_fold1,5,0.03,0.02,0.03,,,,
noise,s,0.5,releases_nothing_fold1,5,0.0,0.0,0.0,,,,
noise,s,0.5,lambda_fold2,5,0.03,0.02,0.03,,,,
noise,s,0.5,releases_nothing_fold2,5,0.0,0.0,0.0,,,,
noise,s,0.5,lambda_fold3,5,0.04,0.01,0.05,,,,
noise,s,0.5,releases_nothing_fold3,5,0.0,0.0,0.0,,,,
noise,s,0.5,lambda_fold4,5,-1.0,-1.0,0.02,,,,
noise,s,0.5,releases_nothing_fold4,5,0.0,0.0,0.0,,,,
noise,s,1,reports,5,839.0,825.0,868.0,800.975,880.0,787.0,903.0
noise,s,1,fn,5,11.0,6.0,18.0,4.0,19.0,1.0,30.0
noise,s,1,fp,5,73.0,71.0,79.0,50.0,98.0,49.0,106.0
noise,s,1,wrong,5,89.0,80.0,91.0,64.0,115.02500000000009,57.0,117.0
noise,s,1,wells_used,5,13287.0,12845.0,13436.0,12267.975,14436.0,11874.0,14636.0
noise,s,1,wells_full,5,28080.0,28080.0,28080.0,25880.0,30505.125,25880.0,30505.125
noise,s,1,report_rate,5,0.8675531914893618,0.8515957446808512,0.9005319148936171,0.8351063829787234,0.898936170212766,0.8196808510638299,0.924468085106383
noise,s,1,wrong_loss,5,0.09202127659574469,0.08351063829787234,0.09521276595744681,0.0675531914893617,0.11861702127659575,0.06010638297872341,0.12341755319148942
noise,s,1,fn_loss,5,0.01170212765957447,0.006382978723404256,0.018617021276595747,0.00425531914893617,0.02021276595744681,0.0010638297872340426,0.030851063829787237
noise,s,1,fp_loss,5,0.07659574468085108,0.07393617021276595,0.08351063829787234,0.05319148936170213,0.10212765957446808,0.0505186170212766,0.1127659574468085
noise,s,1,error_among_reports,5,0.10253456221198157,0.09696969696969697,0.10756501182033097,0.07223244551451484,0.13569231203246762,0.06837582078022403,0.14048557677084325
noise,s,1,fn_among_reports,5,0.013237063778580024,0.007272727272727273,0.02127659574468085,0.004932182490752158,0.02301821281872433,0.001199040767386091,0.035024154589371984
noise,s,1,wells_ratio,5,0.47318376068376067,0.45744301994301995,0.4784900284900285,0.45145771277332103,0.4956879811564613,0.4381835885996697,0.5020156208257579
noise,s,1,full_measure_share,5,0.13056994818652845,0.10051813471502591,0.14507772020725385,0.09999999999999998,0.16250966494845362,0.07613962034686972,0.1768451364012125
noise,s,1,full_coverage_wrong_loss,5,0.14999999999999997,0.1452127659574468,0.1595744680851064,0.11595744680851064,0.18670212765957447,0.11063829787234043,0.1978723404255319
noise,s,1,full_coverage_fn_loss,5,0.031914893617021274,0.02765957446808511,0.03670212765957447,0.01914893617021277,0.04628989361702133,0.01595744680851064,0.05159574468085107
noise,s,1,full_coverage_fp_loss,5,0.11861702127659575,0.11436170212765957,0.1276595744680851,0.08457446808510638,0.15478723404255318,0.07925531914893617,0.16595744680851063
noise,s,1,diff_report_rate,5,0.018971631205673762,0.0030141843971631193,0.05195035460992907,-0.02624113475177305,0.06312056737588653,-0.03847517730496454,0.087238475177305
noise,s,1,diff_wrong_loss,5,0.013297872340425532,0.004787234042553189,0.01648936170212766,-0.024468085106382983,0.047872340425531915,-0.03351063829787233,0.055319148936170216
noise,s,1,diff_fn_loss,5,-0.0670212765957447,-0.0723404255319149,-0.06010638297872341,-0.09361702127659575,-0.04361702127659575,-0.0978723404255319,-0.039361702127659576
noise,s,1,diff_fp_loss,5,0.07659574468085108,0.07393617021276595,0.08351063829787234,0.05319148936170213,0.10212765957446808,0.0505186170212766,0.1127659574468085
noise,s,1,diff_wells_ratio,5,-0.007692307692307693,-0.023433048433048432,-0.002386039886039886,-0.03187286249692114,0.013900934816493148,-0.0428993408979479,0.02334999573082455
noise,s,1,diff_cost_savings,5,0.015996445234392365,0.0049618603273346995,0.04872991187143594,-0.029732844772511677,0.06465710196908668,-0.049411592088971196,0.08592459694624459
noise,s,1,lambda_fold1,5,0.04,0.03,0.05,,,,
noise,s,1,releases_nothing_fold1,5,0.0,0.0,0.0,,,,
noise,s,1,lambda_fold2,5,0.05,0.04,0.06,,,,
noise,s,1,releases_nothing_fold2,5,0.0,0.0,0.0,,,,
noise,s,1,lambda_fold3,5,0.06,0.04,0.07,,,,
noise,s,1,releases_nothing_fold3,5,0.0,0.0,0.0,,,,
noise,s,1,lambda_fold4,5,0.08,0.07,0.11,,,,
noise,s,1,releases_nothing_fold4,5,0.0,0.0,0.0,,,,
noise,s,2,reports,5,727.0,717.0,742.0,678.0,775.0,668.0,790.0
noise,s,2,fn,5,0.0,0.0,0.0,0.0,0.0,0.0,0.0
noise,s,2,fp,5,66.0,56.0,76.0,45.97500000000001,89.0,38.0,100.0
noise,s,2,wrong,5,66.0,56.0,76.0,45.97500000000001,89.0,38.0,100.0
noise,s,2,wells_used,5,15141.0,15034.0,15388.0,13811.95,16767.075,13695.925,17184.025
noise,s,2,wells_full,5,28080.0,28080.0,28080.0,25880.0,30505.125,25880.0,30505.125
noise,s,2,report_rate,5,0.7531914893617022,0.7436170212765958,0.7659574468085106,0.7090425531914895,0.797340425531915,0.6978723404255318,0.8079787234042554
noise,s,2,wrong_loss,5,0.06914893617021277,0.059574468085106386,0.07819148936170213,0.047872340425531915,0.09361702127659575,0.04042553191489362,0.10265957446808512
noise,s,2,fn_loss,5,0.0,0.0,0.0,0.0,0.0,0.0,0.0
noise,s,2,fp_loss,5,0.06914893617021277,0.059574468085106386,0.07819148936170213,0.047872340425531915,0.09361702127659575,0.04042553191489362,0.10265957446808512
noise,s,2,error_among_reports,5,0.0907840440165062,0.07788595271210014,0.10242587601078167,0.06060606060606061,0.12667920270379288,0.05138339920948617,0.13936868470103497
noise,s,2,fn_among_reports,5,0.0,0.0,0.0,0.0,0.0,0.0,0.0
noise,s,2,wells_ratio,5,0.5392094017094017,0.5353988603988604,0.548005698005698,0.503812359919777,0.5773164510304598,0.5015517381217605,0.5888916857218122
noise,s,2,full_measure_share,5,0.24663212435233162,0.23108808290155436,0.2569948186528498,0.20209396815008726,0.2921486314190381,0.18963595639032818,0.30527117285599786
noise,s,2,full_coverage_wrong_loss,5,0.23404255319148937,0.23404255319148937,0.23404255319148937,0.17553191489361702,0.2978723404255319,0.17553191489361702,0.2978723404255319
noise,s,2,full_coverage_fn_loss,5,0.0,0.0,0.0,0.0,0.0,0.0,0.0
noise,s,2,full_coverage_fp_loss,5,0.23404255319148937,0.23404255319148937,0.23404255319148937,0.17553191489361702,0.2978723404255319,0.17553191489361702,0.2978723404255319
noise,s,2,diff_report_rate,5,-0.09539007092198584,-0.1049645390070922,-0.08262411347517731,-0.14007092198581558,-0.051759751773049596,-0.15248670212765958,-0.037943262411347524
noise,s,2,diff_wrong_loss,5,-0.009574468085106385,-0.019148936170212762,-0.0005319148936170209,-0.047872340425531915,0.0276595744680851,-0.05531914893617022,0.03723404255319149
noise,s,2,diff_fn_loss,5,-0.07872340425531915,-0.07872340425531915,-0.07872340425531915,-0.10638297872340426,-0.055319148936170216,-0.10638297872340426,-0.055319148936170216
noise,s,2,diff_fp_loss,5,0.06914893617021277,0.059574468085106386,0.07819148936170213,0.047872340425531915,0.09361702127659575,0.04042553191489362,0.10265957446808512
noise,s,2,diff_wells_ratio,5,0.058333333333333334,0.054522792022792026,0.06712962962962964,0.030002691352302893,0.09106311788142979,0.024571425790174895,0.10614549347572194
noise,s,2,diff_cost_savings,5,-0.12130637636080865,-0.13959860771680366,-0.11338221136043836,-0.19379409278453164,-0.06084797989174476,-0.22360643637201366,-0.04993803556964544
noise,s,2,lambda_fold1,5,0.26,0.26,0.26,,,,
noise,s,2,releases_nothing_fold1,5,0.0,0.0,0.0,,,,
noise,s,2,lambda_fold2,5,0.31,0.31,0.31,,,,
noise,s,2,releases_nothing_fold2,5,0.0,0.0,0.0,,,,
noise,s,2,lambda_fold3,5,0.29,0.29,0.3,,,,
noise,s,2,releases_nothing_fold3,5,0.0,0.0,0.0,,,,
noise,s,2,lambda_fold4,5,0.35,0.35,0.36,,,,
noise,s,2,releases_nothing_fold4,5,0.0,0.0,0.0,,,,
noise,s,4,reports,5,606.0,599.0,611.0,548.0,664.0,539.975,669.0
noise,s,4,fn,5,0.0,0.0,0.0,0.0,0.0,0.0,0.0
noise,s,4,fp,5,12.0,9.0,16.0,4.0,23.0,3.0,28.0
noise,s,4,wrong,5,12.0,9.0,16.0,4.0,23.0,3.0,28.0
noise,s,4,wells_used,5,17248.0,17036.0,17338.0,15613.975,18969.125,15550.975,19228.025
noise,s,4,wells_full,5,28080.0,28080.0,28080.0,25880.0,30505.125,25880.0,30505.125
noise,s,4,report_rate,5,0.6271276595744681,0.6196808510638298,0.6324468085106383,0.5712765957446809,0.6824468085106382,0.5627659574468085,0.6882978723404256
noise,s,4,wrong_loss,5,0.01276595744680851,0.009574468085106383,0.01702127659574468,0.00425531914893617,0.024468085106382976,0.003191489361702128,0.029787234042553193
noise,s,4,fn_loss,5,0.0,0.0,0.0,0.0,0.0,0.0,0.0
noise,s,4,fp_loss,5,0.01276595744680851,0.009574468085106383,0.01702127659574468,0.00425531914893617,0.024468085106382976,0.003191489361702128,0.029787234042553193
noise,s,4,error_among_reports,5,0.019801980198019802,0.015025041736227046,0.02618657937806874,0.0059603687144670755,0.037953795379537955,0.004658204535605951,0.04729929802899347
noise,s,4,fn_among_reports,5,0.0,0.0,0.0,0.0,0.0,0.0,0.0
noise,s,4,wells_ratio,5,0.6142450142450142,0.6066951566951567,0.6174501424501424,0.5721775827445078,0.6548775651927374,0.5672450609973871,0.6610547381716341
noise,s,4,full_measure_share,5,0.372020725388601,0.366839378238342,0.3792746113989637,0.3164840286309492,0.4294842647856756,0.31088082901554404,0.43730569948186526
noise,s,4,full_coverage_wrong_loss,5,0.23404255319148937,0.23404255319148937,0.23404255319148937,0.17553191489361702,0.2978723404255319,0.17553191489361702,0.2978723404255319
noise,s,4,full_coverage_fn_loss,5,0.0,0.0,0.0,0.0,0.0,0.0,0.0
noise,s,4,full_coverage_fp_loss,5,0.23404255319148937,0.23404255319148937,0.23404255319148937,0.17553191489361702,0.2978723404255319,0.17553191489361702,0.2978723404255319
noise,s,4,diff_report_rate,5,-0.22145390070921983,-0.22890070921985814,-0.2161347517730497,-0.27606382978723404,-0.1703900709219858,-0.28209663120567374,-0.16559840425531913
noise,s,4,diff_wrong_loss,5,-0.06595744680851065,-0.06914893617021277,-0.061702127659574474,-0.09574468085106383,-0.039361702127659576,-0.09787234042553193,-0.03404255319148936
noise,s,4,diff_fn_loss,5,-0.07872340425531915,-0.07872340425531915,-0.07872340425531915,-0.10638297872340426,-0.055319148936170216,-0.10638297872340426,-0.055319148936170216
noise,s,4,diff_fp_loss,5,0.01276595744680851,0.009574468085106383,0.01702127659574468,0.00425531914893617,0.024468085106382976,0.003191489361702128,0.029787234042553193
noise,s,4,diff_wells_ratio,5,0.13336894586894588,0.1258190883190883,0.13657407407407407,0.09797739179371355,0.16844705344650554,0.09485830817608112,0.17556502927585266
noise,s,4,diff_cost_savings,5,-0.27734577501296,-0.28401096052729025,-0.2616455602458714,-0.35219088651259167,-0.20074218252714873,-0.3676253138182309,-0.19558721878677587
noise,s,4,lambda_fold1,5,0.67,0.67,0.67,,,,
noise,s,4,releases_nothing_fold1,5,0.0,0.0,0.0,,,,
noise,s,4,lambda_fold2,5,0.71,0.71,0.71,,,,
noise,s,4,releases_nothing_fold2,5,1.0,1.0,1.0,,,,
noise,s,4,lambda_fold3,5,0.7,0.7,0.7,,,,
noise,s,4,releases_nothing_fold3,5,1.0,1.0,1.0,,,,
noise,s,4,lambda_fold4,5,0.76,0.76,0.76,,,,
noise,s,4,releases_nothing_fold4,5,1.0,1.0,1.0,,,,
noise,s,8,reports,5,583.0,583.0,583.0,523.0,641.0250000000001,523.0,641.0250000000001
noise,s,8,fn,5,0.0,0.0,0.0,0.0,0.0,0.0,0.0
noise,s,8,fp,5,0.0,0.0,0.0,0.0,0.0,0.0,0.0
noise,s,8,wrong,5,0.0,0.0,0.0,0.0,0.0,0.0,0.0
noise,s,8,wells_used,5,17653.0,17653.0,17653.0,15990.875,19597.125,15990.875,19597.125
noise,s,8,wells_full,5,28080.0,28080.0,28080.0,25880.0,30505.125,25880.0,30505.125
noise,s,8,report_rate,5,0.603368794326241,0.603368794326241,0.603368794326241,0.5462765957446809,0.6602836879432624,0.5462765957446809,0.6602836879432624
noise,s,8,wrong_loss,5,0.0,0.0,0.0,0.0,0.0,0.0,0.0
noise,s,8,fn_loss,5,0.0,0.0,0.0,0.0,0.0,0.0,0.0
noise,s,8,fp_loss,5,0.0,0.0,0.0,0.0,0.0,0.0,0.0
noise,s,8,error_among_reports,5,0.0,0.0,0.0,0.0,0.0,0.0,0.0
noise,s,8,fn_among_reports,5,0.0,0.0,0.0,0.0,0.0,0.0,0.0
noise,s,8,wells_ratio,5,0.6286680911680912,0.6286680911680912,0.6286680911680912,0.5865343672247256,0.6724784026911573,0.5865343672247256,0.6724784026911573
noise,s,8,full_measure_share,5,0.3958549222797928,0.3958549222797928,0.3958549222797928,0.3390726787225042,0.4544549846170454,0.3390726787225042,0.4544549846170454
noise,s,8,full_coverage_wrong_loss,5,0.23404255319148937,0.23404255319148937,0.23404255319148937,0.17553191489361702,0.2978723404255319,0.17553191489361702,0.2978723404255319
noise,s,8,full_coverage_fn_loss,5,0.0,0.0,0.0,0.0,0.0,0.0,0.0
noise,s,8,full_coverage_fp_loss,5,0.23404255319148937,0.23404255319148937,0.23404255319148937,0.17553191489361702,0.2978723404255319,0.17553191489361702,0.2978723404255319
noise,s,8,diff_report_rate,5,-0.2452127659574468,-0.2452127659574468,-0.2452127659574468,-0.29840425531914894,-0.1946808510638298,-0.29840425531914894,-0.1946808510638298
noise,s,8,diff_wrong_loss,5,-0.07872340425531915,-0.07872340425531915,-0.07872340425531915,-0.10638297872340426,-0.055319148936170216,-0.10638297872340426,-0.055319148936170216
noise,s,8,diff_fn_loss,5,-0.07872340425531915,-0.07872340425531915,-0.07872340425531915,-0.10638297872340426,-0.055319148936170216,-0.10638297872340426,-0.055319148936170216
noise,s,8,diff_fp_loss,5,0.0,0.0,0.0,0.0,0.0,0.0,0.0
noise,s,8,diff_wells_ratio,5,0.1477920227920228,0.1477920227920228,0.1477920227920228,0.11343653437342134,0.18785124328568745,0.11343653437342134,0.18785124328568745
noise,s,8,diff_cost_savings,5,-0.30733910982744583,-0.30733910982744583,-0.30733910982744583,-0.3941831236144866,-0.2344896638384365,-0.3941831236144866,-0.2344896638384365
noise,s,8,lambda_fold1,5,0.68,0.68,0.68,,,,
noise,s,8,releases_nothing_fold1,5,1.0,1.0,1.0,,,,
noise,s,8,lambda_fold2,5,0.71,0.71,0.71,,,,
noise,s,8,releases_nothing_fold2,5,1.0,1.0,1.0,,,,
noise,s,8,lambda_fold3,5,0.7,0.7,0.7,,,,
noise,s,8,releases_nothing_fold3,5,1.0,1.0,1.0,,,,
noise,s,8,lambda_fold4,5,0.76,0.76,0.76,,,,
noise,s,8,releases_nothing_fold4,5,1.0,1.0,1.0,,,,
shrink,t,0,reports,1,914.0,914.0,914.0,884.0,947.0,884.0,947.0
shrink,t,0,fn,1,65.0,65.0,65.0,45.0,87.0,45.0,87.0
shrink,t,0,fp,1,19.0,19.0,19.0,10.0,30.0,10.0,30.0
shrink,t,0,wrong,1,84.0,84.0,84.0,62.0,107.0,62.0,107.0
shrink,t,0,wells_used,1,12031.0,12031.0,12031.0,11162.975,12990.075,11162.975,12990.075
shrink,t,0,wells_full,1,28080.0,28080.0,28080.0,25880.0,30505.125,25880.0,30505.125
shrink,t,0,report_rate,1,0.947340425531915,0.947340425531915,0.947340425531915,0.924468085106383,0.9675531914893617,0.924468085106383,0.9675531914893617
shrink,t,0,wrong_loss,1,0.08776595744680851,0.08776595744680851,0.08776595744680851,0.06488031914893617,0.11224734042553199,0.06488031914893617,0.11224734042553199
shrink,t,0,fn_loss,1,0.0675531914893617,0.0675531914893617,0.0675531914893617,0.04680851063829788,0.09095744680851064,0.04680851063829788,0.09095744680851064
shrink,t,0,fp_loss,1,0.02021276595744681,0.02021276595744681,0.02021276595744681,0.010638297872340425,0.031914893617021274,0.010638297872340425,0.031914893617021274
shrink,t,0,error_among_reports,1,0.09190371991247265,0.09190371991247265,0.09190371991247265,0.06803380478725582,0.11785034424869845,0.06803380478725582,0.11785034424869845
shrink,t,0,fn_among_reports,1,0.0711159737417943,0.0711159737417943,0.0711159737417943,0.04947340124504811,0.09539598555771207,0.04947340124504811,0.09539598555771207
shrink,t,0,wells_ratio,1,0.42845441595441597,0.42845441595441597,0.42845441595441597,0.41292768686087783,0.44480025326387634,0.41292768686087783,0.44480025326387634
shrink,t,0,full_measure_share,1,0.0528497409326425,0.0528497409326425,0.0528497409326425,0.03262730779829157,0.07500317258883246,0.03262730779829157,0.07500317258883246
shrink,t,0,full_coverage_wrong_loss,1,0.11595744680851063,0.11595744680851063,0.11595744680851063,0.09042553191489362,0.14468085106382977,0.09042553191489362,0.14468085106382977
shrink,t,0,full_coverage_fn_loss,1,0.09574468085106383,0.09574468085106383,0.09574468085106383,0.07127659574468086,0.12340425531914893,0.07127659574468086,0.12340425531914893
shrink,t,0,full_coverage_fp_loss,1,0.02021276595744681,0.02021276595744681,0.02021276595744681,0.010638297872340425,0.031914893617021274,0.010638297872340425,0.031914893617021274
shrink,t,0,diff_report_rate,1,0.09875886524822695,0.09875886524822695,0.09875886524822695,0.06790780141843972,0.13280141843971632,0.06790780141843972,0.13280141843971632
shrink,t,0,diff_wrong_loss,1,0.009042553191489363,0.009042553191489363,0.009042553191489363,-0.010651595744680852,0.028723404255319152,-0.010651595744680852,0.028723404255319152
shrink,t,0,diff_fn_loss,1,-0.011170212765957449,-0.011170212765957449,-0.011170212765957449,-0.02819148936170213,0.00531914893617021,-0.02819148936170213,0.00531914893617021
shrink,t,0,diff_fp_loss,1,0.02021276595744681,0.02021276595744681,0.02021276595744681,0.010638297872340425,0.031914893617021274,0.010638297872340425,0.031914893617021274
shrink,t,0,diff_wells_ratio,1,-0.05242165242165242,-0.05242165242165242,-0.05242165242165242,-0.0709689956171392,-0.035546285730190086,-0.0709689956171392,-0.035546285730190086
shrink,t,0,diff_cost_savings,1,0.10901281196771084,0.10901281196771084,0.10901281196771084,0.07669438126599955,0.14225025969004557,0.07669438126599955,0.14225025969004557
shrink,t,0,lambda_fold1,1,0.04,0.04,0.04,,,,
shrink,t,0,releases_nothing_fold1,1,0.0,0.0,0.0,,,,
shrink,t,0,lambda_fold2,1,0.03,0.03,0.03,,,,
shrink,t,0,releases_nothing_fold2,1,0.0,0.0,0.0,,,,
shrink,t,0,lambda_fold3,1,0.08,0.08,0.08,,,,
shrink,t,0,releases_nothing_fold3,1,0.0,0.0,0.0,,,,
shrink,t,0,lambda_fold4,1,-1.0,-1.0,-1.0,,,,
shrink,t,0,releases_nothing_fold4,1,0.0,0.0,0.0,,,,
shrink,t,0.25,reports,1,854.0,854.0,854.0,818.0,894.0,818.0,894.0
shrink,t,0.25,fn,1,68.0,68.0,68.0,47.0,91.0,47.0,91.0
shrink,t,0.25,fp,1,2.0,2.0,2.0,0.0,5.0,0.0,5.0
shrink,t,0.25,wrong,1,70.0,70.0,70.0,49.0,93.0,49.0,93.0
shrink,t,0.25,wells_used,1,13033.0,13033.0,13033.0,12038.0,14136.0,12038.0,14136.0
shrink,t,0.25,wells_full,1,28080.0,28080.0,28080.0,25880.0,30505.125,25880.0,30505.125
shrink,t,0.25,report_rate,1,0.8845744680851064,0.8845744680851064,0.8845744680851064,0.8531914893617022,0.9143617021276594,0.8531914893617022,0.9143617021276594
shrink,t,0.25,wrong_loss,1,0.07340425531914894,0.07340425531914894,0.07340425531914894,0.05106382978723404,0.09787234042553193,0.05106382978723404,0.09787234042553193
shrink,t,0.25,fn_loss,1,0.07127659574468086,0.07127659574468086,0.07127659574468086,0.048936170212765966,0.09574468085106383,0.048936170212765966,0.09574468085106383
shrink,t,0.25,fp_loss,1,0.002127659574468085,0.002127659574468085,0.002127659574468085,0.0,0.005319148936170213,0.0,0.005319148936170213
shrink,t,0.25,error_among_reports,1,0.08196721311475409,0.08196721311475409,0.08196721311475409,0.05677765176729699,0.10979929161747344,0.05677765176729699,0.10979929161747344
shrink,t,0.25,fn_among_reports,1,0.07962529274004684,0.07962529274004684,0.07962529274004684,0.05493136825987094,0.10714394466678266,0.05493136825987094,0.10714394466678266
shrink,t,0.25,wells_ratio,1,0.46413817663817664,0.46413817663817664,0.46413817663817664,0.4426005623917187,0.4867130337764621,0.4426005623917187,0.4867130337764621
shrink,t,0.25,full_measure_share,1,0.1150259067357513,0.1150259067357513,0.1150259067357513,0.08571060382916056,0.14583333333333337,0.08571060382916056,0.14583333333333337
shrink,t,0.25,full_coverage_wrong_loss,1,0.13138297872340426,0.13138297872340426,0.13138297872340426,0.10106382978723404,0.16384308510638304,0.10106382978723404,0.16384308510638304
shrink,t,0.25,full_coverage_fn_loss,1,0.12287234042553193,0.12287234042553193,0.12287234042553193,0.09360372340425531,0.15531914893617021,0.09360372340425531,0.15531914893617021
shrink,t,0.25,full_coverage_fp_loss,1,0.00851063829787234,0.00851063829787234,0.00851063829787234,0.003191489361702128,0.015957446808510637,0.003191489361702128,0.015957446808510637
shrink,t,0.25,diff_report_rate,1,0.035992907801418436,0.035992907801418436,0.035992907801418436,0.015243794326241135,0.05851950354609933,0.015243794326241135,0.05851950354609933
shrink,t,0.25,diff_wrong_loss,1,-0.005319148936170212,-0.005319148936170212,-0.005319148936170212,-0.019148936170212762,0.007446808510638297,-0.019148936170212762,0.007446808510638297
shrink,t,0.25,diff_fn_loss,1,-0.007446808510638297,-0.007446808510638297,-0.007446808510638297,-0.02021276595744681,0.004255319148936172,-0.02021276595744681,0.004255319148936172
shrink,t,0.25,diff_fp_loss,1,0.002127659574468085,0.002127659574468085,0.002127659574468085,0.0,0.005319148936170213,0.0,0.005319148936170213
shrink,t,0.25,diff_wells_ratio,1,-0.01673789173789174,-0.01673789173789174,-0.01673789173789174,-0.028200170630404958,-0.0051809443666581394,-0.028200170630404958,-0.0051809443666581394
shrink,t,0.25,diff_cost_savings,1,0.03480707990816856,0.03480707990816856,0.03480707990816856,0.011026207339488435,0.057830597587278855,0.011026207339488435,0.057830597587278855
shrink,t,0.25,lambda_fold1,1,0.09,0.09,0.09,,,,
shrink,t,0.25,releases_nothing_fold1,1,0.0,0.0,0.0,,,,
shrink,t,0.25,lambda_fold2,1,0.09,0.09,0.09,,,,
shrink,t,0.25,releases_nothing_fold2,1,0.0,0.0,0.0,,,,
shrink,t,0.25,lambda_fold3,1,0.09,0.09,0.09,,,,
shrink,t,0.25,releases_nothing_fold3,1,0.0,0.0,0.0,,,,
shrink,t,0.25,lambda_fold4,1,0.03,0.03,0.03,,,,
shrink,t,0.25,releases_nothing_fold4,1,0.0,0.0,0.0,,,,
shrink,t,0.5,reports,1,820.0,820.0,820.0,781.0,862.0,781.0,862.0
shrink,t,0.5,fn,1,71.0,71.0,71.0,48.0,97.0,48.0,97.0
shrink,t,0.5,fp,1,1.0,1.0,1.0,0.0,3.0,0.0,3.0
shrink,t,0.5,wrong,1,72.0,72.0,72.0,49.0,98.0,49.0,98.0
shrink,t,0.5,wells_used,1,13502.0,13502.0,13502.0,12450.95,14624.025,12450.95,14624.025
shrink,t,0.5,wells_full,1,28080.0,28080.0,28080.0,25880.0,30505.125,25880.0,30505.125
shrink,t,0.5,report_rate,1,0.8507092198581561,0.8507092198581561,0.8507092198581561,0.8145257092198581,0.885110815602837,0.8145257092198581,0.885110815602837
shrink,t,0.5,wrong_loss,1,0.07553191489361703,0.07553191489361703,0.07553191489361703,0.05212765957446809,0.10319148936170212,0.05212765957446809,0.10319148936170212
shrink,t,0.5,fn_loss,1,0.07446808510638298,0.07446808510638298,0.07446808510638298,0.05106382978723404,0.10212765957446808,0.05106382978723404,0.10212765957446808
shrink,t,0.5,fp_loss,1,0.0010638297872340426,0.0010638297872340426,0.0010638297872340426,0.0,0.003191489361702128,0.0,0.003191489361702128
shrink,t,0.5,error_among_reports,1,0.08780487804878048,0.08780487804878048,0.08780487804878048,0.05999938800489596,0.11949723884031294,0.05999938800489596,0.11949723884031294
shrink,t,0.5,fn_among_reports,1,0.08658536585365853,0.08658536585365853,0.08658536585365853,0.05924031825433465,0.11875371558197748,0.05924031825433465,0.11875371558197748
shrink,t,0.5,wells_ratio,1,0.4808404558404558,0.4808404558404558,0.4808404558404558,0.45715107653568854,0.5063676444640985,0.45715107653568854,0.5063676444640985
shrink,t,0.5,full_measure_share,1,0.15025906735751293,0.15025906735751293,0.15025906735751293,0.1161591301617208,0.18593930177201803,0.1161591301617208,0.18593930177201803
shrink,t,0.5,full_coverage_wrong_loss,1,0.1452127659574468,0.1452127659574468,0.1452127659574468,0.11382978723404258,0.17872340425531916,0.11382978723404258,0.17872340425531916
shrink,t,0.5,full_coverage_fn_loss,1,0.14414893617021277,0.14414893617021277,0.14414893617021277,0.11329787234042556,0.17765957446808514,0.11329787234042556,0.17765957446808514
shrink,t,0.5,full_coverage_fp_loss,1,0.0010638297872340426,0.0010638297872340426,0.0010638297872340426,0.0,0.003191489361702128,0.0,0.003191489361702128
shrink,t,0.5,diff_report_rate,1,0.002127659574468085,0.002127659574468085,0.002127659574468085,-0.007446808510638297,0.01276595744680851,-0.007446808510638297,0.01276595744680851
shrink,t,0.5,diff_wrong_loss,1,-0.003191489361702128,-0.003191489361702128,-0.003191489361702128,-0.011702127659574466,0.004255319148936172,-0.011702127659574466,0.004255319148936172
shrink,t,0.5,diff_fn_loss,1,-0.00425531914893617,-0.00425531914893617,-0.00425531914893617,-0.012765957446808508,0.003191489361702128,-0.012765957446808508,0.003191489361702128
shrink,t,0.5,diff_fp_loss,1,0.0010638297872340426,0.0010638297872340426,0.0010638297872340426,0.0,0.003191489361702128,0.0,0.003191489361702128
shrink,t,0.5,diff_wells_ratio,1,-3.561253561253561e-05,-3.561253561253561e-05,-3.561253561253561e-05,-0.005095607223803182,0.005040342660941151,-0.005095607223803182,0.005040342660941151
shrink,t,0.5,diff_cost_savings,1,7.405761682588441e-05,7.405761682588441e-05,7.405761682588441e-05,-0.01057986409185852,0.010488489204336067,-0.01057986409185852,0.010488489204336067
shrink,t,0.5,lambda_fold1,1,0.13,0.13,0.13,,,,
shrink,t,0.5,releases_nothing_fold1,1,0.0,0.0,0.0,,,,
shrink,t,0.5,lambda_fold2,1,0.15,0.15,0.15,,,,
shrink,t,0.5,releases_nothing_fold2,1,0.0,0.0,0.0,,,,
shrink,t,0.5,lambda_fold3,1,0.13,0.13,0.13,,,,
shrink,t,0.5,releases_nothing_fold3,1,0.0,0.0,0.0,,,,
shrink,t,0.5,lambda_fold4,1,0.04,0.04,0.04,,,,
shrink,t,0.5,releases_nothing_fold4,1,0.0,0.0,0.0,,,,
shrink,t,0.75,reports,1,820.0,820.0,820.0,780.0,862.0,780.0,862.0
shrink,t,0.75,fn,1,74.0,74.0,74.0,51.0,100.0,51.0,100.0
shrink,t,0.75,fp,1,0.0,0.0,0.0,0.0,0.0,0.0,0.0
shrink,t,0.75,wrong,1,74.0,74.0,74.0,51.0,100.0,51.0,100.0
shrink,t,0.75,wells_used,1,13491.0,13491.0,13491.0,12441.95,14625.025,12441.95,14625.025
shrink,t,0.75,wells_full,1,28080.0,28080.0,28080.0,25880.0,30505.125,25880.0,30505.125
shrink,t,0.75,report_rate,1,0.8507092198581561,0.8507092198581561,0.8507092198581561,0.8138297872340425,0.8861702127659574,0.8138297872340425,0.8861702127659574
shrink,t,0.75,wrong_loss,1,0.07765957446808511,0.07765957446808511,0.07765957446808511,0.054255319148936165,0.10428191489361713,0.054255319148936165,0.10428191489361713
shrink,t,0.75,fn_loss,1,0.07765957446808511,0.07765957446808511,0.07765957446808511,0.054255319148936165,0.10428191489361713,0.054255319148936165,0.10428191489361713
shrink,t,0.75,fp_loss,1,0.0,0.0,0.0,0.0,0.0,0.0,0.0
shrink,t,0.75,error_among_reports,1,0.09024390243902439,0.09024390243902439,0.09024390243902439,0.06273040896089434,0.12189206406989443,0.06273040896089434,0.12189206406989443
shrink,t,0.75,fn_among_reports,1,0.09024390243902439,0.09024390243902439,0.09024390243902439,0.06273040896089434,0.12189206406989443,0.06273040896089434,0.12189206406989443
shrink,t,0.75,wells_ratio,1,0.48044871794871796,0.48044871794871796,0.48044871794871796,0.4563278666442961,0.5059076137678986,0.4563278666442961,0.5059076137678986
shrink,t,0.75,full_measure_share,1,0.15025906735751293,0.15025906735751293,0.15025906735751293,0.1153439153439153,0.18638743455497386,0.1153439153439153,0.18638743455497386
shrink,t,0.75,full_coverage_wrong_loss,1,0.14875886524822696,0.14875886524822696,0.14875886524822696,0.1175531914893617,0.18244680851063827,0.1175531914893617,0.18244680851063827
shrink,t,0.75,full_coverage_fn_loss,1,0.14875886524822696,0.14875886524822696,0.14875886524822696,0.1175531914893617,0.18244680851063827,0.1175531914893617,0.18244680851063827
shrink,t,0.75,full_coverage_fp_loss,1,0.0,0.0,0.0,0.0,0.0,0.0,0.0
shrink,t,0.75,diff_report_rate,1,0.0021276595744680847,0.0021276595744680847,0.0021276595744680847,-0.00425531914893617,0.009574468085106381,-0.00425531914893617,0.009574468085106381
shrink,t,0.75,diff_wrong_loss,1,-0.0010638297872340426,-0.0010638297872340426,-0.0010638297872340426,-0.00425531914893617,0.0021276595744680856,-0.00425531914893617,0.0021276595744680856
shrink,t,0.75,diff_fn_loss,1,-0.0010638297872340426,-0.0010638297872340426,-0.0010638297872340426,-0.00425531914893617,0.0021276595744680856,-0.00425531914893617,0.0021276595744680856
shrink,t,0.75,diff_fp_loss,1,0.0,0.0,0.0,0.0,0.0,0.0,0.0
shrink,t,0.75,diff_wells_ratio,1,-0.00042735042735042735,-0.00042735042735042735,-0.00042735042735042735,-0.003923991654351556,0.002561652081872646,-0.003923991654351556,0.002561652081872646
shrink,t,0.75,diff_cost_savings,1,0.0008886914019107239,0.0008886914019107239,0.0008886914019107239,-0.005370499387449035,0.008051524695226808,-0.005370499387449035,0.008051524695226808
shrink,t,0.75,lambda_fold1,1,0.17,0.17,0.17,,,,
shrink,t,0.75,releases_nothing_fold1,1,0.0,0.0,0.0,,,,
shrink,t,0.75,lambda_fold2,1,0.15,0.15,0.15,,,,
shrink,t,0.75,releases_nothing_fold2,1,0.0,0.0,0.0,,,,
shrink,t,0.75,lambda_fold3,1,0.14,0.14,0.14,,,,
shrink,t,0.75,releases_nothing_fold3,1,0.0,0.0,0.0,,,,
shrink,t,0.75,lambda_fold4,1,0.05,0.05,0.05,,,,
shrink,t,0.75,releases_nothing_fold4,1,0.0,0.0,0.0,,,,
shrink,t,1,reports,1,820.0,820.0,820.0,780.0,862.0,780.0,862.0
shrink,t,1,fn,1,74.0,74.0,74.0,51.0,100.0,51.0,100.0
shrink,t,1,fp,1,0.0,0.0,0.0,0.0,0.0,0.0,0.0
shrink,t,1,wrong,1,74.0,74.0,74.0,51.0,100.0,51.0,100.0
shrink,t,1,wells_used,1,13491.0,13491.0,13491.0,12441.95,14625.025,12441.95,14625.025
shrink,t,1,wells_full,1,28080.0,28080.0,28080.0,25880.0,30505.125,25880.0,30505.125
shrink,t,1,report_rate,1,0.8507092198581561,0.8507092198581561,0.8507092198581561,0.8138297872340425,0.8861702127659574,0.8138297872340425,0.8861702127659574
shrink,t,1,wrong_loss,1,0.07765957446808511,0.07765957446808511,0.07765957446808511,0.054255319148936165,0.10428191489361713,0.054255319148936165,0.10428191489361713
shrink,t,1,fn_loss,1,0.07765957446808511,0.07765957446808511,0.07765957446808511,0.054255319148936165,0.10428191489361713,0.054255319148936165,0.10428191489361713
shrink,t,1,fp_loss,1,0.0,0.0,0.0,0.0,0.0,0.0,0.0
shrink,t,1,error_among_reports,1,0.09024390243902439,0.09024390243902439,0.09024390243902439,0.06273040896089434,0.12189206406989443,0.06273040896089434,0.12189206406989443
shrink,t,1,fn_among_reports,1,0.09024390243902439,0.09024390243902439,0.09024390243902439,0.06273040896089434,0.12189206406989443,0.06273040896089434,0.12189206406989443
shrink,t,1,wells_ratio,1,0.48044871794871796,0.48044871794871796,0.48044871794871796,0.4563278666442961,0.5059076137678986,0.4563278666442961,0.5059076137678986
shrink,t,1,full_measure_share,1,0.15025906735751293,0.15025906735751293,0.15025906735751293,0.1153439153439153,0.18638743455497386,0.1153439153439153,0.18638743455497386
shrink,t,1,full_coverage_wrong_loss,1,0.14875886524822696,0.14875886524822696,0.14875886524822696,0.1175531914893617,0.18244680851063827,0.1175531914893617,0.18244680851063827
shrink,t,1,full_coverage_fn_loss,1,0.14875886524822696,0.14875886524822696,0.14875886524822696,0.1175531914893617,0.18244680851063827,0.1175531914893617,0.18244680851063827
shrink,t,1,full_coverage_fp_loss,1,0.0,0.0,0.0,0.0,0.0,0.0,0.0
shrink,t,1,diff_report_rate,1,0.0021276595744680847,0.0021276595744680847,0.0021276595744680847,-0.00425531914893617,0.009574468085106381,-0.00425531914893617,0.009574468085106381
shrink,t,1,diff_wrong_loss,1,-0.0010638297872340426,-0.0010638297872340426,-0.0010638297872340426,-0.00425531914893617,0.0021276595744680856,-0.00425531914893617,0.0021276595744680856
shrink,t,1,diff_fn_loss,1,-0.0010638297872340426,-0.0010638297872340426,-0.0010638297872340426,-0.00425531914893617,0.0021276595744680856,-0.00425531914893617,0.0021276595744680856
shrink,t,1,diff_fp_loss,1,0.0,0.0,0.0,0.0,0.0,0.0,0.0
shrink,t,1,diff_wells_ratio,1,-0.00042735042735042735,-0.00042735042735042735,-0.00042735042735042735,-0.003923991654351556,0.002561652081872646,-0.003923991654351556,0.002561652081872646
shrink,t,1,diff_cost_savings,1,0.0008886914019107239,0.0008886914019107239,0.0008886914019107239,-0.005370499387449035,0.008051524695226808,-0.005370499387449035,0.008051524695226808
shrink,t,1,lambda_fold1,1,0.17,0.17,0.17,,,,
shrink,t,1,releases_nothing_fold1,1,0.0,0.0,0.0,,,,
shrink,t,1,lambda_fold2,1,0.15,0.15,0.15,,,,
shrink,t,1,releases_nothing_fold2,1,0.0,0.0,0.0,,,,
shrink,t,1,lambda_fold3,1,0.14,0.14,0.14,,,,
shrink,t,1,releases_nothing_fold3,1,0.0,0.0,0.0,,,,
shrink,t,1,lambda_fold4,1,0.05,0.05,0.05,,,,
shrink,t,1,releases_nothing_fold4,1,0.0,0.0,0.0,,,,
amplify,t,0,reports,1,914.0,914.0,914.0,884.0,947.0,884.0,947.0
amplify,t,0,fn,1,65.0,65.0,65.0,45.0,87.0,45.0,87.0
amplify,t,0,fp,1,19.0,19.0,19.0,10.0,30.0,10.0,30.0
amplify,t,0,wrong,1,84.0,84.0,84.0,62.0,107.0,62.0,107.0
amplify,t,0,wells_used,1,12031.0,12031.0,12031.0,11162.975,12990.075,11162.975,12990.075
amplify,t,0,wells_full,1,28080.0,28080.0,28080.0,25880.0,30505.125,25880.0,30505.125
amplify,t,0,report_rate,1,0.947340425531915,0.947340425531915,0.947340425531915,0.924468085106383,0.9675531914893617,0.924468085106383,0.9675531914893617
amplify,t,0,wrong_loss,1,0.08776595744680851,0.08776595744680851,0.08776595744680851,0.06488031914893617,0.11224734042553199,0.06488031914893617,0.11224734042553199
amplify,t,0,fn_loss,1,0.0675531914893617,0.0675531914893617,0.0675531914893617,0.04680851063829788,0.09095744680851064,0.04680851063829788,0.09095744680851064
amplify,t,0,fp_loss,1,0.02021276595744681,0.02021276595744681,0.02021276595744681,0.010638297872340425,0.031914893617021274,0.010638297872340425,0.031914893617021274
amplify,t,0,error_among_reports,1,0.09190371991247265,0.09190371991247265,0.09190371991247265,0.06803380478725582,0.11785034424869845,0.06803380478725582,0.11785034424869845
amplify,t,0,fn_among_reports,1,0.0711159737417943,0.0711159737417943,0.0711159737417943,0.04947340124504811,0.09539598555771207,0.04947340124504811,0.09539598555771207
amplify,t,0,wells_ratio,1,0.42845441595441597,0.42845441595441597,0.42845441595441597,0.41292768686087783,0.44480025326387634,0.41292768686087783,0.44480025326387634
amplify,t,0,full_measure_share,1,0.0528497409326425,0.0528497409326425,0.0528497409326425,0.03262730779829157,0.07500317258883246,0.03262730779829157,0.07500317258883246
amplify,t,0,full_coverage_wrong_loss,1,0.11595744680851063,0.11595744680851063,0.11595744680851063,0.09042553191489362,0.14468085106382977,0.09042553191489362,0.14468085106382977
amplify,t,0,full_coverage_fn_loss,1,0.09574468085106383,0.09574468085106383,0.09574468085106383,0.07127659574468086,0.12340425531914893,0.07127659574468086,0.12340425531914893
amplify,t,0,full_coverage_fp_loss,1,0.02021276595744681,0.02021276595744681,0.02021276595744681,0.010638297872340425,0.031914893617021274,0.010638297872340425,0.031914893617021274
amplify,t,0,diff_report_rate,1,0.09875886524822695,0.09875886524822695,0.09875886524822695,0.06790780141843972,0.13280141843971632,0.06790780141843972,0.13280141843971632
amplify,t,0,diff_wrong_loss,1,0.009042553191489363,0.009042553191489363,0.009042553191489363,-0.010651595744680852,0.028723404255319152,-0.010651595744680852,0.028723404255319152
amplify,t,0,diff_fn_loss,1,-0.011170212765957449,-0.011170212765957449,-0.011170212765957449,-0.02819148936170213,0.00531914893617021,-0.02819148936170213,0.00531914893617021
amplify,t,0,diff_fp_loss,1,0.02021276595744681,0.02021276595744681,0.02021276595744681,0.010638297872340425,0.031914893617021274,0.010638297872340425,0.031914893617021274
amplify,t,0,diff_wells_ratio,1,-0.05242165242165242,-0.05242165242165242,-0.05242165242165242,-0.0709689956171392,-0.035546285730190086,-0.0709689956171392,-0.035546285730190086
amplify,t,0,diff_cost_savings,1,0.10901281196771084,0.10901281196771084,0.10901281196771084,0.07669438126599955,0.14225025969004557,0.07669438126599955,0.14225025969004557
amplify,t,0,lambda_fold1,1,0.04,0.04,0.04,,,,
amplify,t,0,releases_nothing_fold1,1,0.0,0.0,0.0,,,,
amplify,t,0,lambda_fold2,1,0.03,0.03,0.03,,,,
amplify,t,0,releases_nothing_fold2,1,0.0,0.0,0.0,,,,
amplify,t,0,lambda_fold3,1,0.08,0.08,0.08,,,,
amplify,t,0,releases_nothing_fold3,1,0.0,0.0,0.0,,,,
amplify,t,0,lambda_fold4,1,-1.0,-1.0,-1.0,,,,
amplify,t,0,releases_nothing_fold4,1,0.0,0.0,0.0,,,,
amplify,t,0.25,reports,1,930.0,930.0,930.0,903.0,962.0,903.0,962.0
amplify,t,0.25,fn,1,50.0,50.0,50.0,33.0,70.0,33.0,70.0
amplify,t,0.25,fp,1,30.0,30.0,30.0,18.0,44.0,18.0,44.0
amplify,t,0.25,wrong,1,80.0,80.0,80.0,60.0,103.0,60.0,103.0
amplify,t,0.25,wells_used,1,11888.0,11888.0,11888.0,11020.0,12857.125,11020.0,12857.125
amplify,t,0.25,wells_full,1,28080.0,28080.0,28080.0,25880.0,30505.125,25880.0,30505.125
amplify,t,0.25,report_rate,1,0.9632978723404256,0.9632978723404256,0.9632978723404256,0.9473404255319147,0.9776595744680852,0.9473404255319147,0.9776595744680852
amplify,t,0.25,wrong_loss,1,0.08404255319148937,0.08404255319148937,0.08404255319148937,0.06276595744680852,0.10851063829787233,0.06276595744680852,0.10851063829787233
amplify,t,0.25,fn_loss,1,0.05212765957446809,0.05212765957446809,0.05212765957446809,0.03404255319148936,0.07340425531914894,0.03404255319148936,0.07340425531914894
amplify,t,0.25,fp_loss,1,0.031914893617021274,0.031914893617021274,0.031914893617021274,0.019148936170212766,0.04680851063829788,0.019148936170212766,0.04680851063829788
amplify,t,0.25,error_among_reports,1,0.08602150537634409,0.08602150537634409,0.08602150537634409,0.06414199627922025,0.11111408199643494,0.06414199627922025,0.11111408199643494
amplify,t,0.25,fn_among_reports,1,0.053763440860215055,0.053763440860215055,0.053763440860215055,0.034956702313693834,0.07500268240343348,0.034956702313693834,0.07500268240343348
amplify,t,0.25,wells_ratio,1,0.4233618233618234,0.4233618233618234,0.4233618233618234,0.40871546561947086,0.4371057404041778,0.40871546561947086,0.4371057404041778
amplify,t,0.25,full_measure_share,1,0.03626943005181349,0.03626943005181349,0.03626943005181349,0.021874999999999978,0.05235602094240843,0.021874999999999978,0.05235602094240843
amplify,t,0.25,full_coverage_wrong_loss,1,0.10106382978723404,0.10106382978723404,0.10106382978723404,0.0786968085106383,0.1276595744680851,0.0786968085106383,0.1276595744680851
amplify,t,0.25,full_coverage_fn_loss,1,0.0648936170212766,0.0648936170212766,0.0648936170212766,0.04361702127659575,0.0872340425531915,0.04361702127659575,0.0872340425531915
amplify,t,0.25,full_coverage_fp_loss,1,0.03617021276595745,0.03617021276595745,0.03617021276595745,0.022340425531914895,0.05106382978723405,0.022340425531914895,0.05106382978723405
amplify,t,0.25,diff_report_rate,1,0.1147163120567376,0.1147163120567376,0.1147163120567376,0.08350620567375887,0.1475177304964539,0.08350620567375887,0.1475177304964539
amplify,t,0.25,diff_wrong_loss,1,0.005319148936170213,0.005319148936170213,0.005319148936170213,-0.019148936170212766,0.02978723404255319,-0.019148936170212766,0.02978723404255319
amplify,t,0.25,diff_fn_loss,1,-0.026595744680851064,-0.026595744680851064,-0.026595744680851064,-0.04574468085106384,-0.00851063829787234,-0.04574468085106384,-0.00851063829787234
amplify,t,0.25,diff_fp_loss,1,0.031914893617021274,0.031914893617021274,0.031914893617021274,0.019148936170212766,0.04680851063829788,0.019148936170212766,0.04680851063829788
amplify,t,0.25,diff_wells_ratio,1,-0.05751424501424501,-0.05751424501424501,-0.05751424501424501,-0.07541208911660069,-0.04096692722450684,-0.07541208911660069,-0.04096692722450684
amplify,t,0.25,diff_cost_savings,1,0.1196030511738132,0.1196030511738132,0.1196030511738132,0.08861227218159994,0.15040804558824916,0.08861227218159994,0.15040804558824916
amplify,t,0.25,lambda_fold1,1,0.02,0.02,0.02,,,,
amplify,t,0.25,releases_nothing_fold1,1,0.0,0.0,0.0,,,,
amplify,t,0.25,lambda_fold2,1,0.03,0.03,0.03,,,,
amplify,t,0.25,releases_nothing_fold2,1,0.0,0.0,0.0,,,,
amplify,t,0.25,lambda_fold3,1,0.05,0.05,0.05,,,,
amplify,t,0.25,releases_nothing_fold3,1,0.0,0.0,0.0,,,,
amplify,t,0.25,lambda_fold4,1,0.02,0.02,0.02,,,,
amplify,t,0.25,releases_nothing_fold4,1,0.0,0.0,0.0,,,,
amplify,t,0.5,reports,1,938.0,938.0,938.0,913.0,970.0,913.0,970.0
amplify,t,0.5,fn,1,39.0,39.0,39.0,24.0,57.0,24.0,57.0
amplify,t,0.5,fp,1,43.0,43.0,43.0,27.0,61.02500000000009,27.0,61.02500000000009
amplify,t,0.5,wrong,1,82.0,82.0,82.0,61.0,106.0,61.0,106.0
amplify,t,0.5,wells_used,1,11711.0,11711.0,11711.0,10889.0,12633.325,10889.0,12633.325
amplify,t,0.5,wells_full,1,28080.0,28080.0,28080.0,25880.0,30505.125,25880.0,30505.125
amplify,t,0.5,report_rate,1,0.971808510638298,0.971808510638298,0.971808510638298,0.9585106382978724,0.9835106382978723,0.9585106382978724,0.9835106382978723
amplify,t,0.5,wrong_loss,1,0.08670212765957445,0.08670212765957445,0.08670212765957445,0.06436170212765958,0.11170212765957446,0.06436170212765958,0.11170212765957446
amplify,t,0.5,fn_loss,1,0.040957446808510635,0.040957446808510635,0.040957446808510635,0.025,0.059574468085106386,0.025,0.059574468085106386
amplify,t,0.5,fp_loss,1,0.04574468085106384,0.04574468085106384,0.04574468085106384,0.028723404255319152,0.06492021276595755,0.028723404255319152,0.06492021276595755
amplify,t,0.5,error_among_reports,1,0.08742004264392324,0.08742004264392324,0.08742004264392324,0.06468462879274742,0.11285307792018837,0.06468462879274742,0.11285307792018837
amplify,t,0.5,fn_among_reports,1,0.04157782515991471,0.04157782515991471,0.04157782515991471,0.02531645569620253,0.0607382787025517,0.02531645569620253,0.0607382787025517
amplify,t,0.5,wells_ratio,1,0.41705840455840454,0.41705840455840454,0.41705840455840454,0.4041362015103132,0.42965496793177227,0.4041362015103132,0.42965496793177227
amplify,t,0.5,full_measure_share,1,0.02797927461139893,0.02797927461139893,0.02797927461139893,0.016494845360824795,0.04102564102564099,0.016494845360824795,0.04102564102564099
amplify,t,0.5,full_coverage_wrong_loss,1,0.09840425531914894,0.09840425531914894,0.09840425531914894,0.075,0.12448138297872346,0.075,0.12448138297872346
amplify,t,0.5,full_coverage_fn_loss,1,0.048404255319148944,0.048404255319148944,0.048404255319148944,0.030851063829787237,0.06861702127659575,0.030851063829787237,0.06861702127659575
amplify,t,0.5,full_coverage_fp_loss,1,0.05,0.05,0.05,0.03297872340425532,0.0702127659574468,0.03297872340425532,0.0702127659574468
amplify,t,0.5,diff_report_rate,1,0.12322695035460991,0.12322695035460991,0.12322695035460991,0.08865248226950354,0.15886524822695033,0.08865248226950354,0.15886524822695033
amplify,t,0.5,diff_wrong_loss,1,0.00797872340425532,0.00797872340425532,0.00797872340425532,-0.02074468085106383,0.03617021276595745,-0.02074468085106383,0.03617021276595745
amplify,t,0.5,diff_fn_loss,1,-0.03776595744680852,-0.03776595744680852,-0.03776595744680852,-0.05904255319148936,-0.019148936170212762,-0.05904255319148936,-0.019148936170212762
amplify,t,0.5,diff_fp_loss,1,0.04574468085106384,0.04574468085106384,0.04574468085106384,0.028723404255319152,0.06492021276595755,0.028723404255319152,0.06492021276595755
amplify,t,0.5,diff_wells_ratio,1,-0.06381766381766382,-0.06381766381766382,-0.06381766381766382,-0.08358779112664096,-0.04593205211089561,-0.08358779112664096,-0.04593205211089561
amplify,t,0.5,diff_cost_savings,1,0.13271124935199585,0.13271124935199585,0.13271124935199585,0.09947423884190557,0.1658091472639783,0.09947423884190557,0.1658091472639783
amplify,t,0.5,lambda_fold1,1,-1.0,-1.0,-1.0,,,,
amplify,t,0.5,releases_nothing_fold1,1,0.0,0.0,0.0,,,,
amplify,t,0.5,lambda_fold2,1,0.02,0.02,0.02,,,,
amplify,t,0.5,releases_nothing_fold2,1,0.0,0.0,0.0,,,,
amplify,t,0.5,lambda_fold3,1,0.04,0.04,0.04,,,,
amplify,t,0.5,releases_nothing_fold3,1,0.0,0.0,0.0,,,,
amplify,t,0.5,lambda_fold4,1,0.02,0.02,0.02,,,,
amplify,t,0.5,releases_nothing_fold4,1,0.0,0.0,0.0,,,,
amplify,t,0.75,reports,1,945.0,945.0,945.0,922.0,974.0,922.0,974.0
amplify,t,0.75,fn,1,27.0,27.0,27.0,14.0,42.0,14.0,42.0
amplify,t,0.75,fp,1,58.0,58.0,58.0,39.0,80.0,39.0,80.0
amplify,t,0.75,wrong,1,85.0,85.0,85.0,62.0,109.0,62.0,109.0
amplify,t,0.75,wells_used,1,11707.0,11707.0,11707.0,10847.95,12684.025,10847.95,12684.025
amplify,t,0.75,wells_full,1,28080.0,28080.0,28080.0,25880.0,30505.125,25880.0,30505.125
amplify,t,0.75,report_rate,1,0.9797872340425531,0.9797872340425531,0.9797872340425531,0.9691489361702127,0.9893617021276596,0.9691489361702127,0.9893617021276596
amplify,t,0.75,wrong_loss,1,0.0898936170212766,0.0898936170212766,0.0898936170212766,0.06595744680851064,0.11542553191489363,0.06595744680851064,0.11542553191489363
amplify,t,0.75,fn_loss,1,0.02819148936170213,0.02819148936170213,0.02819148936170213,0.014893617021276596,0.04414893617021277,0.014893617021276596,0.04414893617021277
amplify,t,0.75,fp_loss,1,0.06170212765957447,0.06170212765957447,0.06170212765957447,0.04148936170212766,0.0851063829787234,0.04148936170212766,0.0851063829787234
amplify,t,0.75,error_among_reports,1,0.08994708994708994,0.08994708994708994,0.08994708994708994,0.06573177542159576,0.11542600196524802,0.06573177542159576,0.11542600196524802
amplify,t,0.75,fn_among_reports,1,0.02857142857142857,0.02857142857142857,0.02857142857142857,0.015085800916818234,0.044538706256627786,0.015085800916818234,0.044538706256627786
amplify,t,0.75,wells_ratio,1,0.4169159544159544,0.4169159544159544,0.4169159544159544,0.4036700673218202,0.4299608980796309,0.4036700673218202,0.4299608980796309
amplify,t,0.75,full_measure_share,1,0.020725388601036232,0.020725388601036232,0.020725388601036232,0.01134020618556697,0.03174725274725275,0.01134020618556697,0.03174725274725275
amplify,t,0.75,full_coverage_wrong_loss,1,0.09521276595744681,0.09521276595744681,0.09521276595744681,0.07021276595744681,0.12180851063829788,0.07021276595744681,0.12180851063829788
amplify,t,0.75,full_coverage_fn_loss,1,0.02925531914893617,0.02925531914893617,0.02925531914893617,0.01595744680851064,0.04521276595744681,0.01595744680851064,0.04521276595744681
amplify,t,0.75,full_coverage_fp_loss,1,0.06595744680851065,0.06595744680851065,0.06595744680851065,0.04361702127659575,0.09148936170212765,0.04361702127659575,0.09148936170212765
amplify,t,0.75,diff_report_rate,1,0.13120567375886524,0.13120567375886524,0.13120567375886524,0.09644946808510639,0.16666666666666666,0.09644946808510639,0.16666666666666666
amplify,t,0.75,diff_wrong_loss,1,0.011170212765957447,0.011170212765957447,0.011170212765957447,-0.020757978723404256,0.04414893617021277,-0.020757978723404256,0.04414893617021277
amplify,t,0.75,diff_fn_loss,1,-0.05053191489361702,-0.05053191489361702,-0.05053191489361702,-0.0723404255319149,-0.03031914893617022,-0.0723404255319149,-0.03031914893617022
amplify,t,0.75,diff_fp_loss,1,0.06170212765957447,0.06170212765957447,0.06170212765957447,0.04148936170212766,0.0851063829787234,0.04148936170212766,0.0851063829787234
amplify,t,0.75,diff_wells_ratio,1,-0.06396011396011396,-0.06396011396011396,-0.06396011396011396,-0.0837764703070289,-0.04577100188522023,-0.0837764703070289,-0.04577100188522023
amplify,t,0.75,diff_cost_savings,1,0.1330074798192994,0.1330074798192994,0.1330074798192994,0.09857238459181249,0.16627819908518013,0.09857238459181249,0.16627819908518013
amplify,t,0.75,lambda_fold1,1,0.01,0.01,0.01,,,,
amplify,t,0.75,releases_nothing_fold1,1,0.0,0.0,0.0,,,,
amplify,t,0.75,lambda_fold2,1,0.03,0.03,0.03,,,,
amplify,t,0.75,releases_nothing_fold2,1,0.0,0.0,0.0,,,,
amplify,t,0.75,lambda_fold3,1,-1.0,-1.0,-1.0,,,,
amplify,t,0.75,releases_nothing_fold3,1,0.0,0.0,0.0,,,,
amplify,t,0.75,lambda_fold4,1,0.04,0.04,0.04,,,,
amplify,t,0.75,releases_nothing_fold4,1,0.0,0.0,0.0,,,,
amplify,t,1,reports,1,884.0,884.0,884.0,851.0,920.0,851.0,920.0
amplify,t,1,fn,1,16.0,16.0,16.0,7.0,28.0,7.0,28.0
amplify,t,1,fp,1,67.0,67.0,67.0,44.0,93.0,44.0,93.0
amplify,t,1,wrong,1,83.0,83.0,83.0,59.0,109.0,59.0,109.0
amplify,t,1,wells_used,1,12534.0,12534.0,12534.0,11596.975,13615.1,11596.975,13615.1
amplify,t,1,wells_full,1,28080.0,28080.0,28080.0,25880.0,30505.125,25880.0,30505.125
amplify,t,1,report_rate,1,0.9159574468085108,0.9159574468085108,0.9159574468085108,0.8898936170212767,0.9414893617021277,0.8898936170212767,0.9414893617021277
amplify,t,1,wrong_loss,1,0.08829787234042553,0.08829787234042553,0.08829787234042553,0.06276595744680852,0.11595744680851064,0.06276595744680852,0.11595744680851064
amplify,t,1,fn_loss,1,0.01702127659574468,0.01702127659574468,0.01702127659574468,0.007446808510638297,0.029787234042553193,0.007446808510638297,0.029787234042553193
amplify,t,1,fp_loss,1,0.07127659574468084,0.07127659574468084,0.07127659574468084,0.04680851063829788,0.09893617021276596,0.04680851063829788,0.09893617021276596
amplify,t,1,error_among_reports,1,0.09389140271493213,0.09389140271493213,0.09389140271493213,0.06546195391292146,0.1245712010294314,0.06546195391292146,0.1245712010294314
amplify,t,1,fn_among_reports,1,0.01809954751131222,0.01809954751131222,0.01809954751131222,0.007760532150776054,0.03156708004509583,0.007760532150776054,0.03156708004509583
amplify,t,1,wells_ratio,1,0.4463675213675214,0.4463675213675214,0.4463675213675214,0.4274519378464804,0.46604633764439,0.4274519378464804,0.46604633764439
amplify,t,1,full_measure_share,1,0.0839378238341969,0.0839378238341969,0.0839378238341969,0.05918076557047694,0.11005411255411257,0.05918076557047694,0.11005411255411257
amplify,t,1,full_coverage_wrong_loss,1,0.11436170212765957,0.11436170212765957,0.11436170212765957,0.08297872340425531,0.1478723404255319,0.08297872340425531,0.1478723404255319
amplify,t,1,full_coverage_fn_loss,1,0.02287234042553192,0.02287234042553192,0.02287234042553192,0.011688829787234045,0.03670212765957447,0.011688829787234045,0.03670212765957447
amplify,t,1,full_coverage_fp_loss,1,0.09148936170212768,0.09148936170212768,0.09148936170212768,0.061702127659574474,0.12340425531914895,0.061702127659574474,0.12340425531914895
amplify,t,1,diff_report_rate,1,0.0673758865248227,0.0673758865248227,0.0673758865248227,0.03226063829787233,0.10319148936170212,0.03226063829787233,0.10319148936170212
amplify,t,1,diff_wrong_loss,1,0.009574468085106385,0.009574468085106385,0.009574468085106385,-0.026595744680851064,0.04680851063829788,-0.026595744680851064,0.04680851063829788
amplify,t,1,diff_fn_loss,1,-0.061702127659574474,-0.061702127659574474,-0.061702127659574474,-0.0851063829787234,-0.04148936170212766,-0.0851063829787234,-0.04148936170212766
amplify,t,1,diff_fp_loss,1,0.07127659574468084,0.07127659574468084,0.07127659574468084,0.04680851063829788,0.09893617021276596,0.04680851063829788,0.09893617021276596
amplify,t,1,diff_wells_ratio,1,-0.03450854700854701,-0.03450854700854701,-0.03450854700854701,-0.05443362109161108,-0.01478511243866473,-0.05443362109161108,-0.01478511243866473
amplify,t,1,diff_cost_savings,1,0.07176183070428799,0.07176183070428799,0.07176183070428799,0.03133886980900638,0.1091572244209894,0.03133886980900638,0.1091572244209894
amplify,t,1,lambda_fold1,1,0.05,0.05,0.05,,,,
amplify,t,1,releases_nothing_fold1,1,0.0,0.0,0.0,,,,
amplify,t,1,lambda_fold2,1,0.07,0.07,0.07,,,,
amplify,t,1,releases_nothing_fold2,1,0.0,0.0,0.0,,,,
amplify,t,1,lambda_fold3,1,0.05,0.05,0.05,,,,
amplify,t,1,releases_nothing_fold3,1,0.0,0.0,0.0,,,,
amplify,t,1,lambda_fold4,1,0.1,0.1,0.1,,,,
amplify,t,1,releases_nothing_fold4,1,0.0,0.0,0.0,,,,
shuffle,endpoint,shuffle,reports,5,753.0,730.0,799.0,706.0,800.0250000000001,679.0,843.0
shuffle,endpoint,shuffle,fn,5,10.0,4.0,18.0,4.0,18.0,0.0,27.0
shuffle,endpoint,shuffle,fp,5,80.0,68.0,89.0,49.0,116.0,39.97500000000001,126.0
shuffle,endpoint,shuffle,wrong,5,90.0,72.0,107.0,56.97500000000001,126.0,43.97500000000001,144.0
shuffle,endpoint,shuffle,wells_used,5,14630.0,13812.0,15332.0,13525.925,15948.300000000001,12762.0,17149.025
shuffle,endpoint,shuffle,wells_full,5,28080.0,28080.0,28080.0,25880.0,30505.125,25880.0,30505.125
shuffle,endpoint,shuffle,report_rate,5,0.7803191489361702,0.7560283687943262,0.8271276595744681,0.7345744680851064,0.8250000000000001,0.7079742907801418,0.8659574468085105
shuffle,endpoint,shuffle,wrong_loss,5,0.09308510638297872,0.07553191489361702,0.10957446808510639,0.05851063829787234,0.13085106382978723,0.045744680851063826,0.14628989361702135
shuffle,endpoint,shuffle,fn_loss,5,0.009574468085106383,0.00425531914893617,0.018617021276595744,0.003191489361702128,0.01702127659574468,0.0,0.027672872340425585
shuffle,endpoint,shuffle,fp_loss,5,0.08351063829787235,0.07127659574468086,0.09095744680851063,0.05053191489361702,0.12074468085106382,0.04148936170212766,0.12819148936170213
shuffle,endpoint,shuffle,error_among_reports,5,0.11952191235059761,0.09863013698630137,0.13391739674593242,0.07609970510508857,0.16854138521862336,0.059158513515081876,0.17918439785613433
shuffle,endpoint,shuffle,fn_among_reports,5,0.013280212483399735,0.005479452054794521,0.02252816020025031,0.0051544733245764175,0.023968589019354666,0.0,0.03383507597117794
shuffle,endpoint,shuffle,wells_ratio,5,0.521011396011396,0.49188034188034185,0.546011396011396,0.490774125462517,0.552424038294236,0.4657691907951981,0.5855647886384509
shuffle,endpoint,shuffle,full_measure_share,5,0.21968911917098444,0.17202072538860103,0.24352331606217614,0.17500000000000004,0.26566408768536437,0.13400200374031523,0.29158745348219034
shuffle,endpoint,shuffle,full_coverage_wrong_loss,5,0.1946808510638298,0.18031914893617024,0.2069148936170213,0.15212765957446808,0.23884308510638305,0.1377659574468085,0.2553191489361702
shuffle,endpoint,shuffle,full_coverage_fn_loss,5,0.06489361702127659,0.05159574468085106,0.0700354609929078,0.04468085106382979,0.0872340425531915,0.034574468085106384,0.0925531914893617
shuffle,endpoint,shuffle,full_coverage_fp_loss,5,0.12872340425531917,0.12393617021276598,0.13936170212765958,0.08829787234042552,0.17340425531914894,0.08349734042553192,0.18617021276595744
shuffle,endpoint,shuffle,diff_report_rate,5,-0.06826241134751773,-0.0925531914893617,-0.021453900709219858,-0.1074468085106383,-0.030137411347517712,-0.13882978723404257,0.02358599290780143
shuffle,endpoint,shuffle,diff_wrong_loss,5,0.014361702127659573,-0.0031914893617021305,0.03085106382978723,-0.031914893617021274,0.061170212765957445,-0.04470744680851064,0.07553191489361703
shuffle,endpoint,shuffle,diff_fn_loss,5,-0.06914893617021277,-0.07446808510638298,-0.06010638297872341,-0.09468085106382979,-0.04680851063829788,-0.10106382978723404,-0.03723404255319149
shuffle,endpoint,shuffle,diff_fp_loss,5,0.08351063829787235,0.07127659574468086,0.09095744680851063,0.05053191489361702,0.12074468085106382,0.04148936170212766,0.12819148936170213
shuffle,endpoint,shuffle,diff_wells_ratio,5,0.040135327635327636,0.011004273504273505,0.06513532763532763,0.019486073184052433,0.06425136357368286,-0.0161359650753153,0.10287763318545032
shuffle,endpoint,shuffle,diff_cost_savings,5,-0.08346293416277861,-0.1354513811745539,-0.02288380359920028,-0.1364804010851662,-0.040298786402502146,-0.21793179828607206,0.03248491408742739
shuffle,endpoint,shuffle,lambda_fold1,5,0.25,0.04,0.28,,,,
shuffle,endpoint,shuffle,releases_nothing_fold1,5,0.0,0.0,0.0,,,,
shuffle,endpoint,shuffle,lambda_fold2,5,0.19,0.15,0.24,,,,
shuffle,endpoint,shuffle,releases_nothing_fold2,5,0.0,0.0,0.0,,,,
shuffle,endpoint,shuffle,lambda_fold3,5,0.23,0.16,0.27,,,,
shuffle,endpoint,shuffle,releases_nothing_fold3,5,0.0,0.0,0.0,,,,
shuffle,endpoint,shuffle,lambda_fold4,5,0.22,0.14,0.29,,,,
shuffle,endpoint,shuffle,releases_nothing_fold4,5,0.0,0.0,0.0,,,,
measured_only,horizontal,all,reports,0,818.0,818.0,818.0,779.0,860.0,779.0,860.0
measured_only,horizontal,all,fn,0,75.0,75.0,75.0,52.0,101.0,52.0,101.0
measured_only,horizontal,all,fp,0,0.0,0.0,0.0,0.0,0.0,0.0,0.0
measured_only,horizontal,all,wrong,0,75.0,75.0,75.0,52.0,101.0,52.0,101.0
measured_only,horizontal,all,wells_used,0,13503.0,13503.0,13503.0,12460.975,14626.0,12460.975,14626.0
measured_only,horizontal,all,wells_full,0,28080.0,28080.0,28080.0,25880.0,30505.125,25880.0,30505.125
measured_only,horizontal,all,report_rate,0,0.848581560283688,0.848581560283688,0.848581560283688,0.812406914893617,0.8840425531914893,0.812406914893617,0.8840425531914893
measured_only,horizontal,all,wrong_loss,0,0.07872340425531915,0.07872340425531915,0.07872340425531915,0.055319148936170216,0.10638297872340426,0.055319148936170216,0.10638297872340426
measured_only,horizontal,all,fn_loss,0,0.07872340425531915,0.07872340425531915,0.07872340425531915,0.055319148936170216,0.10638297872340426,0.055319148936170216,0.10638297872340426
measured_only,horizontal,all,fp_loss,0,0.0,0.0,0.0,0.0,0.0,0.0,0.0
measured_only,horizontal,all,error_among_reports,0,0.09168704156479218,0.09168704156479218,0.09168704156479218,0.06398467780047622,0.123254151540837,0.06398467780047622,0.123254151540837
measured_only,horizontal,all,fn_among_reports,0,0.09168704156479218,0.09168704156479218,0.09168704156479218,0.06398467780047622,0.123254151540837,0.06398467780047622,0.123254151540837
measured_only,horizontal,all,wells_ratio,0,0.4808760683760684,0.4808760683760684,0.4808760683760684,0.45697891816921726,0.5065830936671741,0.45697891816921726,0.5065830936671741
measured_only,horizontal,all,full_measure_share,0,0.15233160621761654,0.15233160621761654,0.15233160621761654,0.11752413680248734,0.18762886597938144,0.11752413680248734,0.18762886597938144
measured_only,horizontal,all,full_coverage_wrong_loss,0,0.1476950354609929,0.1476950354609929,0.1476950354609929,0.11684397163120569,0.1822739361702128,0.11684397163120569,0.1822739361702128
measured_only,horizontal,all,full_coverage_fn_loss,0,0.1476950354609929,0.1476950354609929,0.1476950354609929,0.11684397163120569,0.1822739361702128,0.11684397163120569,0.1822739361702128
measured_only,horizontal,all,full_coverage_fp_loss,0,0.0,0.0,0.0,0.0,0.0,0.0,0.0
observed_active_fallback,horizontal,all,reports,0,583.0,583.0,583.0,523.0,641.0250000000001,523.0,641.0250000000001
observed_active_fallback,horizontal,all,fn,0,0.0,0.0,0.0,0.0,0.0,0.0,0.0
observed_active_fallback,horizontal,all,fp,0,0.0,0.0,0.0,0.0,0.0,0.0,0.0
observed_active_fallback,horizontal,all,wrong,0,0.0,0.0,0.0,0.0,0.0,0.0,0.0
observed_active_fallback,horizontal,all,wells_used,0,17653.0,17653.0,17653.0,15990.875,19597.125,15990.875,19597.125
observed_active_fallback,horizontal,all,wells_full,0,28080.0,28080.0,28080.0,25880.0,30505.125,25880.0,30505.125
observed_active_fallback,horizontal,all,report_rate,0,0.603368794326241,0.603368794326241,0.603368794326241,0.5462765957446809,0.6602836879432624,0.5462765957446809,0.6602836879432624
observed_active_fallback,horizontal,all,wrong_loss,0,0.0,0.0,0.0,0.0,0.0,0.0,0.0
observed_active_fallback,horizontal,all,fn_loss,0,0.0,0.0,0.0,0.0,0.0,0.0,0.0
observed_active_fallback,horizontal,all,fp_loss,0,0.0,0.0,0.0,0.0,0.0,0.0,0.0
observed_active_fallback,horizontal,all,error_among_reports,0,0.0,0.0,0.0,0.0,0.0,0.0,0.0
observed_active_fallback,horizontal,all,fn_among_reports,0,0.0,0.0,0.0,0.0,0.0,0.0,0.0
observed_active_fallback,horizontal,all,wells_ratio,0,0.6286680911680912,0.6286680911680912,0.6286680911680912,0.5865343672247256,0.6724784026911573,0.5865343672247256,0.6724784026911573
observed_active_fallback,horizontal,all,full_measure_share,0,0.3958549222797928,0.3958549222797928,0.3958549222797928,0.3390726787225042,0.4544549846170454,0.3390726787225042,0.4544549846170454
observed_active_fallback,horizontal,all,full_coverage_wrong_loss,0,0.1625886524822695,0.1625886524822695,0.1625886524822695,0.13014184397163123,0.1976994680851064,0.13014184397163123,0.1976994680851064
observed_active_fallback,horizontal,all,full_coverage_fn_loss,0,0.1625886524822695,0.1625886524822695,0.1625886524822695,0.13014184397163123,0.1976994680851064,0.13014184397163123,0.1976994680851064
observed_active_fallback,horizontal,all,full_coverage_fp_loss,0,0.0,0.0,0.0,0.0,0.0,0.0,0.0
loglinear_interpolation,horizontal,all,reports,0,816.0,816.0,816.0,777.0,858.0,777.0,858.0
loglinear_interpolation,horizontal,all,fn,0,74.0,74.0,74.0,51.0,100.0,51.0,100.0
loglinear_interpolation,horizontal,all,fp,0,0.0,0.0,0.0,0.0,0.0,0.0,0.0
loglinear_interpolation,horizontal,all,wrong,0,74.0,74.0,74.0,51.0,100.0,51.0,100.0
loglinear_interpolation,horizontal,all,wells_used,0,13539.0,13539.0,13539.0,12503.975,14674.175000000001,12503.975,14674.175000000001
loglinear_interpolation,horizontal,all,wells_full,0,28080.0,28080.0,28080.0,25880.0,30505.125,25880.0,30505.125
loglinear_interpolation,horizontal,all,report_rate,0,0.8464539007092198,0.8464539007092198,0.8464539007092198,0.8097517730496455,0.8820921985815602,0.8097517730496455,0.8820921985815602
loglinear_interpolation,horizontal,all,wrong_loss,0,0.07765957446808511,0.07765957446808511,0.07765957446808511,0.054255319148936165,0.10531914893617021,0.054255319148936165,0.10531914893617021
loglinear_interpolation,horizontal,all,fn_loss,0,0.07765957446808511,0.07765957446808511,0.07765957446808511,0.054255319148936165,0.10531914893617021,0.054255319148936165,0.10531914893617021
loglinear_interpolation,horizontal,all,fp_loss,0,0.0,0.0,0.0,0.0,0.0,0.0,0.0
loglinear_interpolation,horizontal,all,error_among_reports,0,0.09068627450980392,0.09068627450980392,0.09068627450980392,0.06297141146007645,0.12219784564716475,0.06297141146007645,0.12219784564716475
loglinear_interpolation,horizontal,all,fn_among_reports,0,0.09068627450980392,0.09068627450980392,0.09068627450980392,0.06297141146007645,0.12219784564716475,0.06297141146007645,0.12219784564716475
loglinear_interpolation,horizontal,all,wells_ratio,0,0.48215811965811967,0.48215811965811967,0.48215811965811967,0.4581617877674845,0.5077791313211021,0.4581617877674845,0.5077791313211021
loglinear_interpolation,horizontal,all,full_measure_share,0,0.15440414507772016,0.15440414507772016,0.15440414507772016,0.11897435897435893,0.190527555800496,0.11897435897435893,0.190527555800496
loglinear_interpolation,horizontal,all,full_coverage_wrong_loss,0,0.1476950354609929,0.1476950354609929,0.1476950354609929,0.11684397163120569,0.1822739361702128,0.11684397163120569,0.1822739361702128
loglinear_interpolation,horizontal,all,full_coverage_fn_loss,0,0.1476950354609929,0.1476950354609929,0.1476950354609929,0.11684397163120569,0.1822739361702128,0.11684397163120569,0.1822739361702128
loglinear_interpolation,horizontal,all,full_coverage_fp_loss,0,0.0,0.0,0.0,0.0,0.0,0.0,0.0
