chemical,fold,stage,reason,identity_cluster
1-Ethyl-3-methyl-1H-imidazol-3-ium diethyl phosphate,0,primary,development fold,spid:EX000278
"1H,1H,2H,2H-Perfluorooctyl iodide",0,primary,development fold,spid:TP0001413A04
"2,2',4,4',5,5'-Hexabromodiphenyl ether",0,primary,development fold,spid:EX000284
"2,2',4,4',5-Pentabromodiphenyl ether",0,primary,development fold,spid:EX000283
"2,2',4,4'-Tetrabromodiphenyl ether",0,primary,development fold,spid:EX000285
2-Methoxyethanol,0,primary,development fold,spid:EX000282
"3,3'-Iminobispropanenitrile",0,primary,development fold,spid:EX000287
4H-Cyclopenta(def)phenanthrene,0,primary,development fold,spid:EX000289
6-Propyl-2-thiouracil,0,primary,development fold,spid:EX000421
Acrylamide,0,primary,development fold,spid:EX000427
Aldrin,0,primary,development fold,spid:TP0001649G11
Benz(a)anthracene,0,primary,development fold,spid:TP0001649B04
"Benzo[g,h,i]perylene",0,primary,development fold,spid:EX000308
Boric acid (H3BO3),0,primary,development fold,spid:TP0001649F05
Boscalid,0,primary,development fold,spid:EPAPLT0167D05
CP-457920,0,primary,development fold,spid:TP0001649C04
Chlorpyrifos,0,primary,development fold,spid:EX000384
Cyfluthrin,0,primary,development fold,spid:EPAPLT0167F10
Cytarabine,0,primary,development fold,spid:EPAPLT0167E09
"Dibenz[a,h]anthracene",0,primary,development fold,spid:EX000326
Disulfoton,0,primary,development fold,spid:EPAPLT0167C04
Enadoline,0,primary,development fold,spid:TP0001649C12
Erythromycin,0,primary,development fold,spid:TP0001649D07
Ethoprop,0,primary,development fold,spid:ES216_EX000035
Fenamiphos,0,primary,development fold,spid:ES216_EX000038
Fluconazole,0,primary,development fold,spid:EX000462
Flufenacet,0,primary,development fold,spid:EPAPLT0167E04
Fluoxastrobin,0,primary,development fold,spid:ES216_EX000042
Fluoxetine hydrochloride,0,primary,development fold,spid:EX000468
Flusilazole,0,primary,development fold,spid:EX000518
Glyphosate,0,primary,development fold,spid:MEA20201109A10
Hydroxyurea,0,primary,development fold,spid:EX000446
Isoniazid,0,primary,development fold,spid:EX000441
L-Domoic acid,0,primary,development fold,spid:EX000487
Lactofen,0,primary,development fold,spid:EX000520
Lovastatin,0,primary,development fold,spid:TP0001649D08
Methadone hydrochloride,0,primary,development fold,spid:TP0001649D10
Methotrexate,0,primary,development fold,spid:EX000445
Naphthalene,0,primary,development fold,spid:EX000344
Omethoate,0,primary,development fold,spid:TT0000177C04
Phenobarbital,4,identity_sensitivity_only,parent identity also occurs in training as Phenobarbital sodium fold 0,spid:EX000348
Phenobarbital sodium,0,primary,development fold,spid:EX000348
Pirimiphos-methyl,0,primary,development fold,spid:TT0000177D03
Pyraclostrobin,0,primary,development fold,spid:ES216_EX000073
Sodium benzoate,0,primary,development fold,spid:EX000458
Spirodiclofen,0,primary,development fold,spid:EPAPLT0167D04
Thiacloprid,0,primary,development fold,spid:TP0001649E07
Triclosan,0,primary,development fold,spid:TP0001649H12
Triethyltin bromide,0,primary,development fold,spid:EX000473
"p,p'-DDE",0,primary,development fold,spid:TP0001649C02
