chemical,fold,k,method,label,curve_mae,well_mae
1-Methyl-4-phenylpyridinium iodide,3,3,designreplay,positive,1.196009405133054,1.522785649349558
1-Methyl-4-phenylpyridinium iodide,3,3,loglinear_interp,positive,1.3654951572418212,1.6664156436920166
1-Methyl-4-phenylpyridinium iodide,3,3,hill_per_endpoint,positive,1.4388287544250489,1.707387638092041
1-Methyl-4-phenylpyridinium iodide,3,3,analog_knn,positive,1.3009254455566406,1.6248537063598634
"2-Ethylhexyl 2,3,4,5-tetrabromobenzoate",3,3,designreplay,unknown,1.760361622574321,2.2755381441251052
"2-Ethylhexyl 2,3,4,5-tetrabromobenzoate",3,3,loglinear_interp,unknown,1.9492408514022828,2.4338863849639893
"2-Ethylhexyl 2,3,4,5-tetrabromobenzoate",3,3,hill_per_endpoint,unknown,2.2484651803970337,2.687555170059204
"2-Ethylhexyl 2,3,4,5-tetrabromobenzoate",3,3,analog_knn,unknown,1.7208717346191407,2.2488380670547485
3-Iodo-2-propynyl-N-butylcarbamate,3,3,designreplay,unknown,1.0827445482377978,2.0060348318772254
3-Iodo-2-propynyl-N-butylcarbamate,3,3,loglinear_interp,unknown,1.3593316674232483,2.211490774154663
3-Iodo-2-propynyl-N-butylcarbamate,3,3,hill_per_endpoint,unknown,1.6756445050239563,2.4323039054870605
3-Iodo-2-propynyl-N-butylcarbamate,3,3,analog_knn,unknown,1.2292746901512146,2.1138777494430543
"5,5-Diphenylhydantoin",3,3,designreplay,positive,0.889518911003129,1.350876062985615
"5,5-Diphenylhydantoin",3,3,loglinear_interp,positive,1.0555769085884095,1.4489882946014405
"5,5-Diphenylhydantoin",3,3,hill_per_endpoint,positive,1.118169355392456,1.5170301914215087
"5,5-Diphenylhydantoin",3,3,analog_knn,positive,0.9961420655250549,1.438959550857544
6-Methyl-2-thiouracil,3,3,designreplay,positive,1.0504513019744426,1.5577545136499455
6-Methyl-2-thiouracil,3,3,loglinear_interp,positive,1.2015169382095336,1.6683842420578003
6-Methyl-2-thiouracil,3,3,hill_per_endpoint,positive,1.4453244805335999,1.8697059869766235
6-Methyl-2-thiouracil,3,3,analog_knn,positive,1.2152641773223878,1.678749966621399
Acenaphthene,3,3,designreplay,unknown,0.7888285670413789,1.4384378284613706
Acenaphthene,3,3,loglinear_interp,unknown,0.9908586740493774,1.5613617897033691
Acenaphthene,3,3,hill_per_endpoint,unknown,1.2955279231071473,1.8529615879058838
Acenaphthene,3,3,analog_knn,unknown,0.8929868459701538,1.5058772325515748
Allethrin,3,3,designreplay,positive,1.1101697980848262,1.7066137140092656
Allethrin,3,3,loglinear_interp,positive,1.3232736110687255,1.859713649749756
Allethrin,3,3,hill_per_endpoint,positive,1.5878268480300903,2.0566072940826414
Allethrin,3,3,analog_knn,positive,1.2707679510116576,1.8449280261993408
Anthracene,3,3,designreplay,negative,0.8310978988203157,1.336808827462669
Anthracene,3,3,loglinear_interp,negative,0.8569344401359558,1.349503993988037
Anthracene,3,3,hill_per_endpoint,negative,1.321443462371826,1.757204532623291
Anthracene,3,3,analog_knn,negative,0.9918302893638611,1.4613781690597534
Benzo(b)fluoranthene,3,3,designreplay,unknown,0.8879702446718687,1.4582154241753753
Benzo(b)fluoranthene,3,3,loglinear_interp,unknown,1.0577587604522705,1.5952355146408081
Benzo(b)fluoranthene,3,3,hill_per_endpoint,unknown,1.0837324380874633,1.6010467767715455
Benzo(b)fluoranthene,3,3,analog_knn,unknown,1.1554988622665405,1.6292450666427611
Carbofuran,3,3,designreplay,unknown,1.0610399796960401,2.0345653973324596
Carbofuran,3,3,loglinear_interp,unknown,1.312494659423828,2.1459896564483643
Carbofuran,3,3,hill_per_endpoint,unknown,1.381774401664734,2.2270778894424437
Carbofuran,3,3,analog_knn,unknown,1.0233627915382386,2.0236199855804444
Chlorendic acid,3,3,designreplay,unknown,0.8503964719650264,1.3424774492924851
Chlorendic acid,3,3,loglinear_interp,unknown,0.9758339881896972,1.4247153043746947
Chlorendic acid,3,3,hill_per_endpoint,unknown,1.0556190013885498,1.5060693740844726
Chlorendic acid,3,3,analog_knn,unknown,0.9022986650466919,1.4058588027954102
Clodinafop-propargyl,3,3,designreplay,unknown,0.6880692006199155,1.195314213668726
Clodinafop-propargyl,3,3,loglinear_interp,unknown,0.8170647025108337,1.3018169403076172
Clodinafop-propargyl,3,3,hill_per_endpoint,unknown,0.8493924140930176,1.3196845293045043
Clodinafop-propargyl,3,3,analog_knn,unknown,0.7460685968399048,1.220851755142212
Cocaine,3,3,designreplay,positive,0.8497042210174598,1.6887994885010484
Cocaine,3,3,loglinear_interp,positive,0.8408230900764465,1.731947135925293
Cocaine,3,3,hill_per_endpoint,positive,0.8068530082702636,1.684257411956787
Cocaine,3,3,analog_knn,positive,1.285906147956848,1.8957684278488158
Colchicine,3,3,designreplay,positive,1.8427772751794744,1.926059061109407
Colchicine,3,3,loglinear_interp,positive,0.685353696346283,0.664583683013916
Colchicine,3,3,hill_per_endpoint,positive,0.6758162975311279,0.6577895760536194
Colchicine,3,3,analog_knn,positive,1.6287694454193116,1.7050450086593627
D-Mannitol,3,3,designreplay,negative,1.0642880276929914,1.3854283013861497
D-Mannitol,3,3,loglinear_interp,negative,1.210963773727417,1.5147539138793946
D-Mannitol,3,3,hill_per_endpoint,negative,1.280428981781006,1.5833562850952148
D-Mannitol,3,3,analog_knn,negative,1.0896357297897339,1.4313440322875977
DDT,3,3,designreplay,positive,1.1737556810982284,1.9501780322398126
DDT,3,3,loglinear_interp,positive,1.3894413590431214,2.1367049694061278
DDT,3,3,hill_per_endpoint,positive,1.4703948974609375,2.140176224708557
DDT,3,3,analog_knn,positive,1.3285982012748718,2.0410095930099486
Deltamethrin,3,3,designreplay,positive,1.4508425805778202,2.1804572689465793
Deltamethrin,3,3,loglinear_interp,positive,1.6127136945724487,2.3352988719940186
Deltamethrin,3,3,hill_per_endpoint,positive,1.734406042098999,2.363282871246338
Deltamethrin,3,3,analog_knn,positive,1.8444222450256347,2.489437627792358
Dexamethasone,3,3,designreplay,positive,0.967548877265634,1.4385642551894884
Dexamethasone,3,3,loglinear_interp,positive,1.0909937143325805,1.515027689933777
Dexamethasone,3,3,hill_per_endpoint,positive,1.0026726603507996,1.4701454877853393
Dexamethasone,3,3,analog_knn,positive,1.3076934576034547,1.670969581604004
"Dibenz[a,c]anthracene",3,3,designreplay,unknown,1.0343004771624513,1.5067197078956098
"Dibenz[a,c]anthracene",3,3,loglinear_interp,unknown,1.044998323917389,1.532429575920105
"Dibenz[a,c]anthracene",3,3,hill_per_endpoint,unknown,1.274913477897644,1.703260898590088
"Dibenz[a,c]anthracene",3,3,analog_knn,unknown,1.232071590423584,1.6674508333206177
Dicrotophos,3,3,designreplay,unknown,1.0946932489851655,1.5529060310318126
Dicrotophos,3,3,loglinear_interp,unknown,0.8994752168655396,1.3187620162963867
Dicrotophos,3,3,hill_per_endpoint,unknown,1.1771901726722718,1.5801394701004028
Dicrotophos,3,3,analog_knn,unknown,0.9379422783851623,1.3632571697235107
Emamectin benzoate,3,3,designreplay,unknown,1.6371365024296811,2.1219029176400093
Emamectin benzoate,3,3,loglinear_interp,unknown,2.183888864517212,2.5702574968338014
Emamectin benzoate,3,3,hill_per_endpoint,unknown,2.2949732542037964,2.683244466781616
Emamectin benzoate,3,3,analog_knn,unknown,2.0213094472885134,2.536910820007324
Es-fenvalerate,3,3,designreplay,unknown,0.9999016718612239,1.3535083224726292
Es-fenvalerate,3,3,loglinear_interp,unknown,1.1640184283256532,1.477401566505432
Es-fenvalerate,3,3,hill_per_endpoint,unknown,1.2026864051818849,1.5115580558776855
Es-fenvalerate,3,3,analog_knn,unknown,1.2207398772239686,1.5621376037597656
Esketamine hydrochloride,3,3,designreplay,unknown,1.1138916014069864,1.5638449656175764
Esketamine hydrochloride,3,3,loglinear_interp,unknown,1.1947998881340027,1.6217111110687257
Esketamine hydrochloride,3,3,hill_per_endpoint,unknown,1.3085530757904054,1.7220866680145264
Esketamine hydrochloride,3,3,analog_knn,unknown,1.3451817512512207,1.7487866878509521
Etofenprox,3,3,designreplay,unknown,1.0779381846769538,1.570640294501177
Etofenprox,3,3,loglinear_interp,unknown,1.223364496231079,1.6903569221496582
Etofenprox,3,3,hill_per_endpoint,unknown,1.2641135811805726,1.7013980865478515
Etofenprox,3,3,analog_knn,unknown,1.2463611483573913,1.6994648694992065
Fenpropathrin,3,3,designreplay,unknown,1.0634590244719522,1.4489436810749434
Fenpropathrin,3,3,loglinear_interp,unknown,1.42154541015625,1.7429825067520142
Fenpropathrin,3,3,hill_per_endpoint,unknown,1.3488460063934327,1.6778056621551514
Fenpropathrin,3,3,analog_knn,unknown,1.2360275149345399,1.6083280563354492
Firemaster 550,3,3,designreplay,unknown,1.0533947955067637,1.5735318283699633
Firemaster 550,3,3,loglinear_interp,unknown,1.2925780057907104,1.7474000215530396
Firemaster 550,3,3,hill_per_endpoint,unknown,1.3139981031417847,1.7511284828186036
Firemaster 550,3,3,analog_knn,unknown,1.1780202746391297,1.6488893270492553
Folic acid,3,3,designreplay,unknown,1.1223445644980228,1.6978121552539016
Folic acid,3,3,loglinear_interp,unknown,1.2198505878448487,1.7759238004684448
Folic acid,3,3,hill_per_endpoint,unknown,1.3166955947875976,1.8521071910858153
Folic acid,3,3,analog_knn,unknown,1.189936923980713,1.7444767951965332
Haloperidol,3,3,designreplay,positive,1.5444987646640795,1.9682675389545363
Haloperidol,3,3,loglinear_interp,positive,2.219180774688721,2.6291624546051025
Haloperidol,3,3,hill_per_endpoint,positive,2.226709771156311,2.573029136657715
Haloperidol,3,3,analog_knn,positive,2.0965415477752685,2.4546894311904905
Hexachlorophene,3,3,designreplay,positive,1.373689839100085,2.0072135848984063
Hexachlorophene,3,3,loglinear_interp,positive,2.412346911430359,2.936238193511963
Hexachlorophene,3,3,hill_per_endpoint,positive,2.0145365715026857,2.551354265213013
Hexachlorophene,3,3,analog_knn,positive,1.4860408067703248,2.1170602083206176
Lead(II) acetate trihydrate,3,3,designreplay,positive,1.8324580057785167,2.306195885738255
Lead(II) acetate trihydrate,3,3,loglinear_interp,positive,2.13029625415802,2.5859049558639526
Lead(II) acetate trihydrate,3,3,hill_per_endpoint,positive,2.3007887840270995,2.7161051273345946
Lead(II) acetate trihydrate,3,3,analog_knn,positive,1.9301526308059693,2.3330828189849853
Malathion,3,3,designreplay,unknown,1.170533238860881,1.619961677473031
Malathion,3,3,loglinear_interp,unknown,1.5976658105850219,1.9717569589614867
Malathion,3,3,hill_per_endpoint,unknown,1.726133441925049,2.0736706972122194
Malathion,3,3,analog_knn,unknown,1.420924186706543,1.82321937084198
Mancozeb,3,3,designreplay,unknown,0.7119099105410761,1.4345941126738935
Mancozeb,3,3,loglinear_interp,unknown,0.8742911458015442,1.5398860931396485
Mancozeb,3,3,hill_per_endpoint,unknown,0.922990870475769,1.56329185962677
Mancozeb,3,3,analog_knn,unknown,0.7991293430328369,1.4664694547653199
Manganese(II) acetate,3,3,designreplay,positive,0.7849837924657038,1.2073971300325164
Manganese(II) acetate,3,3,loglinear_interp,positive,0.8678163886070251,1.276262354850769
Manganese(II) acetate,3,3,hill_per_endpoint,positive,0.9338252186775208,1.312268853187561
Manganese(II) acetate,3,3,analog_knn,positive,0.8141711831092835,1.2225989818572998
Naloxone hydrochloride dihydrate,3,3,designreplay,positive,1.0176311984157942,1.3792007444441858
Naloxone hydrochloride dihydrate,3,3,loglinear_interp,positive,0.9856728672981262,1.3551518201828003
Naloxone hydrochloride dihydrate,3,3,hill_per_endpoint,positive,1.1962743759155274,1.554934597015381
Naloxone hydrochloride dihydrate,3,3,analog_knn,positive,1.1029507875442506,1.4361567974090577
Phenol,3,3,designreplay,negative,1.018155396368314,1.4657645013338887
Phenol,3,3,loglinear_interp,negative,1.0966943979263306,1.5158609390258788
Phenol,3,3,hill_per_endpoint,negative,1.2143873214721679,1.6242207765579224
Phenol,3,3,analog_knn,negative,1.0889211893081665,1.5400562286376953
Phorate,3,3,designreplay,unknown,1.1749647625886088,1.573977309313594
Phorate,3,3,loglinear_interp,unknown,1.5882363319396973,1.9935792922973632
Phorate,3,3,hill_per_endpoint,unknown,1.8431033134460448,2.1757601737976073
Phorate,3,3,analog_knn,unknown,1.5524564504623413,1.9191181659698486
Piperonyl butoxide,3,3,designreplay,unknown,1.1528147640697939,1.7500257435829005
Piperonyl butoxide,3,3,loglinear_interp,unknown,1.2752253770828248,1.8445696592330934
Piperonyl butoxide,3,3,hill_per_endpoint,unknown,1.3411214828491211,1.8721895456314086
Piperonyl butoxide,3,3,analog_knn,unknown,1.407575821876526,1.9068901777267455
Profenofos,3,3,designreplay,unknown,1.1473471518649263,1.8187742627641508
Profenofos,3,3,loglinear_interp,unknown,1.3365450859069825,1.9484121322631835
Profenofos,3,3,hill_per_endpoint,unknown,1.3151175498962402,1.9470145225524902
Profenofos,3,3,analog_knn,unknown,1.2222356796264648,1.8814326763153075
Pyrene,3,3,designreplay,unknown,0.635765302390903,1.4243068884875494
Pyrene,3,3,loglinear_interp,unknown,0.7252362012863159,1.489986491203308
Pyrene,3,3,hill_per_endpoint,unknown,0.7706887602806092,1.5197044372558595
Pyrene,3,3,analog_knn,unknown,0.7619974374771118,1.5004585027694701
S-Bioallethrin,3,3,designreplay,unknown,1.1486774258187702,1.536371759618685
S-Bioallethrin,3,3,loglinear_interp,unknown,1.3930347681045532,1.7504272699356078
S-Bioallethrin,3,3,hill_per_endpoint,unknown,1.4366474866867065,1.7911689043045045
S-Bioallethrin,3,3,analog_knn,unknown,1.1867859959602356,1.566690731048584
Simvastatin,3,3,designreplay,unknown,1.8072170288693985,2.860561775965382
Simvastatin,3,3,loglinear_interp,unknown,2.458623433113098,3.322144603729248
Simvastatin,3,3,hill_per_endpoint,unknown,2.6586845397949217,3.548918581008911
Simvastatin,3,3,analog_knn,unknown,1.861741590499878,2.944261169433594
Sodium fluoride,3,3,designreplay,positive,0.8405864992677099,1.3361341730479026
Sodium fluoride,3,3,loglinear_interp,positive,0.8671424984931946,1.3473850250244142
Sodium fluoride,3,3,hill_per_endpoint,positive,1.100194787979126,1.528592848777771
Sodium fluoride,3,3,analog_knn,positive,0.9300144433975219,1.4151924133300782
Spiroxamine,3,3,designreplay,unknown,1.8581089555842802,2.4526938747033973
Spiroxamine,3,3,loglinear_interp,unknown,2.411622428894043,2.966524600982666
Spiroxamine,3,3,hill_per_endpoint,unknown,2.2413645505905153,2.7542736530303955
Spiroxamine,3,3,analog_knn,unknown,2.3207414150238037,2.873632621765137
Tamoxifen,3,3,designreplay,unknown,1.3207197782276432,1.6226134629941495
Tamoxifen,3,3,loglinear_interp,unknown,1.3430928945541383,1.619840145111084
Tamoxifen,3,3,hill_per_endpoint,unknown,1.3906016588211059,1.6200613975524902
Tamoxifen,3,3,analog_knn,unknown,1.8341073751449586,2.0801972150802612
Tefluthrin,3,3,designreplay,unknown,1.0466845810129797,1.4263367218689398
Tefluthrin,3,3,loglinear_interp,unknown,1.4917206048965455,1.8527668714523315
Tefluthrin,3,3,hill_per_endpoint,unknown,1.328381109237671,1.6385154485702516
Tefluthrin,3,3,analog_knn,unknown,1.1199931859970094,1.4871269702911376
Tetracycline,3,3,designreplay,negative,0.8534538528645645,1.3041421760337648
Tetracycline,3,3,loglinear_interp,negative,0.8915209770202637,1.333066987991333
Tetracycline,3,3,hill_per_endpoint,negative,0.9927379012107849,1.441606593132019
Tetracycline,3,3,analog_knn,negative,1.0342597961425781,1.4392218351364137
Thiamethoxam,3,3,designreplay,unknown,0.7702564611063802,1.2195419458384897
Thiamethoxam,3,3,loglinear_interp,unknown,0.923947560787201,1.3298097848892212
Thiamethoxam,3,3,hill_per_endpoint,unknown,1.2848941445350648,1.66898193359375
Thiamethoxam,3,3,analog_knn,unknown,0.8676693081855774,1.2913491487503053
Tributyltin chloride,3,3,designreplay,positive,1.1290523206497012,1.9531374914763127
Tributyltin chloride,3,3,loglinear_interp,positive,1.7922595500946046,2.483586287498474
Tributyltin chloride,3,3,hill_per_endpoint,positive,1.9569064617156982,2.580393838882446
Tributyltin chloride,3,3,analog_knn,positive,1.4821532487869262,2.2037291288375855
Triphenyl phosphates isopropylated,3,3,designreplay,unknown,1.3423057510583243,1.8986896661333925
Triphenyl phosphates isopropylated,3,3,loglinear_interp,unknown,1.619925308227539,2.1077396392822267
Triphenyl phosphates isopropylated,3,3,hill_per_endpoint,unknown,1.7949593305587768,2.2233876943588258
Triphenyl phosphates isopropylated,3,3,analog_knn,unknown,1.335622501373291,1.8994489431381225
