population,stratum,policy,n_drugs,n_designs,initial_concentrations,final_concentrations,initial_wells,final_wells,full_wells,full_concentrations
all_recorded,all,highest_unobserved,194,970,2910,3880,11395.0,15077.0,28185.0,7135
all_recorded,all,model_disagreement,194,970,2910,3880,11395.0,15129.0,28185.0,7135
all_recorded,all,uniform_random,194,970,2910,3880,11395.0,15186.478174603175,28185.0,7135
all_recorded,all,fixed_maximin,194,970,2910,3880,11395.0,15083.0,28185.0,7135
all_recorded,all,none,194,970,2910,2910,11395.0,11395.0,28185.0,7135
all_recorded,top_dose_initially_measured=True,highest_unobserved,181,406,1218,1624,4777.0,6372.0,11661.0,2932
all_recorded,top_dose_initially_measured=True,model_disagreement,181,406,1218,1624,4777.0,6372.0,11661.0,2932
all_recorded,top_dose_initially_measured=True,uniform_random,181,406,1218,1624,4777.0,6389.644444444444,11661.0,2932
all_recorded,top_dose_initially_measured=True,fixed_maximin,181,406,1218,1624,4777.0,6346.0,11661.0,2932
all_recorded,top_dose_initially_measured=True,none,181,406,1218,1218,4777.0,4777.0,11661.0,2932
all_recorded,top_dose_initially_measured=False,highest_unobserved,191,564,1692,2256,6618.0,8705.0,16524.0,4203
all_recorded,top_dose_initially_measured=False,model_disagreement,191,564,1692,2256,6618.0,8757.0,16524.0,4203
all_recorded,top_dose_initially_measured=False,uniform_random,191,564,1692,2256,6618.0,8796.83373015873,16524.0,4203
all_recorded,top_dose_initially_measured=False,fixed_maximin,191,564,1692,2256,6618.0,8737.0,16524.0,4203
all_recorded,top_dose_initially_measured=False,none,191,564,1692,1692,6618.0,6618.0,16524.0,4203
common_identity_clean,all,highest_unobserved,193,965,2895,3860,11350.0,15017.0,28080.0,7100
common_identity_clean,all,model_disagreement,193,965,2895,3860,11350.0,15069.0,28080.0,7100
common_identity_clean,all,uniform_random,193,965,2895,3860,11350.0,15126.478174603175,28080.0,7100
common_identity_clean,all,fixed_maximin,193,965,2895,3860,11350.0,15023.0,28080.0,7100
common_identity_clean,all,none,193,965,2895,2895,11350.0,11350.0,28080.0,7100
common_identity_clean,top_dose_initially_measured=True,highest_unobserved,181,406,1218,1624,4777.0,6372.0,11661.0,2932
common_identity_clean,top_dose_initially_measured=True,model_disagreement,181,406,1218,1624,4777.0,6372.0,11661.0,2932
common_identity_clean,top_dose_initially_measured=True,uniform_random,181,406,1218,1624,4777.0,6389.644444444444,11661.0,2932
common_identity_clean,top_dose_initially_measured=True,fixed_maximin,181,406,1218,1624,4777.0,6346.0,11661.0,2932
common_identity_clean,top_dose_initially_measured=True,none,181,406,1218,1218,4777.0,4777.0,11661.0,2932
common_identity_clean,top_dose_initially_measured=False,highest_unobserved,190,559,1677,2236,6573.0,8645.0,16419.0,4168
common_identity_clean,top_dose_initially_measured=False,model_disagreement,190,559,1677,2236,6573.0,8697.0,16419.0,4168
common_identity_clean,top_dose_initially_measured=False,uniform_random,190,559,1677,2236,6573.0,8736.83373015873,16419.0,4168
common_identity_clean,top_dose_initially_measured=False,fixed_maximin,190,559,1677,2236,6573.0,8677.0,16419.0,4168
common_identity_clean,top_dose_initially_measured=False,none,190,559,1677,1677,6573.0,6573.0,16419.0,4168
