population,stratum,left,right,n_drugs,n_designs,matches_or_expected_matches,overlap_fraction,type
all_recorded,all,highest_unobserved,model_disagreement,194,970,635.0,0.654639175257732,observed_choices
all_recorded,all,highest_unobserved,uniform_random,194,970,231.01984126984127,0.23816478481426934,exact_random_expectation
all_recorded,all,highest_unobserved,fixed_maximin,194,970,252.0,0.2597938144329897,observed_choices
all_recorded,all,model_disagreement,uniform_random,194,970,231.01984126984127,0.23816478481426934,exact_random_expectation
all_recorded,all,model_disagreement,fixed_maximin,194,970,353.0,0.36391752577319586,observed_choices
all_recorded,all,uniform_random,fixed_maximin,194,970,231.01984126984127,0.23816478481426934,exact_random_expectation
all_recorded,top_dose_initially_measured=True,highest_unobserved,model_disagreement,181,406,205.0,0.5049261083743842,observed_choices
all_recorded,top_dose_initially_measured=True,highest_unobserved,uniform_random,181,406,98.29920634920634,0.24211627179607473,exact_random_expectation
all_recorded,top_dose_initially_measured=True,highest_unobserved,fixed_maximin,181,406,0.0,0.0,observed_choices
all_recorded,top_dose_initially_measured=True,model_disagreement,uniform_random,181,406,98.29920634920634,0.24211627179607473,exact_random_expectation
all_recorded,top_dose_initially_measured=True,model_disagreement,fixed_maximin,181,406,90.0,0.22167487684729065,observed_choices
all_recorded,top_dose_initially_measured=True,uniform_random,fixed_maximin,181,406,98.29920634920634,0.24211627179607473,exact_random_expectation
all_recorded,top_dose_initially_measured=False,highest_unobserved,model_disagreement,191,564,430.0,0.7624113475177305,observed_choices
all_recorded,top_dose_initially_measured=False,highest_unobserved,uniform_random,191,564,132.72063492063492,0.2353202746819768,exact_random_expectation
all_recorded,top_dose_initially_measured=False,highest_unobserved,fixed_maximin,191,564,252.0,0.44680851063829785,observed_choices
all_recorded,top_dose_initially_measured=False,model_disagreement,uniform_random,191,564,132.72063492063492,0.2353202746819768,exact_random_expectation
all_recorded,top_dose_initially_measured=False,model_disagreement,fixed_maximin,191,564,263.0,0.46631205673758863,observed_choices
all_recorded,top_dose_initially_measured=False,uniform_random,fixed_maximin,191,564,132.72063492063492,0.2353202746819768,exact_random_expectation
common_identity_clean,all,highest_unobserved,model_disagreement,193,965,630.0,0.6528497409326425,observed_choices
common_identity_clean,all,highest_unobserved,uniform_random,193,965,229.76984126984127,0.23810346245579406,exact_random_expectation
common_identity_clean,all,highest_unobserved,fixed_maximin,193,965,251.0,0.2601036269430052,observed_choices
common_identity_clean,all,model_disagreement,uniform_random,193,965,229.76984126984127,0.23810346245579406,exact_random_expectation
common_identity_clean,all,model_disagreement,fixed_maximin,193,965,352.0,0.36476683937823834,observed_choices
common_identity_clean,all,uniform_random,fixed_maximin,193,965,229.76984126984127,0.23810346245579406,exact_random_expectation
common_identity_clean,top_dose_initially_measured=True,highest_unobserved,model_disagreement,181,406,205.0,0.5049261083743842,observed_choices
common_identity_clean,top_dose_initially_measured=True,highest_unobserved,uniform_random,181,406,98.29920634920634,0.24211627179607473,exact_random_expectation
common_identity_clean,top_dose_initially_measured=True,highest_unobserved,fixed_maximin,181,406,0.0,0.0,observed_choices
common_identity_clean,top_dose_initially_measured=True,model_disagreement,uniform_random,181,406,98.29920634920634,0.24211627179607473,exact_random_expectation
common_identity_clean,top_dose_initially_measured=True,model_disagreement,fixed_maximin,181,406,90.0,0.22167487684729065,observed_choices
common_identity_clean,top_dose_initially_measured=True,uniform_random,fixed_maximin,181,406,98.29920634920634,0.24211627179607473,exact_random_expectation
common_identity_clean,top_dose_initially_measured=False,highest_unobserved,model_disagreement,190,559,425.0,0.7602862254025045,observed_choices
common_identity_clean,top_dose_initially_measured=False,highest_unobserved,uniform_random,190,559,131.47063492063492,0.23518897123548285,exact_random_expectation
common_identity_clean,top_dose_initially_measured=False,highest_unobserved,fixed_maximin,190,559,251.0,0.4490161001788909,observed_choices
common_identity_clean,top_dose_initially_measured=False,model_disagreement,uniform_random,190,559,131.47063492063492,0.23518897123548285,exact_random_expectation
common_identity_clean,top_dose_initially_measured=False,model_disagreement,fixed_maximin,190,559,262.0,0.46869409660107336,observed_choices
common_identity_clean,top_dose_initially_measured=False,uniform_random,fixed_maximin,190,559,131.47063492063492,0.23518897123548285,exact_random_expectation
