patient,readout1,readout2,response
Patient124,1.7715,0.6291,1
Patient111,0.7304,0.7564,0
Patient64,0.7278,0.456,1
Patient102,0.0111,0.023,1
Patient81,0.2354,0.3641,1
Patient18,0.1946,0.8631,1
Patient17,0.0674,0.0763,1
Patient6,0.082,0.6799,1
Patient7,1.1961,4.6461,0
Patient104,2.8429,0.3234,0
Patient70,3.5791,0.9575,0
Patient127,0.3488,0.8148,0
Patient31,0.8513,0.0474,1
Patient34,1.0433,1.9676,0
Patient38,0.0891,0.0583,1
Patient90,1.2311,0.8607,0
Patient118,2.4642,0.3975,0
Patient15,2.6321,1.6992,0
Patient29,0.8309,0.9402,0
Patient120,0.1434,0.181,1
Patient11,1.0694,1.2971,0
Patient46,0.5568,1.0107,0
Patient19,1.2079,1.1885,1
Patient27,1.6408,1.5948,0
Patient128,2.8906,0.5223,0
Patient56,3.029,1.2754,0
Patient83,1.0349,1.0459,0
Patient3,1.0596,0.5233,0
Patient43,0.0964,0.0417,1
Patient25,0.9302,0.7154,0
Patient45,1.3001,0.6362,1
Patient24,2.223,0.3833,1
Patient66,3.8453,1.229,0
Patient123,1.9527,0.4455,0
Patient5,0.9694,0.7991,0
Patient51,0.5136,0.0354,1
Patient75,0.0741,0.1051,1
Patient50,3.7136,0.101,0
Patient116,0.7552,0.9322,0
Patient80,2.5331,0.613,0
Patient99,0.0602,0.0663,1
Patient22,1.7514,0.9472,1
Patient126,7.7413,0.8003,0
Patient30,0.0828,0.0539,1
Patient78,3.0112,0.9331,0
Patient48,2.9192,0.5027,0
Patient117,0.9604,0.6514,0
Patient103,5.0088,3.8364,0
Patient14,1.3953,0.646,0
Patient77,0.7775,0.16,1
Patient55,1.9776,1.0877,0
Patient95,1.5039,0.0563,1
Patient52,1.6379,0.6386,1
Patient33,1.222,0.0974,1
Patient96,1.6662,0.0703,1
Patient62,0.0888,1.1369,0
Patient58,2.7879,1.128,0
Patient59,2.477,1.2204,0
Patient10,1.0941,3.4739,0
Patient85,1.7749,0.7071,0
Patient100,0.0792,0.1155,1
Patient112,2.0702,0.781,0
Patient106,1.6517,0.6862,0
Patient53,1.6725,0.6802,0
Patient125,0.4327,1.4518,0
Patient76,7.2763,0.3065,0
Patient98,0.043,0.2199,1
Patient88,0.4267,1.8225,0
Patient84,9.1641,0.0696,1
Patient93,0.3965,2.2952,0
Patient47,1.5233,0.7623,0
Patient73,5.7599,0.1081,0
Patient40,3.5075,0.1324,1
Patient114,5.5238,0.1418,1
Patient28,0.6528,0.6274,0
Patient74,1.1349,0.4632,0
Patient68,0.2383,0.0604,1
Patient119,2.4711,0.7668,1
Patient82,2.2886,0.5901,1
Patient42,1.8199,0.1501,1
Patient107,0.7926,1.2499,1
Patient57,4.2972,0.1825,1
Patient9,1.7505,1.9983,0
Patient72,1.8227,1.2946,0
Patient8,0.5862,0.1408,1
Patient26,0.0134,0.5752,1
Patient1,0.1732,0.1245,1
Patient35,0.247,0.9842,1
Patient69,6.3307,0.1623,1
Patient79,8.8329,1.2211,0
Patient23,2.7133,0.1318,1
Patient39,4.3328,0.1484,1
Patient65,3.6419,1.1073,0
Patient92,1.3194,0.5599,0
Patient44,10.7701,0.1794,1
Patient110,1.5705,1.3677,0
Patient87,0.2364,0.1724,1
Patient37,2.9111,0.3449,0
Patient4,1.3869,0.0449,1
Patient115,6.1799,2.9776,0
Patient2,1.602,0.9826,0
Patient16,0.0615,0.4441,1
Patient41,8.9479,1.5382,0
Patient54,0.4593,0.7663,1
Patient63,3.3909,0.7168,0
Patient91,19.8914,2.1416,0
Patient12,0.1331,0.3925,1
Patient67,1.401,0.9609,0
Patient101,1.0608,0.3499,1
Patient108,4.5186,0.0901,1
Patient13,0.6687,0.8629,0
Patient61,4.7457,0.3593,0
Patient97,7.8834,3.7457,1
Patient89,2.5151,1.914,1
Patient121,2.5753,0.8419,0
Patient32,0.0092,0.1414,1
Patient20,2.021,1.8163,0
Patient86,0.0487,0.0761,1
Patient94,2.5292,1.8019,0
Patient49,7.943,1.3261,1
Patient36,0.1601,0.7266,1
Patient113,1.2093,1.0782,0
Patient60,1.1626,0.1873,1
Patient21,0.3915,0.6838,0
Patient122,4.2256,3.8528,0
Patient71,4.9398,0.6673,0
Patient105,0.602,0.5201,1
