patient,call1,call2,action,response,cutoff1,cutoff2
WCB254,0,0,0,0,0.73,0.935
WCB242,0,1,retest,0,0.73,0.935
WCB262,0,1,retest,1,0.73,0.935
WCB123,0,1,retest,1,0.73,0.935
WCB091,1,1,1,1,0.885,0.935
WCB250,0,0,0,0,0.73,0.935
WCB027,0,1,retest,1,0.73,0.935
WCB278,0,1,retest,0,0.73,0.935
WCB239,0,0,0,0,0.735,0.935
WCB015,0,1,retest,0,0.73,0.935
WCB259,0,0,0,0,0.73,0.935
WCB150,0,1,retest,0,0.73,0.935
WCB311,0,0,0,0,0.73,0.935
WCB296,0,1,retest,1,0.73,0.935
WCB041,0,1,retest,1,0.73,0.935
WCB221,1,0,retest,1,0.885,0.935
WCB288,0,1,retest,0,0.73,0.935
WCB245,0,1,retest,1,0.885,0.935
