compound,endpoint,point_id,method,candidate,prediction,reference,scale,normalized_error
Aflatoxin B1,ALBUMIN,Bircsak2021_S6_Aflatoxin_B1_03,selected,fixed50_a0.5,689.8937912527647,772.3880597014926,1164.1791044776119,0.07086046135980473
Aflatoxin B1,ALBUMIN,Bircsak2021_S6_Aflatoxin_B1_05,selected,fixed50_a0.5,156.50525242215738,0.0,1164.1791044776119,0.13443399887544288
Aflatoxin B1,ALBUMIN,Bircsak2021_S6_Aflatoxin_B1_06,selected,fixed50_a0.5,-84.92379226375925,0.0,1164.1791044776119,0.07294736002143423
Aflatoxin B1,ALBUMIN,Bircsak2021_S6_Aflatoxin_B1_03,fixed50,fixed50_a1,976.8025056012324,772.3880597014926,1164.1791044776119,0.1755867676318278
Aflatoxin B1,ALBUMIN,Bircsak2021_S6_Aflatoxin_B1_05,fixed50,fixed50_a1,257.0403548504183,0.0,1164.1791044776119,0.22079107403817982
Aflatoxin B1,ALBUMIN,Bircsak2021_S6_Aflatoxin_B1_06,fixed50,fixed50_a1,-225.817734521415,0.0,1164.1791044776119,0.19397164375557444
Aflatoxin B1,ALBUMIN,Bircsak2021_S6_Aflatoxin_B1_03,interpolation,interpolation,402.9850769042969,772.3880597014926,1164.1791044776119,0.31730769035143735
Aflatoxin B1,ALBUMIN,Bircsak2021_S6_Aflatoxin_B1_05,interpolation,interpolation,55.970149993896484,0.0,1164.1791044776119,0.04807692371270596
Aflatoxin B1,ALBUMIN,Bircsak2021_S6_Aflatoxin_B1_06,interpolation,interpolation,55.970149993896484,0.0,1164.1791044776119,0.04807692371270596
Aflatoxin B1,VIABILITY,Bircsak2021_S5_Aflatoxin_B1_03,selected,fixed50_a1,78.59489596605584,25.842696629213485,84.6441947565543,0.6232228859706598
Aflatoxin B1,VIABILITY,Bircsak2021_S5_Aflatoxin_B1_05,selected,fixed50_a1,59.85131580783001,10.112359550561797,84.6441947565543,0.5876239522429475
Aflatoxin B1,VIABILITY,Bircsak2021_S5_Aflatoxin_B1_06,selected,fixed50_a1,30.48623791035689,7.490636704119851,84.6441947565543,0.27167369566660576
Aflatoxin B1,VIABILITY,Bircsak2021_S5_Aflatoxin_B1_03,fixed50,fixed50_a1,78.59489596605584,25.842696629213485,84.6441947565543,0.6232228859706598
Aflatoxin B1,VIABILITY,Bircsak2021_S5_Aflatoxin_B1_05,fixed50,fixed50_a1,59.85131580783001,10.112359550561797,84.6441947565543,0.5876239522429475
Aflatoxin B1,VIABILITY,Bircsak2021_S5_Aflatoxin_B1_06,fixed50,fixed50_a1,30.48623791035689,7.490636704119851,84.6441947565543,0.27167369566660576
Aflatoxin B1,VIABILITY,Bircsak2021_S5_Aflatoxin_B1_03,interpolation,interpolation,36.66666793823242,25.842696629213485,84.6441947565543,0.12787612121717065
Aflatoxin B1,VIABILITY,Bircsak2021_S5_Aflatoxin_B1_05,interpolation,interpolation,16.104869842529297,10.112359550561797,84.6441947565543,0.0707964711484656
Aflatoxin B1,VIABILITY,Bircsak2021_S5_Aflatoxin_B1_06,interpolation,interpolation,16.104869842529297,7.490636704119851,84.6441947565543,0.10176992247589922
Amiodarone,ALBUMIN,Bircsak2021_S6_Amiodarone_02,selected,fixed50_a0.5,1282.6504420826923,1400.0,1355.5555555555554,0.08656934600457128
Amiodarone,ALBUMIN,Bircsak2021_S6_Amiodarone_04,selected,fixed50_a0.5,1183.502250729753,1322.2222222222224,1355.5555555555554,0.10233440519936261
Amiodarone,ALBUMIN,Bircsak2021_S6_Amiodarone_06,selected,fixed50_a0.5,1048.6103846544224,711.1111111111111,1355.5555555555554,0.24897487392539364
Amiodarone,ALBUMIN,Bircsak2021_S6_Amiodarone_07,selected,fixed50_a0.5,673.7164189503251,511.1111111111111,1355.5555555555554,0.11995473529122345
Amiodarone,ALBUMIN,Bircsak2021_S6_Amiodarone_02,fixed50,fixed50_a1,1236.494365610697,1400.0,1355.5555555555554,0.12061891061505955
Amiodarone,ALBUMIN,Bircsak2021_S6_Amiodarone_04,fixed50,fixed50_a1,1171.2569428657562,1322.2222222222224,1355.5555555555554,0.1113678290334587
Amiodarone,ALBUMIN,Bircsak2021_S6_Amiodarone_06,fixed50,fixed50_a1,1008.3318532932196,711.1111111111111,1355.5555555555554,0.21926120324909648
Amiodarone,ALBUMIN,Bircsak2021_S6_Amiodarone_07,fixed50,fixed50_a1,258.54392188502504,511.1111111111111,1355.5555555555554,0.1863200576258012
Amiodarone,ALBUMIN,Bircsak2021_S6_Amiodarone_02,interpolation,interpolation,1328.8065185546875,1400.0,1355.5555555555554,0.052519781394083
Amiodarone,ALBUMIN,Bircsak2021_S6_Amiodarone_04,interpolation,interpolation,1195.74755859375,1322.2222222222224,1355.5555555555554,0.09330098136526653
Amiodarone,ALBUMIN,Bircsak2021_S6_Amiodarone_06,interpolation,interpolation,1088.888916015625,711.1111111111111,1355.5555555555554,0.2786885446016906
Amiodarone,ALBUMIN,Bircsak2021_S6_Amiodarone_07,interpolation,interpolation,1088.888916015625,511.1111111111111,1355.5555555555554,0.426229528208248
Amiodarone,VIABILITY,Bircsak2021_S5_Amiodarone_02,selected,fixed50_a1,88.00510093709374,83.45864661654136,90.22556390977444,0.050389868719455604
Amiodarone,VIABILITY,Bircsak2021_S5_Amiodarone_04,selected,fixed50_a1,86.77002462127682,86.8421052631579,90.22556390977444,0.0007988937808487104
Amiodarone,VIABILITY,Bircsak2021_S5_Amiodarone_06,selected,fixed50_a1,59.36199375485539,74.43609022556392,90.22556390977444,0.16707123588368616
Amiodarone,VIABILITY,Bircsak2021_S5_Amiodarone_07,selected,fixed50_a1,17.193707526883685,67.29323308270678,90.22556390977444,0.5552697415770392
Amiodarone,VIABILITY,Bircsak2021_S5_Amiodarone_02,fixed50,fixed50_a1,88.00510093709374,83.45864661654136,90.22556390977444,0.050389868719455604
Amiodarone,VIABILITY,Bircsak2021_S5_Amiodarone_04,fixed50,fixed50_a1,86.77002462127682,86.8421052631579,90.22556390977444,0.0007988937808487104
Amiodarone,VIABILITY,Bircsak2021_S5_Amiodarone_06,fixed50,fixed50_a1,59.36199375485539,74.43609022556392,90.22556390977444,0.16707123588368616
Amiodarone,VIABILITY,Bircsak2021_S5_Amiodarone_07,fixed50,fixed50_a1,17.193707526883685,67.29323308270678,90.22556390977444,0.5552697415770392
Amiodarone,VIABILITY,Bircsak2021_S5_Amiodarone_02,interpolation,interpolation,87.1099624633789,83.45864661654136,90.22556390977444,0.04046875063578282
Amiodarone,VIABILITY,Bircsak2021_S5_Amiodarone_04,interpolation,interpolation,81.93167877197266,86.8421052631579,90.22556390977444,0.0544238936106365
Amiodarone,VIABILITY,Bircsak2021_S5_Amiodarone_06,interpolation,interpolation,80.07518768310547,74.43609022556392,90.22556390977444,0.06249999682108554
Amiodarone,VIABILITY,Bircsak2021_S5_Amiodarone_07,interpolation,interpolation,80.07518768310547,67.29323308270678,90.22556390977444,0.14166666348775217
Azathioprine,ALBUMIN,Bircsak2021_S6_Azathioprine_02,selected,fixed50_a0.5,1387.5327434159403,1449.814126394052,1416.3568773234201,0.043972944937301923
Azathioprine,ALBUMIN,Bircsak2021_S6_Azathioprine_04,selected,fixed50_a0.5,1276.9056050958047,1449.814126394052,1416.3568773234201,0.12207976963052102
Azathioprine,ALBUMIN,Bircsak2021_S6_Azathioprine_06,selected,fixed50_a0.5,1125.9940102829717,301.11524163568777,1416.3568773234201,0.582394721170917
Azathioprine,ALBUMIN,Bircsak2021_S6_Azathioprine_07,selected,fixed50_a0.5,954.7933799666749,100.3717472118959,1416.3568773234201,0.6032530687953689
Azathioprine,ALBUMIN,Bircsak2021_S6_Azathioprine_02,fixed50,fixed50_a1,1316.3073081209432,1449.814126394052,1416.3568773234201,0.09426071946316607
Azathioprine,ALBUMIN,Bircsak2021_S6_Azathioprine_04,fixed50,fixed50_a1,1166.4948039416092,1449.814126394052,1416.3568773234201,0.20003385233518922
Azathioprine,ALBUMIN,Bircsak2021_S6_Azathioprine_06,fixed50,fixed50_a1,980.6125322846933,301.11524163568777,1416.3568773234201,0.4797500556025787
Azathioprine,ALBUMIN,Bircsak2021_S6_Azathioprine_07,fixed50,fixed50_a1,638.2112716520999,100.3717472118959,1416.3568773234201,0.37973446738691563
Azathioprine,ALBUMIN,Bircsak2021_S6_Azathioprine_02,interpolation,interpolation,1458.7581787109375,1449.814126394052,1416.3568773234201,0.0063148295885622156
Azathioprine,ALBUMIN,Bircsak2021_S6_Azathioprine_04,interpolation,interpolation,1387.31640625,1449.814126394052,1416.3568773234201,0.044125686925852975
Azathioprine,ALBUMIN,Bircsak2021_S6_Azathioprine_06,interpolation,interpolation,1271.37548828125,301.11524163568777,1416.3568773234201,0.6850393867392552
Azathioprine,ALBUMIN,Bircsak2021_S6_Azathioprine_07,interpolation,interpolation,1271.37548828125,100.3717472118959,1416.3568773234201,0.8267716702038223
Azathioprine,VIABILITY,Bircsak2021_S5_Azathioprine_02,selected,fixed50_a0.5,87.64485827252138,85.66037735849056,85.66037735849056,0.023166847674809032
Azathioprine,VIABILITY,Bircsak2021_S5_Azathioprine_04,selected,fixed50_a0.5,87.3980847747685,89.05660377358491,85.66037735849056,0.0193615654046849
Azathioprine,VIABILITY,Bircsak2021_S5_Azathioprine_06,selected,fixed50_a0.5,77.01885121314271,87.54716981132076,85.66037735849056,0.1229076840756468
Azathioprine,VIABILITY,Bircsak2021_S5_Azathioprine_07,selected,fixed50_a0.5,64.9378220631799,16.60377358490566,85.66037735849056,0.5642521077860208
Azathioprine,VIABILITY,Bircsak2021_S5_Azathioprine_02,fixed50,fixed50_a1,88.1802805098865,85.66037735849056,85.66037735849056,0.02941737159118605
Azathioprine,VIABILITY,Bircsak2021_S5_Azathioprine_04,fixed50,fixed50_a1,87.2375681701425,89.05660377358491,85.66037735849056,0.021235437661332165
Azathioprine,VIABILITY,Bircsak2021_S5_Azathioprine_06,fixed50,fixed50_a1,67.6226099580237,87.54716981132076,85.66037735849056,0.23259948727417268
Azathioprine,VIABILITY,Bircsak2021_S5_Azathioprine_07,fixed50,fixed50_a1,43.46055165809807,16.60377358490566,85.66037735849056,0.31352626385004356
Azathioprine,VIABILITY,Bircsak2021_S5_Azathioprine_02,interpolation,interpolation,87.10943603515625,85.66037735849056,85.66037735849056,0.01691632375843202
Azathioprine,VIABILITY,Bircsak2021_S5_Azathioprine_04,interpolation,interpolation,87.55860137939453,89.05660377358491,85.66037735849056,0.01748769314803747
Azathioprine,VIABILITY,Bircsak2021_S5_Azathioprine_06,interpolation,interpolation,86.41509246826172,87.54716981132076,85.66037735849056,0.013215880877120927
Azathioprine,VIABILITY,Bircsak2021_S5_Azathioprine_07,interpolation,interpolation,86.41509246826172,16.60377358490566,85.66037735849056,0.8149779517219979
Chlorpheniramine,ALBUMIN,Bircsak2021_S6_Chlorpheniramine_02,selected,fixed5_a0.5,1626.3605151825936,1824.626865671642,1634.3283582089553,0.12131365737686065
Chlorpheniramine,ALBUMIN,Bircsak2021_S6_Chlorpheniramine_04,selected,fixed5_a0.5,1638.4184076567158,1723.8805970149253,1634.3283582089553,0.05229193321461225
Chlorpheniramine,ALBUMIN,Bircsak2021_S6_Chlorpheniramine_06,selected,fixed5_a0.5,1605.4703400128092,2014.9253731343285,1634.3283582089553,0.2505341298551762
Chlorpheniramine,ALBUMIN,Bircsak2021_S6_Chlorpheniramine_07,selected,fixed5_a0.5,1471.6584112697117,1544.7761194029852,1634.3283582089553,0.04473868899478834
Chlorpheniramine,ALBUMIN,Bircsak2021_S6_Chlorpheniramine_02,fixed50,fixed50_a1,1642.8892538020477,1824.626865671642,1634.3283582089553,0.11120018260513988
Chlorpheniramine,ALBUMIN,Bircsak2021_S6_Chlorpheniramine_04,fixed50,fixed50_a1,1657.3122742726819,1723.8805970149253,1634.3283582089553,0.04073130249982021
Chlorpheniramine,ALBUMIN,Bircsak2021_S6_Chlorpheniramine_06,fixed50,fixed50_a1,1626.3997211662645,2014.9253731343285,1634.3283582089553,0.2377280244918748
Chlorpheniramine,ALBUMIN,Bircsak2021_S6_Chlorpheniramine_07,fixed50,fixed50_a1,1260.9496177347446,1544.7761194029852,1634.3283582089553,0.17366553070111523
Chlorpheniramine,ALBUMIN,Bircsak2021_S6_Chlorpheniramine_02,interpolation,interpolation,1602.8192138671875,1824.626865671642,1634.3283582089553,0.13571792393514567
Chlorpheniramine,ALBUMIN,Bircsak2021_S6_Chlorpheniramine_04,interpolation,interpolation,1628.7313232421875,1723.8805970149253,1634.3283582089553,0.05821919034496288
Chlorpheniramine,ALBUMIN,Bircsak2021_S6_Chlorpheniramine_06,interpolation,interpolation,1690.2984619140625,2014.9253731343285,1634.3283582089553,0.19863016485623583
Chlorpheniramine,ALBUMIN,Bircsak2021_S6_Chlorpheniramine_07,interpolation,interpolation,1690.2984619140625,1544.7761194029852,1634.3283582089553,0.08904106802047654
Chlorpheniramine,VIABILITY,Bircsak2021_S5_Chlorpheniramine_02,selected,fixed50_a0.5,87.53919401595607,85.50185873605948,87.73234200743495,0.023222169080177293
Chlorpheniramine,VIABILITY,Bircsak2021_S5_Chlorpheniramine_04,selected,fixed50_a0.5,87.80888424525004,87.36059479553904,87.73234200743495,0.00510973991407875
Chlorpheniramine,VIABILITY,Bircsak2021_S5_Chlorpheniramine_06,selected,fixed50_a0.5,86.47388392804811,88.84758364312268,87.73234200743495,0.027056153531993983
Chlorpheniramine,VIABILITY,Bircsak2021_S5_Chlorpheniramine_07,selected,fixed50_a0.5,52.69715934350472,87.73234200743495,87.73234200743495,0.3993417007032725
Chlorpheniramine,VIABILITY,Bircsak2021_S5_Chlorpheniramine_02,fixed50,fixed50_a1,87.52044278044731,85.50185873605948,87.73234200743495,0.02300843677713254
Chlorpheniramine,VIABILITY,Bircsak2021_S5_Chlorpheniramine_04,fixed50,fixed50_a1,88.07129784841024,87.36059479553904,87.73234200743495,0.008100810221286088
Chlorpheniramine,VIABILITY,Bircsak2021_S5_Chlorpheniramine_06,fixed50,fixed50_a1,85.21542227504153,88.84758364312268,87.73234200743495,0.04140048339041641
Chlorpheniramine,VIABILITY,Bircsak2021_S5_Chlorpheniramine_07,fixed50,fixed50_a1,17.661973105954758,87.73234200743495,87.73234200743495,0.798683442139753
Chlorpheniramine,VIABILITY,Bircsak2021_S5_Chlorpheniramine_02,interpolation,interpolation,87.55794525146484,85.50185873605948,87.73234200743495,0.02343590138322221
Chlorpheniramine,VIABILITY,Bircsak2021_S5_Chlorpheniramine_04,interpolation,interpolation,87.54647064208984,87.36059479553904,87.73234200743495,0.002118669606871411
Chlorpheniramine,VIABILITY,Bircsak2021_S5_Chlorpheniramine_06,interpolation,interpolation,87.73234558105469,88.84758364312268,87.73234200743495,0.012711823673571555
Chlorpheniramine,VIABILITY,Bircsak2021_S5_Chlorpheniramine_07,interpolation,interpolation,87.73234558105469,87.73234200743495,87.73234200743495,4.0733208009281124e-08
Chlorpromazine,ALBUMIN,Bircsak2021_S6_Chlorpromazine_02,selected,fixed2_a0.5,1673.0843503585807,1688.888888888889,1777.7777777777776,0.008890052923298399
Chlorpromazine,ALBUMIN,Bircsak2021_S6_Chlorpromazine_04,selected,fixed2_a0.5,1708.8006721564639,1666.6666666666667,1777.7777777777776,0.02370037808801088
Chlorpromazine,ALBUMIN,Bircsak2021_S6_Chlorpromazine_06,selected,fixed2_a0.5,1627.6815239185305,1688.888888888889,1777.7777777777776,0.03442914279582661
Chlorpromazine,ALBUMIN,Bircsak2021_S6_Chlorpromazine_07,selected,fixed2_a0.5,1253.519154147778,1400.0,1777.7777777777776,0.08239547579187491
Chlorpromazine,ALBUMIN,Bircsak2021_S6_Chlorpromazine_02,fixed50,fixed50_a1,1644.794204024742,1688.888888888889,1777.7777777777776,0.024803260236082682
Chlorpromazine,ALBUMIN,Bircsak2021_S6_Chlorpromazine_04,fixed50,fixed50_a1,1652.272455274308,1666.6666666666667,1777.7777777777776,0.008096743908201818
Chlorpromazine,ALBUMIN,Bircsak2021_S6_Chlorpromazine_06,fixed50,fixed50_a1,1554.0015237129462,1688.888888888889,1777.7777777777776,0.07587414291146778
Chlorpromazine,ALBUMIN,Bircsak2021_S6_Chlorpromazine_07,fixed50,fixed50_a1,1213.9875250090706,1400.0,1777.7777777777776,0.10463201718239779
Chlorpromazine,ALBUMIN,Bircsak2021_S6_Chlorpromazine_02,interpolation,interpolation,1715.491455078125,1688.888888888889,1777.7777777777776,0.014963943481445299
Chlorpromazine,ALBUMIN,Bircsak2021_S6_Chlorpromazine_04,interpolation,interpolation,1672.22216796875,1666.6666666666667,1777.7777777777776,0.0031249694824218325
Chlorpromazine,ALBUMIN,Bircsak2021_S6_Chlorpromazine_06,interpolation,interpolation,1688.888916015625,1688.888888888889,1777.7777777777776,1.5258789048289147e-08
Chlorpromazine,ALBUMIN,Bircsak2021_S6_Chlorpromazine_07,interpolation,interpolation,1688.888916015625,1400.0,1777.7777777777776,0.16250001525878907
Chlorpromazine,VIABILITY,Bircsak2021_S5_Chlorpromazine_02,selected,fixed50_a0.5,89.1482328696564,85.66037735849056,89.05660377358491,0.03916447925673499
Chlorpromazine,VIABILITY,Bircsak2021_S5_Chlorpromazine_04,selected,fixed50_a0.5,87.61708065091571,87.9245283018868,89.05660377358491,0.0034522723520058252
Chlorpromazine,VIABILITY,Bircsak2021_S5_Chlorpromazine_06,selected,fixed50_a0.5,67.53943649252692,0.7547169811320755,89.05660377358491,0.7499131640050691
Chlorpromazine,VIABILITY,Bircsak2021_S5_Chlorpromazine_07,selected,fixed50_a0.5,59.56064784271324,0.37735849056603776,89.05660377358491,0.6645581219626697
Chlorpromazine,VIABILITY,Bircsak2021_S5_Chlorpromazine_02,fixed50,fixed50_a1,89.23986326128546,85.66037735849056,89.05660377358491,0.040193379840705444
Chlorpromazine,VIABILITY,Bircsak2021_S5_Chlorpromazine_04,fixed50,fixed50_a1,87.89282219050331,87.9245283018868,89.05660377358491,0.0003560220134162548
Chlorpromazine,VIABILITY,Bircsak2021_S5_Chlorpromazine_06,fixed50,fixed50_a1,49.418495482612435,0.7547169811320755,89.05660377358491,0.5464364958852667
Chlorpromazine,VIABILITY,Bircsak2021_S5_Chlorpromazine_07,fixed50,fixed50_a1,33.460918182985075,0.37735849056603776,89.05660377358491,0.37148912366487474
Chlorpromazine,VIABILITY,Bircsak2021_S5_Chlorpromazine_02,interpolation,interpolation,89.05660247802734,85.66037735849056,89.05660377358491,0.03813557867276469
Chlorpromazine,VIABILITY,Bircsak2021_S5_Chlorpromazine_04,interpolation,interpolation,87.34133911132812,87.9245283018868,89.05660377358491,0.006548522690595237
Chlorpromazine,VIABILITY,Bircsak2021_S5_Chlorpromazine_06,interpolation,interpolation,85.6603775024414,0.7547169811320755,89.05660377358491,0.9533898321248716
Chlorpromazine,VIABILITY,Bircsak2021_S5_Chlorpromazine_07,interpolation,interpolation,85.6603775024414,0.37735849056603776,89.05660377358491,0.9576271202604649
Dexamethasone,ALBUMIN,Bircsak2021_S6_Dexamethasone_02,selected,fixed50_a1,1640.0177890545117,1455.223880597015,2003.731343283582,0.09222489286146945
Dexamethasone,ALBUMIN,Bircsak2021_S6_Dexamethasone_04,selected,fixed50_a1,1058.0350036594837,1074.6268656716418,2003.731343283582,0.008280482344987664
Dexamethasone,ALBUMIN,Bircsak2021_S6_Dexamethasone_06,selected,fixed50_a1,1243.2790251171248,1152.9850746268658,2003.731343283582,0.04506290266552965
Dexamethasone,ALBUMIN,Bircsak2021_S6_Dexamethasone_07,selected,fixed50_a1,661.297991249651,794.776119402985,2003.731343283582,0.06661478276553731
Dexamethasone,ALBUMIN,Bircsak2021_S6_Dexamethasone_02,fixed50,fixed50_a1,1640.0177890545117,1455.223880597015,2003.731343283582,0.09222489286146945
Dexamethasone,ALBUMIN,Bircsak2021_S6_Dexamethasone_04,fixed50,fixed50_a1,1058.0350036594837,1074.6268656716418,2003.731343283582,0.008280482344987664
Dexamethasone,ALBUMIN,Bircsak2021_S6_Dexamethasone_06,fixed50,fixed50_a1,1243.2790251171248,1152.9850746268658,2003.731343283582,0.04506290266552965
Dexamethasone,ALBUMIN,Bircsak2021_S6_Dexamethasone_07,fixed50,fixed50_a1,661.297991249651,794.776119402985,2003.731343283582,0.06661478276553731
Dexamethasone,ALBUMIN,Bircsak2021_S6_Dexamethasone_02,interpolation,interpolation,1670.2105712890625,1455.223880597015,2003.731343283582,0.10729317151856371
Dexamethasone,ALBUMIN,Bircsak2021_S6_Dexamethasone_04,interpolation,interpolation,1192.1641845703125,1074.6268656716418,2003.731343283582,0.05865922060492319
Dexamethasone,ALBUMIN,Bircsak2021_S6_Dexamethasone_06,interpolation,interpolation,1220.1492919921875,1152.9850746268658,2003.731343283582,0.03351957216742315
Dexamethasone,ALBUMIN,Bircsak2021_S6_Dexamethasone_07,interpolation,interpolation,1220.1492919921875,794.776119402985,2003.731343283582,0.2122905218880936
Dexamethasone,VIABILITY,Bircsak2021_S5_Dexamethasone_02,selected,fixed50_a0.5,88.4110715476013,88.47583643122677,88.10408921933085,0.0007350950926266623
Dexamethasone,VIABILITY,Bircsak2021_S5_Dexamethasone_04,selected,fixed50_a0.5,89.41003534189122,89.96282527881041,88.10408921933085,0.0062742824063824485
Dexamethasone,VIABILITY,Bircsak2021_S5_Dexamethasone_06,selected,fixed50_a0.5,81.10374442738342,89.96282527881041,88.10408921933085,0.10055243666809544
Dexamethasone,VIABILITY,Bircsak2021_S5_Dexamethasone_07,selected,fixed50_a0.5,80.37462120897757,88.47583643122677,88.10408921933085,0.09195050188966387
Dexamethasone,VIABILITY,Bircsak2021_S5_Dexamethasone_02,fixed50,fixed50_a1,88.27824355906978,88.47583643122677,88.10408921933085,0.0022427207852417697
Dexamethasone,VIABILITY,Bircsak2021_S5_Dexamethasone_04,fixed50,fixed50_a1,89.4168648122004,89.96282527881041,88.10408921933085,0.006196766477556677
Dexamethasone,VIABILITY,Bircsak2021_S5_Dexamethasone_06,fixed50,fixed50_a1,72.61640914285277,89.96282527881041,88.10408921933085,0.1968854827245825
Dexamethasone,VIABILITY,Bircsak2021_S5_Dexamethasone_07,fixed50,fixed50_a1,71.15816270604108,88.47583643122677,88.10408921933085,0.1965592502985211
Dexamethasone,VIABILITY,Bircsak2021_S5_Dexamethasone_02,interpolation,interpolation,88.54389953613281,88.47583643122677,88.10408921933085,0.0007725305999884452
Dexamethasone,VIABILITY,Bircsak2021_S5_Dexamethasone_04,interpolation,interpolation,89.40320587158203,89.96282527881041,88.10408921933085,0.006351798335208221
Dexamethasone,VIABILITY,Bircsak2021_S5_Dexamethasone_06,interpolation,interpolation,89.59107971191406,89.96282527881041,88.10408921933085,0.004219390611608372
Dexamethasone,VIABILITY,Bircsak2021_S5_Dexamethasone_07,interpolation,interpolation,89.59107971191406,88.47583643122677,88.10408921933085,0.012658246519193351
Fluoxetine,ALBUMIN,Bircsak2021_S6_Fluoxetine_02,selected,fixed50_a0.5,1474.485927955524,1186.5671641791043,1444.0298507462687,0.19938560385550505
Fluoxetine,ALBUMIN,Bircsak2021_S6_Fluoxetine_04,selected,fixed50_a0.5,1423.5844232282761,1287.313432835821,1444.0298507462687,0.09436854115033068
Fluoxetine,ALBUMIN,Bircsak2021_S6_Fluoxetine_06,selected,fixed50_a0.5,1338.3738008274163,481.3432835820895,1444.0298507462687,0.5934991695652392
Fluoxetine,ALBUMIN,Bircsak2021_S6_Fluoxetine_07,selected,fixed50_a0.5,1113.7102888919003,11.194029850746269,1444.0298507462687,0.7634996315840549
Fluoxetine,ALBUMIN,Bircsak2021_S6_Fluoxetine_02,fixed50,fixed50_a1,1488.772881301673,1186.5671641791043,1444.0298507462687,0.20927941134069347
Fluoxetine,ALBUMIN,Bircsak2021_S6_Fluoxetine_04,fixed50,fixed50_a1,1386.5551989956148,1287.313432835821,1444.0298507462687,0.0687255641623378
Fluoxetine,ALBUMIN,Bircsak2021_S6_Fluoxetine_06,fixed50,fixed50_a1,1232.7176944282699,481.3432835820895,1444.0298507462687,0.5203316333508432
Fluoxetine,ALBUMIN,Bircsak2021_S6_Fluoxetine_07,fixed50,fixed50_a1,783.390670557238,11.194029850746269,1444.0298507462687,0.5347511620396377
Fluoxetine,ALBUMIN,Bircsak2021_S6_Fluoxetine_02,interpolation,interpolation,1460.198974609375,1186.5671641791043,1444.0298507462687,0.18949179637031663
Fluoxetine,ALBUMIN,Bircsak2021_S6_Fluoxetine_04,interpolation,interpolation,1460.6136474609375,1287.313432835821,1444.0298507462687,0.12001151813832356
Fluoxetine,ALBUMIN,Bircsak2021_S6_Fluoxetine_06,interpolation,interpolation,1444.0299072265625,481.3432835820895,1444.0298507462687,0.666666705779635
Fluoxetine,ALBUMIN,Bircsak2021_S6_Fluoxetine_07,interpolation,interpolation,1444.0299072265625,11.194029850746269,1444.0298507462687,0.9922481011284722
Fluoxetine,VIABILITY,Bircsak2021_S5_Fluoxetine_02,selected,fixed50_a0.5,88.98084862048603,88.25757575757575,89.39393939393939,0.008090848974928535
Fluoxetine,VIABILITY,Bircsak2021_S5_Fluoxetine_04,selected,fixed50_a0.5,89.07345866824289,89.39393939393939,89.39393939393939,0.0035850386264354053
Fluoxetine,VIABILITY,Bircsak2021_S5_Fluoxetine_06,selected,fixed50_a0.5,88.48300672522555,75.37878787878788,89.39393939393939,0.14658956675676044
Fluoxetine,VIABILITY,Bircsak2021_S5_Fluoxetine_07,selected,fixed50_a0.5,75.94825846158491,0.0,89.39393939393939,0.8495906878753567
Fluoxetine,VIABILITY,Bircsak2021_S5_Fluoxetine_02,fixed50,fixed50_a1,88.3830992185111,88.25757575757575,89.39393939393939,0.0014041607494463446
Fluoxetine,VIABILITY,Bircsak2021_S5_Fluoxetine_04,fixed50,fixed50_a1,88.95657920172015,89.39393939393939,89.39393939393939,0.004892503845164435
Fluoxetine,VIABILITY,Bircsak2021_S5_Fluoxetine_06,fixed50,fixed50_a1,88.32965328199406,75.37878787878788,89.39393939393939,0.14487408756128947
Fluoxetine,VIABILITY,Bircsak2021_S5_Fluoxetine_07,fixed50,fixed50_a1,63.260156754712796,0.0,89.39393939393939,0.7076559908154313
Fluoxetine,VIABILITY,Bircsak2021_S5_Fluoxetine_02,interpolation,interpolation,89.57859802246094,88.25757575757575,89.39393939393939,0.014777537200410565
Fluoxetine,VIABILITY,Bircsak2021_S5_Fluoxetine_04,interpolation,interpolation,89.19033813476562,89.39393939393939,89.39393939393939,0.002277573407706534
Fluoxetine,VIABILITY,Bircsak2021_S5_Fluoxetine_06,interpolation,interpolation,88.63636016845703,75.37878787878788,89.39393939393939,0.14830504595223123
Fluoxetine,VIABILITY,Bircsak2021_S5_Fluoxetine_07,interpolation,interpolation,88.63636016845703,0.0,89.39393939393939,0.9915253849352821
Fluphenazine,ALBUMIN,Bircsak2021_S6_Fluphenazine_03,selected,fixed50_a0.5,944.6332458100483,881.0408921933085,1148.6988847583643,0.05536033373107763
Fluphenazine,ALBUMIN,Bircsak2021_S6_Fluphenazine_05,selected,fixed50_a0.5,706.9945551463397,178.43866171003717,1148.6988847583643,0.4601344185578168
Fluphenazine,ALBUMIN,Bircsak2021_S6_Fluphenazine_06,selected,fixed50_a0.5,638.7038018778397,22.304832713754646,1148.6988847583643,0.5366062223467278
Fluphenazine,ALBUMIN,Bircsak2021_S6_Fluphenazine_03,fixed50,fixed50_a1,945.0285765810341,881.0408921933085,1148.6988847583643,0.055704488997728764
Fluphenazine,ALBUMIN,Bircsak2021_S6_Fluphenazine_05,fixed50,fixed50_a1,655.6247914450233,178.43866171003717,1148.6988847583643,0.4154144624553763
Fluphenazine,ALBUMIN,Bircsak2021_S6_Fluphenazine_06,fixed50,fixed50_a1,519.0432849080232,22.304832713754646,1148.6988847583643,0.43243573993611084
Fluphenazine,ALBUMIN,Bircsak2021_S6_Fluphenazine_03,interpolation,interpolation,944.2379150390625,881.0408921933085,1148.6988847583643,0.055016178464426586
Fluphenazine,ALBUMIN,Bircsak2021_S6_Fluphenazine_05,interpolation,interpolation,758.3643188476562,178.43866171003717,1148.6988847583643,0.5048543746602574
Fluphenazine,ALBUMIN,Bircsak2021_S6_Fluphenazine_06,interpolation,interpolation,758.3643188476562,22.304832713754646,1148.6988847583643,0.6407767047573447
Fluphenazine,VIABILITY,Bircsak2021_S5_Fluphenazine_03,selected,fixed50_a0.5,84.47603674952907,82.95454545454545,84.46969696969697,0.018012273626711903
Fluphenazine,VIABILITY,Bircsak2021_S5_Fluphenazine_05,selected,fixed50_a0.5,78.0347630895775,14.393939393939394,84.46969696969697,0.7534160294012763
Fluphenazine,VIABILITY,Bircsak2021_S5_Fluphenazine_06,selected,fixed50_a0.5,70.09892138040117,0.0,84.46969696969697,0.8298706387634937
Fluphenazine,VIABILITY,Bircsak2021_S5_Fluphenazine_03,fixed50,fixed50_a1,85.99752943167535,82.95454545454545,84.46969696969697,0.03602456367543909
Fluphenazine,VIABILITY,Bircsak2021_S5_Fluphenazine_05,fixed50,fixed50_a1,76.1452860668503,14.393939393939394,84.46969696969697,0.731047332809349
Fluphenazine,VIABILITY,Bircsak2021_S5_Fluphenazine_06,fixed50,fixed50_a1,60.27360264849764,0.0,84.46969696969697,0.7135529640898376
Fluphenazine,VIABILITY,Bircsak2021_S5_Fluphenazine_03,interpolation,interpolation,82.95454406738281,82.95454545454545,84.46969696969697,1.6422015119234953e-08
Fluphenazine,VIABILITY,Bircsak2021_S5_Fluphenazine_05,interpolation,interpolation,79.92424011230469,14.393939393939394,84.46969696969697,0.7757847259932035
Fluphenazine,VIABILITY,Bircsak2021_S5_Fluphenazine_06,interpolation,interpolation,79.92424011230469,0.0,84.46969696969697,0.9461883134371497
Glafenine,ALBUMIN,Bircsak2021_S6_Glafenine_02,selected,fixed5_a0.5,939.4807653019118,944.4444444444445,955.5555555555557,0.00519454793985977
Glafenine,ALBUMIN,Bircsak2021_S6_Glafenine_04,selected,fixed5_a0.5,893.2068658434562,1111.111111111111,955.5555555555557,0.22803932644289465
Glafenine,ALBUMIN,Bircsak2021_S6_Glafenine_06,selected,fixed5_a0.5,822.7835233506594,477.7777777777778,955.5555555555557,0.36105252443673647
Glafenine,ALBUMIN,Bircsak2021_S6_Glafenine_07,selected,fixed5_a0.5,687.797957972646,422.22222222222223,955.5555555555557,0.2779280955527691
Glafenine,ALBUMIN,Bircsak2021_S6_Glafenine_02,fixed50,fixed50_a1,962.703436914464,944.4444444444445,955.5555555555557,0.019108247933741343
Glafenine,ALBUMIN,Bircsak2021_S6_Glafenine_04,fixed50,fixed50_a1,872.0890932260284,1111.111111111111,955.5555555555557,0.2501393210425284
Glafenine,ALBUMIN,Bircsak2021_S6_Glafenine_06,fixed50,fixed50_a1,751.9393424244261,477.7777777777778,955.5555555555557,0.28691326532788763
Glafenine,ALBUMIN,Bircsak2021_S6_Glafenine_07,fixed50,fixed50_a1,515.0954110020443,422.22222222222223,955.5555555555557,0.09719287197888359
Glafenine,ALBUMIN,Bircsak2021_S6_Glafenine_02,interpolation,interpolation,927.2435913085938,944.4444444444445,955.5555555555557,0.018000892816587948
Glafenine,ALBUMIN,Bircsak2021_S6_Glafenine_04,interpolation,interpolation,927.7777709960938,1111.111111111111,955.5555555555557,0.19186047221339023
Glafenine,ALBUMIN,Bircsak2021_S6_Glafenine_06,interpolation,interpolation,955.5555419921875,477.7777777777778,955.5555555555557,0.49999998580577754
Glafenine,ALBUMIN,Bircsak2021_S6_Glafenine_07,interpolation,interpolation,955.5555419921875,422.22222222222223,955.5555555555557,0.5581395206894986
Glafenine,VIABILITY,Bircsak2021_S5_Glafenine_02,selected,fixed50_a1,89.29341176693782,90.22556390977444,89.47368421052632,0.01041817100817392
Glafenine,VIABILITY,Bircsak2021_S5_Glafenine_04,selected,fixed50_a1,89.22772269526402,88.34586466165413,89.47368421052632,0.00985606037563992
Glafenine,VIABILITY,Bircsak2021_S5_Glafenine_06,selected,fixed50_a1,33.34851561670823,63.1578947368421,89.47368421052632,0.33316364898973155
Glafenine,VIABILITY,Bircsak2021_S5_Glafenine_07,selected,fixed50_a1,14.482815041686791,75.56390977443608,89.47368421052632,0.6826710587777862
Glafenine,VIABILITY,Bircsak2021_S5_Glafenine_02,fixed50,fixed50_a1,89.29341176693782,90.22556390977444,89.47368421052632,0.01041817100817392
Glafenine,VIABILITY,Bircsak2021_S5_Glafenine_04,fixed50,fixed50_a1,89.22772269526402,88.34586466165413,89.47368421052632,0.00985606037563992
Glafenine,VIABILITY,Bircsak2021_S5_Glafenine_06,fixed50,fixed50_a1,33.34851561670823,63.1578947368421,89.47368421052632,0.33316364898973155
Glafenine,VIABILITY,Bircsak2021_S5_Glafenine_07,fixed50,fixed50_a1,14.482815041686791,75.56390977443608,89.47368421052632,0.6826710587777862
Glafenine,VIABILITY,Bircsak2021_S5_Glafenine_02,interpolation,interpolation,88.52471160888672,90.22556390977444,89.47368421052632,0.019009525715803905
Glafenine,VIABILITY,Bircsak2021_S5_Glafenine_04,interpolation,interpolation,88.52434539794922,88.34586466165413,89.47368421052632,0.001994784699768606
Glafenine,VIABILITY,Bircsak2021_S5_Glafenine_06,interpolation,interpolation,89.47368621826172,63.1578947368421,89.47368421052632,0.2941176694982192
Glafenine,VIABILITY,Bircsak2021_S5_Glafenine_07,interpolation,interpolation,89.47368621826172,75.56390977443608,89.47368421052632,0.15546220731334534
Iproniazid,ALBUMIN,Bircsak2021_S6_Iproniazid_02,selected,fixed50_a1,1096.260566986024,1059.4795539033457,1092.9368029739778,0.033653375915783906
Iproniazid,ALBUMIN,Bircsak2021_S6_Iproniazid_04,selected,fixed50_a1,973.0975319446674,1226.7657992565055,1092.9368029739778,0.2320978364179743
Iproniazid,ALBUMIN,Bircsak2021_S6_Iproniazid_06,selected,fixed50_a1,399.59599052786905,1059.4795539033457,1092.9368029739778,0.6037710154693987
Iproniazid,ALBUMIN,Bircsak2021_S6_Iproniazid_07,selected,fixed50_a1,186.19199289693768,1137.546468401487,1092.9368029739778,0.870456986090897
Iproniazid,ALBUMIN,Bircsak2021_S6_Iproniazid_02,fixed50,fixed50_a1,1096.260566986024,1059.4795539033457,1092.9368029739778,0.033653375915783906
Iproniazid,ALBUMIN,Bircsak2021_S6_Iproniazid_04,fixed50,fixed50_a1,973.0975319446674,1226.7657992565055,1092.9368029739778,0.2320978364179743
Iproniazid,ALBUMIN,Bircsak2021_S6_Iproniazid_06,fixed50,fixed50_a1,399.59599052786905,1059.4795539033457,1092.9368029739778,0.6037710154693987
Iproniazid,ALBUMIN,Bircsak2021_S6_Iproniazid_07,fixed50,fixed50_a1,186.19199289693768,1137.546468401487,1092.9368029739778,0.870456986090897
Iproniazid,ALBUMIN,Bircsak2021_S6_Iproniazid_02,interpolation,interpolation,1053.516845703125,1059.4795539033457,1092.9368029739778,0.0054556751899978795
Iproniazid,ALBUMIN,Bircsak2021_S6_Iproniazid_04,interpolation,interpolation,981.743896484375,1226.7657992565055,1092.9368029739778,0.22418670695817378
Iproniazid,ALBUMIN,Bircsak2021_S6_Iproniazid_06,interpolation,interpolation,947.9553833007812,1059.4795539033457,1092.9368029739778,0.10204082276221035
Iproniazid,ALBUMIN,Bircsak2021_S6_Iproniazid_07,interpolation,interpolation,947.9553833007812,1137.546468401487,1092.9368029739778,0.17346939419078167
Iproniazid,VIABILITY,Bircsak2021_S5_Iproniazid_02,selected,fixed50_a0.5,84.80396141994649,85.28301886792453,82.64150943396227,0.005796813868227377
Iproniazid,VIABILITY,Bircsak2021_S5_Iproniazid_04,selected,fixed50_a0.5,86.20263544455071,86.79245283018868,82.64150943396227,0.007137059689226594
Iproniazid,VIABILITY,Bircsak2021_S5_Iproniazid_06,selected,fixed50_a0.5,80.90035080327155,84.52830188679246,82.64150943396227,0.04389986470927131
Iproniazid,VIABILITY,Bircsak2021_S5_Iproniazid_07,selected,fixed50_a0.5,80.49499295376552,86.0377358490566,82.64150943396227,0.06706971996585102
Iproniazid,VIABILITY,Bircsak2021_S5_Iproniazid_02,fixed50,fixed50_a1,85.06055955864296,85.28301886792453,82.64150943396227,0.002691859221900167
Iproniazid,VIABILITY,Bircsak2021_S5_Iproniazid_04,fixed50,fixed50_a1,85.80150349408189,86.79245283018868,82.64150943396227,0.01199093945517354
Iproniazid,VIABILITY,Bircsak2021_S5_Iproniazid_06,fixed50,fixed50_a1,75.00825165537124,84.52830188679246,82.64150943396227,0.11519695485509698
Iproniazid,VIABILITY,Bircsak2021_S5_Iproniazid_07,fixed50,fixed50_a1,74.19753595635918,86.0377358490566,82.64150943396227,0.14327182518560813
Iproniazid,VIABILITY,Bircsak2021_S5_Iproniazid_02,interpolation,interpolation,84.54736328125,85.28301886792453,82.64150943396227,0.008901768514554759
Iproniazid,VIABILITY,Bircsak2021_S5_Iproniazid_04,interpolation,interpolation,86.60376739501953,86.79245283018868,82.64150943396227,0.002283179923279648
Iproniazid,VIABILITY,Bircsak2021_S5_Iproniazid_06,interpolation,interpolation,86.79244995117188,84.52830188679246,82.64150943396227,0.027397225436554533
Iproniazid,VIABILITY,Bircsak2021_S5_Iproniazid_07,interpolation,interpolation,86.79244995117188,86.0377358490566,82.64150943396227,0.009132385253906266
Ketoconazole,ALBUMIN,Bircsak2021_S6_Ketoconazole_02,selected,fixed2_a0.5,1327.0890707443773,1088.888888888889,1288.888888888889,0.18481048592236168
Ketoconazole,ALBUMIN,Bircsak2021_S6_Ketoconazole_04,selected,fixed2_a0.5,1131.9808620815772,1144.4444444444443,1288.888888888889,0.0096700207987762
Ketoconazole,ALBUMIN,Bircsak2021_S6_Ketoconazole_06,selected,fixed2_a0.5,738.9892161982834,533.3333333333334,1288.888888888889,0.15956059877453022
Ketoconazole,ALBUMIN,Bircsak2021_S6_Ketoconazole_07,selected,fixed2_a0.5,627.3951995922466,33.333333333333336,1288.888888888889,0.46091006864915685
Ketoconazole,ALBUMIN,Bircsak2021_S6_Ketoconazole_02,fixed50,fixed50_a1,1360.1790596150167,1088.888888888889,1288.888888888889,0.21048375314958193
Ketoconazole,ALBUMIN,Bircsak2021_S6_Ketoconazole_04,fixed50,fixed50_a1,1160.6090153593807,1144.4444444444443,1288.888888888889,0.01254147743400234
Ketoconazole,ALBUMIN,Bircsak2021_S6_Ketoconazole_06,fixed50,fixed50_a1,471.7867837135662,533.3333333333334,1288.888888888889,0.04775163332568143
Ketoconazole,ALBUMIN,Bircsak2021_S6_Ketoconazole_07,fixed50,fixed50_a1,228.6566448424221,33.333333333333336,1288.888888888889,0.15154394858463782
Ketoconazole,ALBUMIN,Bircsak2021_S6_Ketoconazole_02,interpolation,interpolation,1235.3909912109375,1088.888888888889,1288.888888888889,0.11366542421538252
Ketoconazole,ALBUMIN,Bircsak2021_S6_Ketoconazole_04,interpolation,interpolation,1073.525390625,1144.4444444444443,1288.888888888889,0.05502340382543096
Ketoconazole,ALBUMIN,Bircsak2021_S6_Ketoconazole_06,interpolation,interpolation,966.6666870117188,533.3333333333334,1288.888888888889,0.3362069123366783
Ketoconazole,ALBUMIN,Bircsak2021_S6_Ketoconazole_07,interpolation,interpolation,966.6666870117188,33.333333333333336,1288.888888888889,0.7241379468194369
Ketoconazole,VIABILITY,Bircsak2021_S5_Ketoconazole_02,selected,fixed50_a0.5,88.99519131986358,88.63636363636364,89.77272727272727,0.0039970678668347645
Ketoconazole,VIABILITY,Bircsak2021_S5_Ketoconazole_04,selected,fixed50_a0.5,87.7879030533925,89.39393939393939,89.77272727272727,0.017890025059256534
Ketoconazole,VIABILITY,Bircsak2021_S5_Ketoconazole_06,selected,fixed50_a0.5,79.66908041581596,60.60606060606061,89.77272727272727,0.21234756243778108
Ketoconazole,VIABILITY,Bircsak2021_S5_Ketoconazole_07,selected,fixed50_a0.5,47.7285295439973,13.257575757575758,89.77272727272727,0.38398024470950576
Ketoconazole,VIABILITY,Bircsak2021_S5_Ketoconazole_02,fixed50,fixed50_a1,88.57246729548889,88.63636363636364,89.77272727272727,0.0007117567084782123
Ketoconazole,VIABILITY,Bircsak2021_S5_Ketoconazole_04,fixed50,fixed50_a1,87.50762220785921,89.39393939393939,89.77272727272727,0.021012140806969063
Ketoconazole,VIABILITY,Bircsak2021_S5_Ketoconazole_06,fixed50,fixed50_a1,72.21694501131942,60.60606060606061,89.77272727272727,0.12933643388136404
Ketoconazole,VIABILITY,Bircsak2021_S5_Ketoconazole_07,fixed50,fixed50_a1,8.335843267682094,13.257575757575758,89.77272727272727,0.05482436191273955
Ketoconazole,VIABILITY,Bircsak2021_S5_Ketoconazole_02,interpolation,interpolation,89.41791534423828,88.63636363636364,89.77272727272727,0.0087058924421479
Ketoconazole,VIABILITY,Bircsak2021_S5_Ketoconazole_04,interpolation,interpolation,88.06818389892578,89.39393939393939,89.77272727272727,0.014767909311544007
Ketoconazole,VIABILITY,Bircsak2021_S5_Ketoconazole_06,interpolation,interpolation,87.1212158203125,60.60606060606061,89.77272727272727,0.2953586909941983
Ketoconazole,VIABILITY,Bircsak2021_S5_Ketoconazole_07,interpolation,interpolation,87.1212158203125,13.257575757575758,89.77272727272727,0.8227848513317512
Meloxicam,ALBUMIN,Bircsak2021_S6_Meloxicam_02,selected,fixed50_a0.5,1036.4387342990449,1022.2222222222222,1033.3333333333333,0.013757914913054236
Meloxicam,ALBUMIN,Bircsak2021_S6_Meloxicam_04,selected,fixed50_a0.5,995.8920595357104,911.1111111111111,1033.3333333333333,0.08204607912057994
Meloxicam,ALBUMIN,Bircsak2021_S6_Meloxicam_06,selected,fixed50_a0.5,807.7305207607674,933.3333333333334,1033.3333333333333,0.1215511089411929
Meloxicam,ALBUMIN,Bircsak2021_S6_Meloxicam_07,selected,fixed50_a0.5,836.415033463412,311.1111111111111,1033.3333333333333,0.5083586345344848
Meloxicam,ALBUMIN,Bircsak2021_S6_Meloxicam_02,fixed50,fixed50_a1,1076.5078396918395,1022.2222222222222,1033.3333333333333,0.05253446851898455
Meloxicam,ALBUMIN,Bircsak2021_S6_Meloxicam_04,fixed50,fixed50_a1,1063.7313236612645,911.1111111111111,1033.3333333333333,0.14769697988724523
Meloxicam,ALBUMIN,Bircsak2021_S6_Meloxicam_06,fixed50,fixed50_a1,715.4610415215346,933.3333333333334,1033.3333333333333,0.21084415336625686
Meloxicam,ALBUMIN,Bircsak2021_S6_Meloxicam_07,fixed50,fixed50_a1,772.830066926824,311.1111111111111,1033.3333333333333,0.4468247959506899
Meloxicam,ALBUMIN,Bircsak2021_S6_Meloxicam_02,interpolation,interpolation,996.36962890625,1022.2222222222222,1033.3333333333333,0.025018638692876297
Meloxicam,ALBUMIN,Bircsak2021_S6_Meloxicam_04,interpolation,interpolation,928.0527954101562,911.1111111111111,1033.3333333333333,0.016395178353914675
Meloxicam,ALBUMIN,Bircsak2021_S6_Meloxicam_06,interpolation,interpolation,900.0,933.3333333333334,1033.3333333333333,0.03225806451612907
Meloxicam,ALBUMIN,Bircsak2021_S6_Meloxicam_07,interpolation,interpolation,900.0,311.1111111111111,1033.3333333333333,0.5698924731182796
Meloxicam,VIABILITY,Bircsak2021_S5_Meloxicam_02,selected,fixed50_a0.5,84.79037051310704,86.79245283018868,84.52830188679246,0.023685348840474806
Meloxicam,VIABILITY,Bircsak2021_S5_Meloxicam_04,selected,fixed50_a0.5,86.87226424637622,86.0377358490566,84.52830188679246,0.009872768986147243
Meloxicam,VIABILITY,Bircsak2021_S5_Meloxicam_06,selected,fixed50_a0.5,86.29162857133366,86.0377358490566,84.52830188679246,0.0030036415805098395
Meloxicam,VIABILITY,Bircsak2021_S5_Meloxicam_07,selected,fixed50_a0.5,76.80456843177774,81.13207547169812,84.52830188679246,0.0511959538204866
Meloxicam,VIABILITY,Bircsak2021_S5_Meloxicam_02,fixed50,fixed50_a1,84.13763342123359,86.79245283018868,84.52830188679246,0.03140746175772764
Meloxicam,VIABILITY,Bircsak2021_S5_Meloxicam_04,fixed50,fixed50_a1,87.32943602449072,86.0377358490566,84.52830188679246,0.015281274396876814
Meloxicam,VIABILITY,Bircsak2021_S5_Meloxicam_06,fixed50,fixed50_a1,86.1681646744056,86.0377358490566,84.52830188679246,0.001543019585602009
Meloxicam,VIABILITY,Bircsak2021_S5_Meloxicam_07,fixed50,fixed50_a1,67.19404439529377,81.13207547169812,84.52830188679246,0.16489188550210493
Meloxicam,VIABILITY,Bircsak2021_S5_Meloxicam_02,interpolation,interpolation,85.44310760498047,86.79245283018868,84.52830188679246,0.015963235923222133
Meloxicam,VIABILITY,Bircsak2021_S5_Meloxicam_04,interpolation,interpolation,86.41509246826172,86.0377358490566,84.52830188679246,0.0044642635754176705
Meloxicam,VIABILITY,Bircsak2021_S5_Meloxicam_06,interpolation,interpolation,86.41509246826172,86.0377358490566,84.52830188679246,0.0044642635754176705
Meloxicam,VIABILITY,Bircsak2021_S5_Meloxicam_07,interpolation,interpolation,86.41509246826172,81.13207547169812,84.52830188679246,0.06249997786113191
Nefazodone,ALBUMIN,Bircsak2021_S6_Nefazodone_02,selected,fixed2_a0.5,1247.760633301768,1338.2899628252787,1483.271375464684,0.06103355799955991
Nefazodone,ALBUMIN,Bircsak2021_S6_Nefazodone_04,selected,fixed2_a0.5,1143.5398972310832,1104.089219330855,1483.271375464684,0.026597073571833
Nefazodone,ALBUMIN,Bircsak2021_S6_Nefazodone_06,selected,fixed2_a0.5,803.5245114211127,959.1078066914497,1483.271375464684,0.10489199605945024
Nefazodone,ALBUMIN,Bircsak2021_S6_Nefazodone_07,selected,fixed2_a0.5,727.4269365567484,22.304832713754646,1483.271375464684,0.47538307251570255
Nefazodone,ALBUMIN,Bircsak2021_S6_Nefazodone_02,fixed50,fixed50_a1,1232.7189283683758,1338.2899628252787,1483.271375464684,0.07117445681430296
Nefazodone,ALBUMIN,Bircsak2021_S6_Nefazodone_04,fixed50,fixed50_a1,1099.2722366959713,1104.089219330855,1483.271375464684,0.00324753967113716
Nefazodone,ALBUMIN,Bircsak2021_S6_Nefazodone_06,fixed50,fixed50_a1,377.87396614325337,959.1078066914497,1483.271375464684,0.39185940628437294
Nefazodone,ALBUMIN,Bircsak2021_S6_Nefazodone_07,fixed50,fixed50_a1,185.69200729948398,22.304832713754646,1483.271375464684,0.11015325805403807
Nefazodone,ALBUMIN,Bircsak2021_S6_Nefazodone_02,interpolation,interpolation,1311.4415283203125,1338.2899628252787,1483.271375464684,0.018100824265252925
Nefazodone,ALBUMIN,Bircsak2021_S6_Nefazodone_04,interpolation,interpolation,1171.554443359375,1104.089219330855,1483.271375464684,0.04548407334253602
Nefazodone,ALBUMIN,Bircsak2021_S6_Nefazodone_06,interpolation,interpolation,1215.6134033203125,959.1078066914497,1483.271375464684,0.17293234459439621
Nefazodone,ALBUMIN,Bircsak2021_S6_Nefazodone_07,interpolation,interpolation,1215.6134033203125,22.304832713754646,1483.271375464684,0.8045112919628171
Nefazodone,VIABILITY,Bircsak2021_S5_Nefazodone_02,selected,fixed2_a0.5,89.48059556777096,90.9433962264151,90.56603773584906,0.01615175727252906
Nefazodone,VIABILITY,Bircsak2021_S5_Nefazodone_04,selected,fixed2_a0.5,90.30429572518187,91.32075471698113,90.56603773584906,0.011223401367783433
Nefazodone,VIABILITY,Bircsak2021_S5_Nefazodone_06,selected,fixed2_a0.5,87.15633463002598,84.52830188679246,90.56603773584906,0.029017861539870096
Nefazodone,VIABILITY,Bircsak2021_S5_Nefazodone_07,selected,fixed2_a0.5,74.14825184048055,10.18867924528302,90.56603773584906,0.7062202807386394
Nefazodone,VIABILITY,Bircsak2021_S5_Nefazodone_02,fixed50,fixed50_a1,88.54124804037741,90.9433962264151,90.56603773584906,0.026523719554166183
Nefazodone,VIABILITY,Bircsak2021_S5_Nefazodone_04,fixed50,fixed50_a1,90.0678089625214,91.32075471698113,90.56603773584906,0.013834609372159525
Nefazodone,VIABILITY,Bircsak2021_S5_Nefazodone_06,fixed50,fixed50_a1,87.02542604944844,84.52830188679246,90.56603773584906,0.02757241262932643
Nefazodone,VIABILITY,Bircsak2021_S5_Nefazodone_07,fixed50,fixed50_a1,32.788076964703585,10.18867924528302,90.56603773584906,0.2495350164852687
Nefazodone,VIABILITY,Bircsak2021_S5_Nefazodone_02,interpolation,interpolation,90.20301055908203,90.9433962264151,90.56603773584906,0.008175091743469339
Nefazodone,VIABILITY,Bircsak2021_S5_Nefazodone_04,interpolation,interpolation,90.56603240966797,91.32075471698113,90.56603773584906,0.008333392143249463
Nefazodone,VIABILITY,Bircsak2021_S5_Nefazodone_06,interpolation,interpolation,91.32075500488281,84.52830188679246,90.56603773584906,0.07500000317891427
Nefazodone,VIABILITY,Bircsak2021_S5_Nefazodone_07,interpolation,interpolation,91.32075500488281,10.18867924528302,90.56603773584906,0.8958333365122475
Nevirapine,ALBUMIN,Bircsak2021_S6_Nevirapine_02,selected,fixed5_a0.5,1631.9565742370355,1544.4444444444446,1522.2222222222222,0.05748972030170208
Nevirapine,ALBUMIN,Bircsak2021_S6_Nevirapine_04,selected,fixed5_a0.5,1647.8336384762436,1600.0,1522.2222222222222,0.0314235581230797
Nevirapine,ALBUMIN,Bircsak2021_S6_Nevirapine_06,selected,fixed5_a0.5,1448.424805352247,1411.111111111111,1522.2222222222222,0.02451264585184108
Nevirapine,ALBUMIN,Bircsak2021_S6_Nevirapine_07,selected,fixed5_a0.5,1224.0123612594239,1422.2222222222222,1522.2222222222222,0.1302108575668018
Nevirapine,ALBUMIN,Bircsak2021_S6_Nevirapine_02,fixed50,fixed50_a1,1714.8146951784406,1544.4444444444446,1522.2222222222222,0.1119220625259828
Nevirapine,ALBUMIN,Bircsak2021_S6_Nevirapine_04,fixed50,fixed50_a1,1737.9569162585392,1600.0,1522.2222222222222,0.09062863111874837
Nevirapine,ALBUMIN,Bircsak2021_S6_Nevirapine_06,fixed50,fixed50_a1,1376.3514899622114,1411.111111111111,1522.2222222222222,0.022834787616065475
Nevirapine,ALBUMIN,Bircsak2021_S6_Nevirapine_07,fixed50,fixed50_a1,1014.2096554236363,1422.2222222222222,1522.2222222222222,0.2680374526414068
Nevirapine,ALBUMIN,Bircsak2021_S6_Nevirapine_02,interpolation,interpolation,1584.773681640625,1544.4444444444446,1522.2222222222222,0.026493659471943348
Nevirapine,ALBUMIN,Bircsak2021_S6_Nevirapine_04,interpolation,interpolation,1605.5555419921875,1600.0,1522.2222222222222,0.0036496261262545624
Nevirapine,ALBUMIN,Bircsak2021_S6_Nevirapine_06,interpolation,interpolation,1555.5555419921875,1411.111111111111,1522.2222222222222,0.09489050203866334
Nevirapine,ALBUMIN,Bircsak2021_S6_Nevirapine_07,interpolation,interpolation,1555.5555419921875,1422.2222222222222,1522.2222222222222,0.08759123196567066
Nevirapine,VIABILITY,Bircsak2021_S5_Nevirapine_02,selected,fixed50_a0.5,86.25105639320518,86.29629629629629,86.29629629629629,0.0005242392203691468
Nevirapine,VIABILITY,Bircsak2021_S5_Nevirapine_04,selected,fixed50_a0.5,87.2875736914329,88.14814814814815,86.29629629629629,0.009972322030605966
Nevirapine,VIABILITY,Bircsak2021_S5_Nevirapine_06,selected,fixed50_a0.5,85.08354051558149,86.66666666666667,86.29629629629629,0.018345238660643737
Nevirapine,VIABILITY,Bircsak2021_S5_Nevirapine_07,selected,fixed50_a0.5,77.41900234320741,86.29629629629629,86.29629629629629,0.10286992992849776
Nevirapine,VIABILITY,Bircsak2021_S5_Nevirapine_02,fixed50,fixed50_a1,85.15026036941816,86.29629629629629,86.29629629629629,0.01328024464622723
Nevirapine,VIABILITY,Bircsak2021_S5_Nevirapine_04,fixed50,fixed50_a1,86.99398588384234,88.14814814814815,86.29629629629629,0.013374412504831281
Nevirapine,VIABILITY,Bircsak2021_S5_Nevirapine_06,fixed50,fixed50_a1,83.50041690762782,86.66666666666667,86.29629629629629,0.03669044785152314
Nevirapine,VIABILITY,Bircsak2021_S5_Nevirapine_07,fixed50,fixed50_a1,68.17134056287965,86.29629629629629,86.29629629629629,0.21003167588079372
Nevirapine,VIABILITY,Bircsak2021_S5_Nevirapine_02,interpolation,interpolation,87.35185241699219,86.29629629629629,86.29629629629629,0.012231766205488936
Nevirapine,VIABILITY,Bircsak2021_S5_Nevirapine_04,interpolation,interpolation,87.58116149902344,88.14814814814815,86.29629629629629,0.006570231556380817
Nevirapine,VIABILITY,Bircsak2021_S5_Nevirapine_06,interpolation,interpolation,86.66666412353516,86.66666666666667,86.29629629629629,2.9469764338689998e-08
Nevirapine,VIABILITY,Bircsak2021_S5_Nevirapine_07,interpolation,interpolation,86.66666412353516,86.29629629629629,86.29629629629629,0.004291816023798015
Nifedipine,ALBUMIN,Bircsak2021_S6_Nifedipine_02,selected,fixed5_a1,1540.1679357227608,1739.7769516728624,1661.7100371747213,0.12012265165677254
Nifedipine,ALBUMIN,Bircsak2021_S6_Nifedipine_04,selected,fixed5_a1,1142.5946390807965,1516.728624535316,1661.7100371747213,0.22514998229813363
Nifedipine,ALBUMIN,Bircsak2021_S6_Nifedipine_06,selected,fixed5_a1,750.2560370569627,713.7546468401487,1661.7100371747213,0.021966161002959655
Nifedipine,ALBUMIN,Bircsak2021_S6_Nifedipine_07,selected,fixed5_a1,130.47782083145967,825.2788104089219,1661.7100371747213,0.41812408545041907
Nifedipine,ALBUMIN,Bircsak2021_S6_Nifedipine_02,fixed50,fixed50_a1,1553.4262384032004,1739.7769516728624,1661.7100371747213,0.11214394154259304
Nifedipine,ALBUMIN,Bircsak2021_S6_Nifedipine_04,fixed50,fixed50_a1,1198.7681995321277,1516.728624535316,1661.7100371747213,0.19134531169095667
Nifedipine,ALBUMIN,Bircsak2021_S6_Nifedipine_06,fixed50,fixed50_a1,757.6658015050671,713.7546468401487,1661.7100371747213,0.02642528099521935
Nifedipine,ALBUMIN,Bircsak2021_S6_Nifedipine_07,fixed50,fixed50_a1,256.4001556750793,825.2788104089219,1661.7100371747213,0.34234532018658537
Nifedipine,ALBUMIN,Bircsak2021_S6_Nifedipine_02,interpolation,interpolation,1613.3829345703125,1739.7769516728624,1661.7100371747213,0.07606261879325711
Nifedipine,ALBUMIN,Bircsak2021_S6_Nifedipine_04,interpolation,interpolation,1087.154052734375,1516.728624535316,1661.7100371747213,0.25851355663188613
Nifedipine,ALBUMIN,Bircsak2021_S6_Nifedipine_06,interpolation,interpolation,624.5353393554688,713.7546468401487,1661.7100371747213,0.05369126110375592
Nifedipine,ALBUMIN,Bircsak2021_S6_Nifedipine_07,interpolation,interpolation,624.5353393554688,825.2788104089219,1661.7100371747213,0.12080535506348747
Nifedipine,VIABILITY,Bircsak2021_S5_Nifedipine_02,selected,fixed50_a0.5,88.3189564196872,87.87878787878788,89.01515151515152,0.004944872119039188
Nifedipine,VIABILITY,Bircsak2021_S5_Nifedipine_04,selected,fixed50_a0.5,88.68298714723726,87.12121212121212,89.01515151515152,0.01754504710087807
Nifedipine,VIABILITY,Bircsak2021_S5_Nifedipine_06,selected,fixed50_a0.5,86.31536708191484,86.36363636363636,89.01515151515152,0.0005422591648715065
Nifedipine,VIABILITY,Bircsak2021_S5_Nifedipine_07,selected,fixed50_a0.5,80.27041940502467,72.34848484848484,89.01515151515152,0.08899534991176654
Nifedipine,VIABILITY,Bircsak2021_S5_Nifedipine_02,fixed50,fixed50_a1,87.62276086183532,87.87878787878788,89.01515151515152,0.0028762184032117156
Nifedipine,VIABILITY,Bircsak2021_S5_Nifedipine_04,fixed50,fixed50_a1,89.10839830570498,87.12121212121212,89.01515151515152,0.02232413415770698
Nifedipine,VIABILITY,Bircsak2021_S5_Nifedipine_06,fixed50,fixed50_a1,85.1307341638297,86.36363636363636,89.01515151515152,0.013850475776551407
Nifedipine,VIABILITY,Bircsak2021_S5_Nifedipine_07,fixed50,fixed50_a1,73.04083881004934,72.34848484848484,89.01515151515152,0.007777933866086216
Nifedipine,VIABILITY,Bircsak2021_S5_Nifedipine_02,interpolation,interpolation,89.01515197753906,87.87878787878788,89.01515151515152,0.012765962641289933
Nifedipine,VIABILITY,Bircsak2021_S5_Nifedipine_04,interpolation,interpolation,88.25757598876953,87.12121212121212,89.01515151515152,0.012765960044049163
Nifedipine,VIABILITY,Bircsak2021_S5_Nifedipine_06,interpolation,interpolation,87.5,86.36363636363636,89.01515151515152,0.012765957446808553
Nifedipine,VIABILITY,Bircsak2021_S5_Nifedipine_07,interpolation,interpolation,87.5,72.34848484848484,89.01515151515152,0.17021276595744686
Nimesulide,ALBUMIN,Bircsak2021_S6_Nimesulide_02,selected,fixed5_a0.5,1678.9877269674214,1628.2527881040892,1795.5390334572492,0.028256104667156036
Nimesulide,ALBUMIN,Bircsak2021_S6_Nimesulide_04,selected,fixed5_a0.5,1119.0388042977584,1516.728624535316,1795.5390334572492,0.2214877052668799
Nimesulide,ALBUMIN,Bircsak2021_S6_Nimesulide_06,selected,fixed5_a0.5,550.5325880427823,144.98141263940522,1795.5390334572492,0.22586597553521415
Nimesulide,ALBUMIN,Bircsak2021_S6_Nimesulide_07,selected,fixed5_a0.5,576.5556140661565,100.3717472118959,1795.5390334572492,0.26520385131220725
Nimesulide,ALBUMIN,Bircsak2021_S6_Nimesulide_02,fixed50,fixed50_a1,1525.2674702403947,1628.2527881040892,1795.5390334572492,0.05735621222636401
Nimesulide,ALBUMIN,Bircsak2021_S6_Nimesulide_04,fixed50,fixed50_a1,1030.8622515779496,1516.728624535316,1795.5390334572492,0.27059638576714606
Nimesulide,ALBUMIN,Bircsak2021_S6_Nimesulide_06,fixed50,fixed50_a1,332.35713939032183,144.98141263940522,1795.5390334572492,0.10435625361489972
Nimesulide,ALBUMIN,Bircsak2021_S6_Nimesulide_07,fixed50,fixed50_a1,314.8615609487222,100.3717472118959,1795.5390334572492,0.11945705982444361
Nimesulide,ALBUMIN,Bircsak2021_S6_Nimesulide_02,interpolation,interpolation,1767.3138427734375,1628.2527881040892,1795.5390334572492,0.07744808220715259
Nimesulide,ALBUMIN,Bircsak2021_S6_Nimesulide_04,interpolation,interpolation,1169.6268310546875,1516.728624535316,1795.5390334572492,0.19331342121384895
Nimesulide,ALBUMIN,Bircsak2021_S6_Nimesulide_06,interpolation,interpolation,613.3828735351562,144.98141263940522,1795.5390334572492,0.2608695506852112
Nimesulide,ALBUMIN,Bircsak2021_S6_Nimesulide_07,interpolation,interpolation,613.3828735351562,100.3717472118959,1795.5390334572492,0.28571427118210563
Nimesulide,VIABILITY,Bircsak2021_S5_Nimesulide_02,selected,fixed50_a0.5,87.3559920023132,86.14232209737828,86.89138576779027,0.013967666578345818
Nimesulide,VIABILITY,Bircsak2021_S5_Nimesulide_04,selected,fixed50_a0.5,85.04450464660944,87.64044943820225,86.89138576779027,0.02987574393772764
Nimesulide,VIABILITY,Bircsak2021_S5_Nimesulide_06,selected,fixed50_a0.5,62.51556757904079,53.18352059925093,86.89138576779027,0.10739898894844362
Nimesulide,VIABILITY,Bircsak2021_S5_Nimesulide_07,selected,fixed50_a0.5,58.34494315314136,46.441947565543074,86.89138576779027,0.13698706128830782
Nimesulide,VIABILITY,Bircsak2021_S5_Nimesulide_02,fixed50,fixed50_a1,87.44606908763423,86.14232209737828,86.89138576779027,0.01500432958613523
Nimesulide,VIABILITY,Bircsak2021_S5_Nimesulide_04,fixed50,fixed50_a1,87.50473500122669,87.64044943820225,86.89138576779027,0.0015618859772618514
Nimesulide,VIABILITY,Bircsak2021_S5_Nimesulide_06,fixed50,fixed50_a1,47.50304372741752,53.18352059925093,86.89138576779027,0.0653744536542897
Nimesulide,VIABILITY,Bircsak2021_S5_Nimesulide_07,fixed50,fixed50_a1,39.16179487561865,46.441947565543074,86.89138576779027,0.08378451587111302
Nimesulide,VIABILITY,Bircsak2021_S5_Nimesulide_02,interpolation,interpolation,87.26591491699219,86.14232209737828,86.89138576779027,0.012931003570556569
Nimesulide,VIABILITY,Bircsak2021_S5_Nimesulide_04,interpolation,interpolation,82.58427429199219,87.64044943820225,86.89138576779027,0.05818960189819343
Nimesulide,VIABILITY,Bircsak2021_S5_Nimesulide_06,interpolation,interpolation,77.52809143066406,53.18352059925093,86.89138576779027,0.28017243155117694
Nimesulide,VIABILITY,Bircsak2021_S5_Nimesulide_07,interpolation,interpolation,77.52809143066406,46.441947565543074,86.89138576779027,0.3577586384477286
Nitrofurantoin,ALBUMIN,Bircsak2021_S6_Nitrofurantoin_02,selected,fixed2_a1,1990.1770836827723,2377.777777777778,3422.2222222222226,0.11325994307970941
Nitrofurantoin,ALBUMIN,Bircsak2021_S6_Nitrofurantoin_04,selected,fixed2_a1,872.9959695192853,1177.7777777777778,3422.2222222222226,0.08905961929631274
Nitrofurantoin,ALBUMIN,Bircsak2021_S6_Nitrofurantoin_06,selected,fixed2_a1,88.62510638325682,111.1111111111111,3422.2222222222226,0.006570585797100276
Nitrofurantoin,ALBUMIN,Bircsak2021_S6_Nitrofurantoin_07,selected,fixed2_a1,40.065691251038714,22.22222222222222,3422.2222222222226,0.005214000690238585
Nitrofurantoin,ALBUMIN,Bircsak2021_S6_Nitrofurantoin_02,fixed50,fixed50_a1,2001.9072180647318,2377.777777777778,3422.2222222222226,0.10983230640965631
Nitrofurantoin,ALBUMIN,Bircsak2021_S6_Nitrofurantoin_04,fixed50,fixed50_a1,904.3973804227679,1177.7777777777778,3422.2222222222226,0.07988388234399639
Nitrofurantoin,ALBUMIN,Bircsak2021_S6_Nitrofurantoin_06,fixed50,fixed50_a1,93.8590491669054,111.1111111111111,3422.2222222222226,0.00504118693174842
Nitrofurantoin,ALBUMIN,Bircsak2021_S6_Nitrofurantoin_07,fixed50,fixed50_a1,68.39644249203536,22.22222222222222,3422.2222222222226,0.013492466961958384
Nitrofurantoin,ALBUMIN,Bircsak2021_S6_Nitrofurantoin_02,interpolation,interpolation,2291.089111328125,2377.777777777778,3422.2222222222226,0.025331103832690757
Nitrofurantoin,ALBUMIN,Bircsak2021_S6_Nitrofurantoin_04,interpolation,interpolation,711.5468139648438,1177.7777777777778,3422.2222222222226,0.13623632059468851
Nitrofurantoin,ALBUMIN,Bircsak2021_S6_Nitrofurantoin_06,interpolation,interpolation,177.77777099609375,111.1111111111111,3422.2222222222226,0.019480517498858565
Nitrofurantoin,ALBUMIN,Bircsak2021_S6_Nitrofurantoin_07,interpolation,interpolation,177.77777099609375,22.22222222222222,3422.2222222222226,0.04545454347288453
Nitrofurantoin,VIABILITY,Bircsak2021_S5_Nitrofurantoin_02,selected,fixed50_a0.5,88.3302881460519,88.63636363636364,89.77272727272727,0.0034094484996750932
Nitrofurantoin,VIABILITY,Bircsak2021_S5_Nitrofurantoin_04,selected,fixed50_a0.5,71.12391271775408,85.98484848484848,89.77272727272727,0.1655395376587731
Nitrofurantoin,VIABILITY,Bircsak2021_S5_Nitrofurantoin_06,selected,fixed50_a0.5,18.951323802117997,6.0606060606060606,89.77272727272727,0.14359280522190512
Nitrofurantoin,VIABILITY,Bircsak2021_S5_Nitrofurantoin_07,selected,fixed50_a0.5,25.68288113972936,0.3787878787878788,89.77272727272727,0.2818683806282089
Nitrofurantoin,VIABILITY,Bircsak2021_S5_Nitrofurantoin_02,fixed50,fixed50_a1,88.6605762921038,88.63636363636364,89.77272727272727,0.000269710595586566
Nitrofurantoin,VIABILITY,Bircsak2021_S5_Nitrofurantoin_04,fixed50,fixed50_a1,81.26297359834994,85.98484848484848,89.77272727272727,0.05259810000150273
Nitrofurantoin,VIABILITY,Bircsak2021_S5_Nitrofurantoin_06,fixed50,fixed50_a1,2.2965875761598227,6.0606060606060606,89.77272727272727,0.04192830716851506
Nitrofurantoin,VIABILITY,Bircsak2021_S5_Nitrofurantoin_07,fixed50,fixed50_a1,15.759702251382546,0.3787878787878788,89.77272727272727,0.17133170440358617
Nitrofurantoin,VIABILITY,Bircsak2021_S5_Nitrofurantoin_02,interpolation,interpolation,88.0,88.63636363636364,89.77272727272727,0.007088607594936753
Nitrofurantoin,VIABILITY,Bircsak2021_S5_Nitrofurantoin_04,interpolation,interpolation,60.9848518371582,85.98484848484848,89.77272727272727,0.27848097531604366
Nitrofurantoin,VIABILITY,Bircsak2021_S5_Nitrofurantoin_06,interpolation,interpolation,35.60606002807617,6.0606060606060606,89.77272727272727,0.3291139176123253
Nitrofurantoin,VIABILITY,Bircsak2021_S5_Nitrofurantoin_07,interpolation,interpolation,35.60606002807617,0.3787878787878788,89.77272727272727,0.39240505685283167
Tamoxifen,ALBUMIN,Bircsak2021_S6_Tamoxifen_02,selected,fixed5_a0.5,1239.64848000236,1144.4444444444443,1477.7777777777778,0.06442378346024366
Tamoxifen,ALBUMIN,Bircsak2021_S6_Tamoxifen_04,selected,fixed5_a0.5,1117.0915898253734,888.8888888888888,1477.7777777777778,0.15442288033295948
Tamoxifen,ALBUMIN,Bircsak2021_S6_Tamoxifen_06,selected,fixed5_a0.5,1029.6892022091338,11.11111111111111,1477.7777777777778,0.6892633699159552
Tamoxifen,ALBUMIN,Bircsak2021_S6_Tamoxifen_07,selected,fixed5_a0.5,711.2569708092335,11.11111111111111,1477.7777777777778,0.4737829125776768
Tamoxifen,ALBUMIN,Bircsak2021_S6_Tamoxifen_02,fixed50,fixed50_a1,1224.7707264756298,1144.4444444444443,1477.7777777777778,0.05435613069779465
Tamoxifen,ALBUMIN,Bircsak2021_S6_Tamoxifen_04,fixed50,fixed50_a1,1182.9635136062166,888.8888888888888,1477.7777777777778,0.1989978663500714
Tamoxifen,ALBUMIN,Bircsak2021_S6_Tamoxifen_06,fixed50,fixed50_a1,910.1697407068817,11.11111111111111,1477.7777777777778,0.6083855388242057
Tamoxifen,ALBUMIN,Bircsak2021_S6_Tamoxifen_07,fixed50,fixed50_a1,356.92825393695216,11.11111111111111,1477.7777777777778,0.2340116004084639
Tamoxifen,ALBUMIN,Bircsak2021_S6_Tamoxifen_02,interpolation,interpolation,1274.485595703125,1144.4444444444443,1477.7777777777778,0.08799777152843051
Tamoxifen,ALBUMIN,Bircsak2021_S6_Tamoxifen_04,interpolation,interpolation,1095.4166259765625,888.8888888888888,1477.7777777777778,0.13975561156308747
Tamoxifen,ALBUMIN,Bircsak2021_S6_Tamoxifen_06,interpolation,interpolation,1133.3333740234375,11.11111111111111,1477.7777777777778,0.7593985237752584
Tamoxifen,ALBUMIN,Bircsak2021_S6_Tamoxifen_07,interpolation,interpolation,1133.3333740234375,11.11111111111111,1477.7777777777778,0.7593985237752584
Tamoxifen,VIABILITY,Bircsak2021_S5_Tamoxifen_02,selected,fixed50_a0.5,85.59130638695049,86.46616541353383,86.46616541353383,0.010117934829181205
Tamoxifen,VIABILITY,Bircsak2021_S5_Tamoxifen_04,selected,fixed50_a0.5,83.5795815013633,87.96992481203007,86.46616541353383,0.050775274810320147
Tamoxifen,VIABILITY,Bircsak2021_S5_Tamoxifen_06,selected,fixed50_a0.5,74.89695072637852,1.1278195488721803,86.46616541353383,0.8531560388355082
Tamoxifen,VIABILITY,Bircsak2021_S5_Tamoxifen_07,selected,fixed50_a0.5,65.39619741366036,0.37593984962406013,86.46616541353383,0.7519734135666807
Tamoxifen,VIABILITY,Bircsak2021_S5_Tamoxifen_02,fixed50,fixed50_a1,85.25216233444787,86.46616541353383,86.46616541353383,0.014040209523341922
Tamoxifen,VIABILITY,Bircsak2021_S5_Tamoxifen_04,fixed50,fixed50_a1,84.45239878153517,87.96992481203007,86.46616541353383,0.04068095322224544
Tamoxifen,VIABILITY,Bircsak2021_S5_Tamoxifen_06,fixed50,fixed50_a1,69.71871376965157,1.1278195488721803,86.46616541353383,0.7932686027272747
Tamoxifen,VIABILITY,Bircsak2021_S5_Tamoxifen_07,fixed50,fixed50_a1,50.71720714421525,0.37593984962406013,86.46616541353383,0.5822077000157069
Tamoxifen,VIABILITY,Bircsak2021_S5_Tamoxifen_02,interpolation,interpolation,85.93045043945312,86.46616541353383,86.46616541353383,0.006195660135020323
Tamoxifen,VIABILITY,Bircsak2021_S5_Tamoxifen_04,interpolation,interpolation,82.7067642211914,87.96992481203007,86.46616541353383,0.06086959639839501
Tamoxifen,VIABILITY,Bircsak2021_S5_Tamoxifen_06,interpolation,interpolation,80.07518768310547,1.1278195488721803,86.46616541353383,0.9130434749437415
Tamoxifen,VIABILITY,Bircsak2021_S5_Tamoxifen_07,interpolation,interpolation,80.07518768310547,0.37593984962406013,86.46616541353383,0.9217391271176546
Theophylline,ALBUMIN,Bircsak2021_S6_Theophylline_03,selected,fixed50_a1,1104.638618174316,903.3457249070633,1104.089219330855,0.18231578548448138
Theophylline,ALBUMIN,Bircsak2021_S6_Theophylline_05,selected,fixed50_a1,563.2642581544778,881.0408921933085,1104.089219330855,0.287817894129446
Theophylline,ALBUMIN,Bircsak2021_S6_Theophylline_06,selected,fixed50_a1,424.4865691737713,914.4981412639405,1104.089219330855,0.44381519492341925
Theophylline,ALBUMIN,Bircsak2021_S6_Theophylline_03,fixed50,fixed50_a1,1104.638618174316,903.3457249070633,1104.089219330855,0.18231578548448138
Theophylline,ALBUMIN,Bircsak2021_S6_Theophylline_05,fixed50,fixed50_a1,563.2642581544778,881.0408921933085,1104.089219330855,0.287817894129446
Theophylline,ALBUMIN,Bircsak2021_S6_Theophylline_06,fixed50,fixed50_a1,424.4865691737713,914.4981412639405,1104.089219330855,0.44381519492341925
Theophylline,ALBUMIN,Bircsak2021_S6_Theophylline_03,interpolation,interpolation,997.1912231445312,903.3457249070633,1104.089219330855,0.08499811119824538
Theophylline,ALBUMIN,Bircsak2021_S6_Theophylline_05,interpolation,interpolation,869.8884887695312,881.0408921933085,1104.089219330855,0.010100998387192223
Theophylline,ALBUMIN,Bircsak2021_S6_Theophylline_06,interpolation,interpolation,869.8884887695312,914.4981412639405,1104.089219330855,0.040404028690222527
Theophylline,VIABILITY,Bircsak2021_S5_Theophylline_03,selected,fixed50_a0.5,86.36960179641784,86.43410852713178,85.65891472868216,0.0007530650010949142
Theophylline,VIABILITY,Bircsak2021_S5_Theophylline_05,selected,fixed50_a0.5,76.71663327235875,79.84496124031007,85.65891472868216,0.036520751843051626
Theophylline,VIABILITY,Bircsak2021_S5_Theophylline_06,selected,fixed50_a0.5,77.95435739234986,82.94573643410853,85.65891472868216,0.058270397863064934
Theophylline,VIABILITY,Bircsak2021_S5_Theophylline_03,fixed50,fixed50_a1,86.6926948037732,86.43410852713178,85.65891472868216,0.0030187900168997133
Theophylline,VIABILITY,Bircsak2021_S5_Theophylline_05,fixed50,fixed50_a1,67.77435388602609,79.84496124031007,85.65891472868216,0.14091478268802113
Theophylline,VIABILITY,Bircsak2021_S5_Theophylline_06,fixed50,fixed50_a1,70.24980212600833,82.94573643410853,85.65891472868216,0.14821497970542308
Theophylline,VIABILITY,Bircsak2021_S5_Theophylline_03,interpolation,interpolation,86.0465087890625,86.43410852713178,85.65891472868216,0.004524920019089376
Theophylline,VIABILITY,Bircsak2021_S5_Theophylline_05,interpolation,interpolation,85.6589126586914,79.84496124031007,85.65891472868216,0.06787327900191786
Theophylline,VIABILITY,Bircsak2021_S5_Theophylline_06,interpolation,interpolation,85.6589126586914,82.94573643410853,85.65891472868216,0.03167418397929336
Tolcapone,ALBUMIN,Bircsak2021_S6_Tolcapone_02,selected,fixed2_a0.5,1178.8557312435319,1371.7472118959106,1449.814126394052,0.1330456622961279
Tolcapone,ALBUMIN,Bircsak2021_S6_Tolcapone_04,selected,fixed2_a0.5,1012.2899272156061,579.9256505576209,1449.814126394052,0.2982204882589693
Tolcapone,ALBUMIN,Bircsak2021_S6_Tolcapone_06,selected,fixed2_a0.5,769.2760659766928,602.2304832713755,1449.814126394052,0.11521861986597529
Tolcapone,ALBUMIN,Bircsak2021_S6_Tolcapone_07,selected,fixed2_a0.5,543.8444100011889,22.304832713754646,1449.814126394052,0.35972858023158927
Tolcapone,ALBUMIN,Bircsak2021_S6_Tolcapone_02,fixed50,fixed50_a1,1186.2488959900197,1371.7472118959106,1449.814126394052,0.12794627430431962
Tolcapone,ALBUMIN,Bircsak2021_S6_Tolcapone_04,fixed50,fixed50_a1,1122.5696567041098,579.9256505576209,1449.814126394052,0.37428522475232184
Tolcapone,ALBUMIN,Bircsak2021_S6_Tolcapone_06,fixed50,fixed50_a1,558.8926489768826,602.2304832713755,1449.814126394052,0.02989199339799642
Tolcapone,ALBUMIN,Bircsak2021_S6_Tolcapone_07,fixed50,fixed50_a1,207.05660206213156,22.304832713754646,1449.814126394052,0.1274313486018292
Tolcapone,ALBUMIN,Bircsak2021_S6_Tolcapone_02,interpolation,interpolation,1208.9219970703125,1371.7472118959106,1449.814126394052,0.11230764817457921
Tolcapone,ALBUMIN,Bircsak2021_S6_Tolcapone_04,interpolation,interpolation,970.26025390625,579.9256505576209,1449.814126394052,0.2692307905148237
Tolcapone,ALBUMIN,Bircsak2021_S6_Tolcapone_06,interpolation,interpolation,959.1077880859375,602.2304832713755,1449.814126394052,0.24615383332081325
Tolcapone,ALBUMIN,Bircsak2021_S6_Tolcapone_07,interpolation,interpolation,959.1077880859375,22.304832713754646,1449.814126394052,0.6461538333208133
Tolcapone,VIABILITY,Bircsak2021_S5_Tolcapone_02,selected,fixed50_a0.5,85.53875237459079,87.54716981132076,87.16981132075472,0.023040286611837327
Tolcapone,VIABILITY,Bircsak2021_S5_Tolcapone_04,selected,fixed50_a0.5,85.52966503521999,53.58490566037736,87.16981132075472,0.3664658543001428
Tolcapone,VIABILITY,Bircsak2021_S5_Tolcapone_06,selected,fixed50_a0.5,84.50302096734725,74.33962264150942,87.16981132075472,0.11659309767736041
Tolcapone,VIABILITY,Bircsak2021_S5_Tolcapone_07,selected,fixed50_a0.5,64.1331592333865,8.30188679245283,87.16981132075472,0.640488623240148
Tolcapone,VIABILITY,Bircsak2021_S5_Tolcapone_02,fixed50,fixed50_a1,87.17813646304876,87.54716981132076,87.16981132075472,0.004233499449873568
Tolcapone,VIABILITY,Bircsak2021_S5_Tolcapone_04,fixed50,fixed50_a1,86.11174401086967,53.58490566037736,87.16981132075472,0.3731433836744789
Tolcapone,VIABILITY,Bircsak2021_S5_Tolcapone_06,fixed50,fixed50_a1,79.94943945666716,74.33962264150942,87.16981132075472,0.06435504138600874
Tolcapone,VIABILITY,Bircsak2021_S5_Tolcapone_07,fixed50,fixed50_a1,39.20971598874565,8.30188679245283,87.16981132075472,0.35457033493582674
Tolcapone,VIABILITY,Bircsak2021_S5_Tolcapone_02,interpolation,interpolation,83.89936828613281,87.54716981132076,87.16981132075472,0.04184707377380109
Tolcapone,VIABILITY,Bircsak2021_S5_Tolcapone_04,interpolation,interpolation,84.94758605957031,53.58490566037736,87.16981132075472,0.3597883249258066
Tolcapone,VIABILITY,Bircsak2021_S5_Tolcapone_06,interpolation,interpolation,89.05660247802734,74.33962264150942,87.16981132075472,0.1688311539687121
Tolcapone,VIABILITY,Bircsak2021_S5_Tolcapone_07,interpolation,interpolation,89.05660247802734,8.30188679245283,87.16981132075472,0.9264069115444695
Troglitazone,ALBUMIN,Bircsak2021_S6_Troglitazone_04,selected,fixed2_a0.5,85.27963338923466,0.0,1255.5555555555554,0.06792183190293027
Troglitazone,ALBUMIN,Bircsak2021_S6_Troglitazone_04,fixed50,fixed50_a1,16.640837388123416,0.0,1255.5555555555554,0.01325376429142573
Troglitazone,ALBUMIN,Bircsak2021_S6_Troglitazone_04,interpolation,interpolation,133.3333282470703,0.0,1255.5555555555554,0.10619468621448079
Troglitazone,VIABILITY,Bircsak2021_S5_Troglitazone_04,selected,fixed50_a0.5,66.9360627805564,1.5037593984962405,90.6015037593985,0.7221988672044813
Troglitazone,VIABILITY,Bircsak2021_S5_Troglitazone_04,fixed50,fixed50_a1,60.939798290605,1.5037593984962405,90.6015037593985,0.6560160309253498
Troglitazone,VIABILITY,Bircsak2021_S5_Troglitazone_04,interpolation,interpolation,72.93232727050781,1.5037593984962405,90.6015037593985,0.7883817034836131
