compound,outer_training_drugs,ALBUMIN_selected_candidate,ALBUMIN_scale,ALBUMIN_eps,ALBUMIN_selected_score,ALBUMIN_fixed50_score,ALBUMIN_interpolation_score,VIABILITY_selected_candidate,VIABILITY_scale,VIABILITY_eps,VIABILITY_selected_score,VIABILITY_fixed50_score,VIABILITY_interpolation_score,selected_score,fixed50_score,interpolation_score
Aflatoxin B1,Amiodarone|Azathioprine|Chlorpheniramine|Chlorpromazine|Dexamethasone|Fluoxetine|Fluphenazine|Glafenine|Iproniazid|Ketoconazole|Meloxicam|Nefazodone|Nevirapine|Nifedipine|Nimesulide|Nitrofurantoin|Tamoxifen|Theophylline|Tolcapone|Troglitazone,fixed50_a0.5,1164.1791044776119,0.0011333333333333332,0.13443399887544288,0.22079107403817982,0.31730769035143735,fixed50_a1,84.6441947565543,8.643410852713179e-05,0.6232228859706598,0.6232228859706598,0.12787612121717065,0.6232228859706598,0.6232228859706598,0.31730769035143735
Amiodarone,Aflatoxin B1|Azathioprine|Chlorpheniramine|Chlorpromazine|Dexamethasone|Fluoxetine|Fluphenazine|Glafenine|Iproniazid|Ketoconazole|Meloxicam|Nefazodone|Nevirapine|Nifedipine|Nimesulide|Nitrofurantoin|Tamoxifen|Theophylline|Tolcapone|Troglitazone,fixed50_a0.5,1355.5555555555554,0.0011298636926889713,0.24897487392539364,0.21926120324909648,0.426229528208248,fixed50_a1,90.22556390977444,8.641509433962264e-05,0.5552697415770392,0.5552697415770392,0.14166666348775217,0.5552697415770392,0.5552697415770392,0.426229528208248
Azathioprine,Aflatoxin B1|Amiodarone|Chlorpheniramine|Chlorpromazine|Dexamethasone|Fluoxetine|Fluphenazine|Glafenine|Iproniazid|Ketoconazole|Meloxicam|Nefazodone|Nevirapine|Nifedipine|Nimesulide|Nitrofurantoin|Tamoxifen|Theophylline|Tolcapone|Troglitazone,fixed50_a0.5,1416.3568773234201,0.0011263940520446097,0.6032530687953689,0.4797500556025787,0.8267716702038223,fixed50_a0.5,85.66037735849056,8.641509433962264e-05,0.5642521077860208,0.31352626385004356,0.8149779517219979,0.6032530687953689,0.4797500556025787,0.8267716702038223
Chlorpheniramine,Aflatoxin B1|Amiodarone|Azathioprine|Chlorpromazine|Dexamethasone|Fluoxetine|Fluphenazine|Glafenine|Iproniazid|Ketoconazole|Meloxicam|Nefazodone|Nevirapine|Nifedipine|Nimesulide|Nitrofurantoin|Tamoxifen|Theophylline|Tolcapone|Troglitazone,fixed5_a0.5,1634.3283582089553,0.001107600165220983,0.2505341298551762,0.2377280244918748,0.19863016485623583,fixed50_a0.5,87.73234200743495,8.636363636363636e-05,0.3993417007032725,0.798683442139753,0.02343590138322221,0.3993417007032725,0.798683442139753,0.19863016485623583
Chlorpromazine,Aflatoxin B1|Amiodarone|Azathioprine|Chlorpheniramine|Dexamethasone|Fluoxetine|Fluphenazine|Glafenine|Iproniazid|Ketoconazole|Meloxicam|Nefazodone|Nevirapine|Nifedipine|Nimesulide|Nitrofurantoin|Tamoxifen|Theophylline|Tolcapone|Troglitazone,fixed2_a0.5,1777.7777777777776,0.001107600165220983,0.08239547579187491,0.10463201718239779,0.16250001525878907,fixed50_a0.5,89.05660377358491,8.641509433962264e-05,0.7499131640050691,0.5464364958852667,0.9576271202604649,0.7499131640050691,0.5464364958852667,0.9576271202604649
Dexamethasone,Aflatoxin B1|Amiodarone|Azathioprine|Chlorpheniramine|Chlorpromazine|Fluoxetine|Fluphenazine|Glafenine|Iproniazid|Ketoconazole|Meloxicam|Nefazodone|Nevirapine|Nifedipine|Nimesulide|Nitrofurantoin|Tamoxifen|Theophylline|Tolcapone|Troglitazone,fixed50_a1,2003.731343283582,0.0011263940520446097,0.09222489286146945,0.09222489286146945,0.2122905218880936,fixed50_a0.5,88.10408921933085,8.632996632996631e-05,0.10055243666809544,0.1968854827245825,0.012658246519193351,0.10055243666809544,0.1968854827245825,0.2122905218880936
Fluoxetine,Aflatoxin B1|Amiodarone|Azathioprine|Chlorpheniramine|Chlorpromazine|Dexamethasone|Fluphenazine|Glafenine|Iproniazid|Ketoconazole|Meloxicam|Nefazodone|Nevirapine|Nifedipine|Nimesulide|Nitrofurantoin|Tamoxifen|Theophylline|Tolcapone|Troglitazone,fixed50_a0.5,1444.0298507462687,0.0011263940520446097,0.7634996315840549,0.5347511620396377,0.9922481011284722,fixed50_a0.5,89.39393939393939,8.638936535162949e-05,0.8495906878753567,0.7076559908154313,0.9915253849352821,0.8495906878753567,0.7076559908154313,0.9922481011284722
Fluphenazine,Aflatoxin B1|Amiodarone|Azathioprine|Chlorpheniramine|Chlorpromazine|Dexamethasone|Fluoxetine|Glafenine|Iproniazid|Ketoconazole|Meloxicam|Nefazodone|Nevirapine|Nifedipine|Nimesulide|Nitrofurantoin|Tamoxifen|Theophylline|Tolcapone|Troglitazone,fixed50_a0.5,1148.6988847583643,0.0011333333333333332,0.5366062223467278,0.43243573993611084,0.6407767047573447,fixed50_a0.5,84.46969696969697,8.643410852713179e-05,0.8298706387634937,0.731047332809349,0.9461883134371497,0.8298706387634937,0.731047332809349,0.9461883134371497
Glafenine,Aflatoxin B1|Amiodarone|Azathioprine|Chlorpheniramine|Chlorpromazine|Dexamethasone|Fluoxetine|Fluphenazine|Iproniazid|Ketoconazole|Meloxicam|Nefazodone|Nevirapine|Nifedipine|Nimesulide|Nitrofurantoin|Tamoxifen|Theophylline|Tolcapone|Troglitazone,fixed5_a0.5,955.5555555555557,0.0011409954564229655,0.36105252443673647,0.28691326532788763,0.5581395206894986,fixed50_a1,89.47368421052632,8.638936535162949e-05,0.6826710587777862,0.6826710587777862,0.2941176694982192,0.6826710587777862,0.6826710587777862,0.5581395206894986
Iproniazid,Aflatoxin B1|Amiodarone|Azathioprine|Chlorpheniramine|Chlorpromazine|Dexamethasone|Fluoxetine|Fluphenazine|Glafenine|Ketoconazole|Meloxicam|Nefazodone|Nevirapine|Nifedipine|Nimesulide|Nitrofurantoin|Tamoxifen|Theophylline|Tolcapone|Troglitazone,fixed50_a1,1092.9368029739778,0.00113543990086741,0.870456986090897,0.870456986090897,0.22418670695817378,fixed50_a0.5,82.64150943396227,8.641509433962264e-05,0.06706971996585102,0.14327182518560813,0.027397225436554533,0.870456986090897,0.870456986090897,0.22418670695817378
Ketoconazole,Aflatoxin B1|Amiodarone|Azathioprine|Chlorpheniramine|Chlorpromazine|Dexamethasone|Fluoxetine|Fluphenazine|Glafenine|Iproniazid|Meloxicam|Nefazodone|Nevirapine|Nifedipine|Nimesulide|Nitrofurantoin|Tamoxifen|Theophylline|Tolcapone|Troglitazone,fixed2_a0.5,1288.888888888889,0.0011333333333333332,0.46091006864915685,0.21048375314958193,0.7241379468194369,fixed50_a0.5,89.77272727272727,8.638936535162949e-05,0.38398024470950576,0.12933643388136404,0.8227848513317512,0.46091006864915685,0.21048375314958193,0.8227848513317512
Meloxicam,Aflatoxin B1|Amiodarone|Azathioprine|Chlorpheniramine|Chlorpromazine|Dexamethasone|Fluoxetine|Fluphenazine|Glafenine|Iproniazid|Ketoconazole|Nefazodone|Nevirapine|Nifedipine|Nimesulide|Nitrofurantoin|Tamoxifen|Theophylline|Tolcapone|Troglitazone,fixed50_a0.5,1033.3333333333333,0.0011409954564229655,0.5083586345344848,0.4468247959506899,0.5698924731182796,fixed50_a0.5,84.52830188679246,8.64246014333772e-05,0.0511959538204866,0.16489188550210493,0.06249997786113191,0.5083586345344848,0.4468247959506899,0.5698924731182796
Nefazodone,Aflatoxin B1|Amiodarone|Azathioprine|Chlorpheniramine|Chlorpromazine|Dexamethasone|Fluoxetine|Fluphenazine|Glafenine|Iproniazid|Ketoconazole|Meloxicam|Nevirapine|Nifedipine|Nimesulide|Nitrofurantoin|Tamoxifen|Theophylline|Tolcapone|Troglitazone,fixed2_a0.5,1483.271375464684,0.0011333333333333332,0.47538307251570255,0.39185940628437294,0.8045112919628171,fixed2_a0.5,90.56603773584906,8.638936535162949e-05,0.7062202807386394,0.2495350164852687,0.8958333365122475,0.7062202807386394,0.39185940628437294,0.8958333365122475
Nevirapine,Aflatoxin B1|Amiodarone|Azathioprine|Chlorpheniramine|Chlorpromazine|Dexamethasone|Fluoxetine|Fluphenazine|Glafenine|Iproniazid|Ketoconazole|Meloxicam|Nefazodone|Nifedipine|Nimesulide|Nitrofurantoin|Tamoxifen|Theophylline|Tolcapone|Troglitazone,fixed5_a0.5,1522.2222222222222,0.001107600165220983,0.1302108575668018,0.2680374526414068,0.09489050203866334,fixed50_a0.5,86.29629629629629,8.641509433962264e-05,0.10286992992849776,0.21003167588079372,0.012231766205488936,0.1302108575668018,0.2680374526414068,0.09489050203866334
Nifedipine,Aflatoxin B1|Amiodarone|Azathioprine|Chlorpheniramine|Chlorpromazine|Dexamethasone|Fluoxetine|Fluphenazine|Glafenine|Iproniazid|Ketoconazole|Meloxicam|Nefazodone|Nevirapine|Nimesulide|Nitrofurantoin|Tamoxifen|Theophylline|Tolcapone|Troglitazone,fixed5_a1,1661.7100371747213,0.0011298636926889713,0.41812408545041907,0.34234532018658537,0.25851355663188613,fixed50_a0.5,89.01515151515152,8.638936535162949e-05,0.08899534991176654,0.02232413415770698,0.17021276595744686,0.41812408545041907,0.34234532018658537,0.25851355663188613
Nimesulide,Aflatoxin B1|Amiodarone|Azathioprine|Chlorpheniramine|Chlorpromazine|Dexamethasone|Fluoxetine|Fluphenazine|Glafenine|Iproniazid|Ketoconazole|Meloxicam|Nefazodone|Nevirapine|Nifedipine|Nitrofurantoin|Tamoxifen|Theophylline|Tolcapone|Troglitazone,fixed5_a0.5,1795.5390334572492,0.0011298636926889713,0.26520385131220725,0.27059638576714606,0.28571427118210563,fixed50_a0.5,86.89138576779027,8.641509433962264e-05,0.13698706128830782,0.08378451587111302,0.3577586384477286,0.26520385131220725,0.27059638576714606,0.3577586384477286
Nitrofurantoin,Aflatoxin B1|Amiodarone|Azathioprine|Chlorpheniramine|Chlorpromazine|Dexamethasone|Fluoxetine|Fluphenazine|Glafenine|Iproniazid|Ketoconazole|Meloxicam|Nefazodone|Nevirapine|Nifedipine|Nimesulide|Tamoxifen|Theophylline|Tolcapone|Troglitazone,fixed2_a1,3422.2222222222226,0.0011298636926889713,0.11325994307970941,0.10983230640965631,0.13623632059468851,fixed50_a0.5,89.77272727272727,8.641509433962264e-05,0.2818683806282089,0.17133170440358617,0.39240505685283167,0.2818683806282089,0.17133170440358617,0.39240505685283167
Tamoxifen,Aflatoxin B1|Amiodarone|Azathioprine|Chlorpheniramine|Chlorpromazine|Dexamethasone|Fluoxetine|Fluphenazine|Glafenine|Iproniazid|Ketoconazole|Meloxicam|Nefazodone|Nevirapine|Nifedipine|Nimesulide|Nitrofurantoin|Theophylline|Tolcapone|Troglitazone,fixed5_a0.5,1477.7777777777778,0.00113543990086741,0.6892633699159552,0.6083855388242057,0.7593985237752584,fixed50_a0.5,86.46616541353383,8.641509433962264e-05,0.8531560388355082,0.7932686027272747,0.9217391271176546,0.8531560388355082,0.7932686027272747,0.9217391271176546
Theophylline,Aflatoxin B1|Amiodarone|Azathioprine|Chlorpheniramine|Chlorpromazine|Dexamethasone|Fluoxetine|Fluphenazine|Glafenine|Iproniazid|Ketoconazole|Meloxicam|Nefazodone|Nevirapine|Nifedipine|Nimesulide|Nitrofurantoin|Tamoxifen|Tolcapone|Troglitazone,fixed50_a1,1104.089219330855,0.0011375464684014868,0.44381519492341925,0.44381519492341925,0.08499811119824538,fixed50_a0.5,85.65891472868216,8.641509433962264e-05,0.058270397863064934,0.14821497970542308,0.06787327900191786,0.44381519492341925,0.44381519492341925,0.08499811119824538
Tolcapone,Aflatoxin B1|Amiodarone|Azathioprine|Chlorpheniramine|Chlorpromazine|Dexamethasone|Fluoxetine|Fluphenazine|Glafenine|Iproniazid|Ketoconazole|Meloxicam|Nefazodone|Nevirapine|Nifedipine|Nimesulide|Nitrofurantoin|Tamoxifen|Theophylline|Troglitazone,fixed2_a0.5,1449.814126394052,0.00113543990086741,0.35972858023158927,0.37428522475232184,0.6461538333208133,fixed50_a0.5,87.16981132075472,8.641509433962264e-05,0.640488623240148,0.3731433836744789,0.9264069115444695,0.640488623240148,0.37428522475232184,0.9264069115444695
Troglitazone,Aflatoxin B1|Amiodarone|Azathioprine|Chlorpheniramine|Chlorpromazine|Dexamethasone|Fluoxetine|Fluphenazine|Glafenine|Iproniazid|Ketoconazole|Meloxicam|Nefazodone|Nevirapine|Nifedipine|Nimesulide|Nitrofurantoin|Tamoxifen|Theophylline|Tolcapone,fixed2_a0.5,1255.5555555555554,0.0011333333333333332,0.06792183190293027,0.01325376429142573,0.10619468621448079,fixed50_a0.5,90.6015037593985,8.641509433962264e-05,0.7221988672044813,0.6560160309253498,0.7883817034836131,0.7221988672044813,0.6560160309253498,0.7883817034836131
