population,arm,design,kind,method,comparator,setting,designs_by_fold,margins_inactive_active_by_fold,designs,substances,groups,reports,reports_lo,reports_hi,fn,fn_lo,fn_hi,fp,fp_lo,fp_hi,wrong,wrong_lo,wrong_hi,wells_used,wells_used_lo,wells_used_hi,wells_full,wells_full_lo,wells_full_hi,report_rate,report_rate_lo,report_rate_hi,wrong_loss,wrong_loss_lo,wrong_loss_hi,fn_loss,fn_loss_lo,fn_loss_hi,fp_loss,fp_loss_lo,fp_loss_hi,reports_screen,reports_screen_lo,reports_screen_hi,fn_screen,fn_screen_lo,fn_screen_hi,fp_screen,fp_screen_lo,fp_screen_hi,wrong_screen,wrong_screen_lo,wrong_screen_hi,wells_screen,wells_screen_lo,wells_screen_hi,full_screen,full_screen_lo,full_screen_hi,saving_vs_full,saving_vs_full_lo,saving_vs_full_hi,error_among_reports,error_among_reports_lo,error_among_reports_hi,fn_among_reports,fn_among_reports_lo,fn_among_reports_hi,reports_native,reports_native_lo,reports_native_hi,fn_native,fn_native_lo,fn_native_hi,fp_native,fp_native_lo,fp_native_hi,wrong_native,wrong_native_lo,wrong_native_hi,wells_used_native,wells_used_native_lo,wells_used_native_hi,relative_well_saving,relative_well_saving_lo,relative_well_saving_hi
seven,conventional,,cell,anchorboost,,fn05_fp05,036,1:0.15/-1.0;2:0.15/-1.0;3:-1.0/-1.0;4:-1.0/-1.0,169.0,169,166,157.0,150.0,164.0,7.0,2.0,13.0,0.0,0.0,0.0,7.0,2.0,13.0,2035.0,1870.975,2220.0,4389.0,4065.975,4748.05,0.9307228915662651,0.891566265060241,0.9668674698795181,0.04216867469879518,0.012048192771084338,0.0783132530120482,0.04216867469879518,0.012048192771084338,0.0783132530120482,0.0,0.0,0.0,157.0,150.0,164.0,7.0,2.0,13.0,0.0,0.0,0.0,7.0,2.0,13.0,2035.0,1870.975,2220.0,4389.0,4065.975,4748.05,0.5363408521303259,0.5124850073412196,0.5575110628607046,0.044585987261146494,0.012903225806451613,0.08075373510156122,0.044585987261146494,0.012903225806451613,0.08075373510156122,,,,,,,,,,,,,,,,,,
seven,recommended_two_margin,,cell,anchorboost,,fn05_fp05,1:456;2:456;3:356;4:046,1:-1.0/-1.0;2:0.02/-1.0;3:-1.0/-1.0;4:-1.0/-1.0,169.0,169,166,168.0,164.0,172.0,8.0,3.0,14.0,0.0,0.0,0.0,8.0,3.0,14.0,1902.0,1756.975,2067.0,4389.0,4065.975,4748.05,0.9939759036144579,0.9819277108433735,1.0,0.04819277108433735,0.018072289156626505,0.08433734939759036,0.04819277108433735,0.018072289156626505,0.08433734939759036,0.0,0.0,0.0,168.0,164.0,172.0,8.0,3.0,14.0,0.0,0.0,0.0,8.0,3.0,14.0,1902.0,1756.975,2067.0,4389.0,4065.975,4748.05,0.5666438824333562,0.5595969040880044,0.5714616109600044,0.047619047619047616,0.01775147928994083,0.08383233532934131,0.047619047619047616,0.01775147928994083,0.08383233532934131,,,,,,,,,,,,,,,,,,
seven,conventional,,two_margin_minus_single_margin,anchorboost,conventional,fn05_fp05,,,,,166,,,,,,,,,,,,,,,,,,,-0.06927710843373494,-0.10843373493975904,-0.03313253012048193,-0.018072289156626505,-0.04216867469879518,0.0,-0.018072289156626505,-0.04216867469879518,0.0,0.0,0.0,0.0,-12.0,-19.0,-6.0,-3.0,-7.0,0.0,0.0,0.0,0.0,-3.0,-7.0,0.0,167.0,83.0,273.0,,,,,,,,,,,,,-12.0,-19.0,-6.0,-3.0,-7.0,0.0,0.0,0.0,0.0,-3.0,-7.0,0.0,167.0,83.0,273.0,-0.08940042826552452,-0.14363845208532067,-0.04251861717131828
seven,recommended_two_margin,,two_margin_minus_single_margin,anchorboost,recommended,fn05_fp05,,,,,166,,,,,,,,,,,,,,,,,,,-0.006024096385542169,-0.018072289156626505,0.0,0.0,0.0,0.0,0.0,0.0,0.0,0.0,0.0,0.0,-1.0,-3.0,0.0,0.0,0.0,0.0,0.0,0.0,0.0,0.0,0.0,0.0,11.0,-3.0,36.0,,,,,,,,,,,,,-1.0,-3.0,0.0,0.0,0.0,0.0,0.0,0.0,0.0,0.0,0.0,0.0,11.0,-3.0,36.0,-0.005817028027498727,-0.019967268525425436,0.001527572841764047
seven,conventional,,cell,measured_only,,fn05_fp05,036,1:0.16/-1.0;2:0.18/-1.0;3:-1.0/-1.0;4:-1.0/-1.0,169.0,169,166,157.0,150.0,164.0,7.0,2.0,13.0,0.0,0.0,0.0,7.0,2.0,13.0,2035.0,1870.975,2220.0,4389.0,4065.975,4748.05,0.9307228915662651,0.891566265060241,0.9668674698795181,0.04216867469879518,0.012048192771084338,0.0783132530120482,0.04216867469879518,0.012048192771084338,0.0783132530120482,0.0,0.0,0.0,157.0,150.0,164.0,7.0,2.0,13.0,0.0,0.0,0.0,7.0,2.0,13.0,2035.0,1870.975,2220.0,4389.0,4065.975,4748.05,0.5363408521303259,0.5124850073412196,0.5575110628607046,0.044585987261146494,0.012903225806451613,0.08075373510156122,0.044585987261146494,0.012903225806451613,0.08075373510156122,,,,,,,,,,,,,,,,,,
seven,recommended_two_margin,,cell,measured_only,,fn05_fp05,1:456;2:456;3:356;4:046,1:-1.0/-1.0;2:0.02/-1.0;3:-1.0/-1.0;4:-1.0/-1.0,169.0,169,166,168.0,164.0,172.0,8.0,3.0,14.0,0.0,0.0,0.0,8.0,3.0,14.0,1902.0,1756.975,2067.0,4389.0,4065.975,4748.05,0.9939759036144579,0.9819277108433735,1.0,0.04819277108433735,0.018072289156626505,0.08433734939759036,0.04819277108433735,0.018072289156626505,0.08433734939759036,0.0,0.0,0.0,168.0,164.0,172.0,8.0,3.0,14.0,0.0,0.0,0.0,8.0,3.0,14.0,1902.0,1756.975,2067.0,4389.0,4065.975,4748.05,0.5666438824333562,0.5595969040880044,0.5714616109600044,0.047619047619047616,0.01775147928994083,0.08383233532934131,0.047619047619047616,0.01775147928994083,0.08383233532934131,,,,,,,,,,,,,,,,,,
seven,conventional,,two_margin_minus_single_margin,measured_only,conventional,fn05_fp05,,,,,166,,,,,,,,,,,,,,,,,,,-0.06927710843373494,-0.10843373493975904,-0.03313253012048193,-0.018072289156626505,-0.04216867469879518,0.0,-0.018072289156626505,-0.04216867469879518,0.0,0.0,0.0,0.0,-12.0,-19.0,-6.0,-3.0,-7.0,0.0,0.0,0.0,0.0,-3.0,-7.0,0.0,167.0,83.0,273.0,,,,,,,,,,,,,-12.0,-19.0,-6.0,-3.0,-7.0,0.0,0.0,0.0,0.0,-3.0,-7.0,0.0,167.0,83.0,273.0,-0.08940042826552452,-0.14363845208532067,-0.04251861717131828
seven,recommended_two_margin,,two_margin_minus_single_margin,measured_only,recommended,fn05_fp05,,,,,166,,,,,,,,,,,,,,,,,,,-0.006024096385542169,-0.018072289156626505,0.0,0.0,0.0,0.0,0.0,0.0,0.0,0.0,0.0,0.0,-1.0,-3.0,0.0,0.0,0.0,0.0,0.0,0.0,0.0,0.0,0.0,0.0,11.0,-3.0,36.0,,,,,,,,,,,,,-1.0,-3.0,0.0,0.0,0.0,0.0,0.0,0.0,0.0,0.0,0.0,0.0,11.0,-3.0,36.0,-0.005817028027498727,-0.019967268525425436,0.001527572841764047
seven,conventional,,cell,loglinear,,fn05_fp05,036,1:0.16/-1.0;2:0.18/-1.0;3:-1.0/-1.0;4:-1.0/-1.0,169.0,169,166,157.0,150.0,164.0,7.0,2.0,13.0,0.0,0.0,0.0,7.0,2.0,13.0,2035.0,1870.975,2220.0,4389.0,4065.975,4748.05,0.9307228915662651,0.891566265060241,0.9668674698795181,0.04216867469879518,0.012048192771084338,0.0783132530120482,0.04216867469879518,0.012048192771084338,0.0783132530120482,0.0,0.0,0.0,157.0,150.0,164.0,7.0,2.0,13.0,0.0,0.0,0.0,7.0,2.0,13.0,2035.0,1870.975,2220.0,4389.0,4065.975,4748.05,0.5363408521303259,0.5124850073412196,0.5575110628607046,0.044585987261146494,0.012903225806451613,0.08075373510156122,0.044585987261146494,0.012903225806451613,0.08075373510156122,,,,,,,,,,,,,,,,,,
seven,recommended_two_margin,,cell,loglinear,,fn05_fp05,1:456;2:456;3:356;4:146,1:-1.0/-1.0;2:0.02/-1.0;3:-1.0/-1.0;4:-1.0/-1.0,169.0,169,166,167.0,163.0,171.0,7.0,2.0,13.0,0.0,0.0,0.0,7.0,2.0,13.0,1914.0,1768.0,2077.025,4389.0,4065.975,4748.05,0.9879518072289156,0.9698795180722891,1.0,0.04216867469879518,0.012048192771084338,0.0783132530120482,0.04216867469879518,0.012048192771084338,0.0783132530120482,0.0,0.0,0.0,167.0,163.0,171.0,7.0,2.0,13.0,0.0,0.0,0.0,7.0,2.0,13.0,1914.0,1768.0,2077.025,4389.0,4065.975,4748.05,0.5639097744360902,0.5547877877420153,0.5706040032778651,0.041916167664670656,0.012121212121212121,0.07692307692307693,0.041916167664670656,0.012121212121212121,0.07692307692307693,,,,,,,,,,,,,,,,,,
seven,conventional,,two_margin_minus_single_margin,loglinear,conventional,fn05_fp05,,,,,166,,,,,,,,,,,,,,,,,,,-0.06927710843373494,-0.10843373493975904,-0.03313253012048193,-0.018072289156626505,-0.04216867469879518,0.0,-0.018072289156626505,-0.04216867469879518,0.0,0.0,0.0,0.0,-12.0,-19.0,-6.0,-3.0,-7.0,0.0,0.0,0.0,0.0,-3.0,-7.0,0.0,167.0,83.0,273.0,,,,,,,,,,,,,-12.0,-19.0,-6.0,-3.0,-7.0,0.0,0.0,0.0,0.0,-3.0,-7.0,0.0,167.0,83.0,273.0,-0.08940042826552452,-0.14363845208532067,-0.04251861717131828
seven,recommended_two_margin,,two_margin_minus_single_margin,loglinear,recommended,fn05_fp05,,,,,166,,,,,,,,,,,,,,,,,,,-0.012048192771084338,-0.030120481927710843,0.0,0.0,0.0,0.0,0.0,0.0,0.0,0.0,0.0,0.0,-2.0,-5.0,0.0,0.0,0.0,0.0,0.0,0.0,0.0,0.0,0.0,0.0,23.0,-2.0,60.0,,,,,,,,,,,,,-2.0,-5.0,0.0,0.0,0.0,0.0,0.0,0.0,0.0,0.0,0.0,0.0,23.0,-2.0,60.0,-0.012162876784769905,-0.03252043724957642,0.0010282908586965096
seven,conventional,,model_effect,anchorboost,measured_only,fn05_fp05,,,,,166,,,,,,,,,,,,,,,,,,,0.0,0.0,0.0,0.0,0.0,0.0,0.0,0.0,0.0,0.0,0.0,0.0,0.0,0.0,0.0,0.0,0.0,0.0,0.0,0.0,0.0,0.0,0.0,0.0,0.0,0.0,0.0,,,,,,,,,,,,,0.0,0.0,0.0,0.0,0.0,0.0,0.0,0.0,0.0,0.0,0.0,0.0,0.0,0.0,0.0,0.0,0.0,0.0
seven,conventional,,model_effect,anchorboost,loglinear,fn05_fp05,,,,,166,,,,,,,,,,,,,,,,,,,0.0,0.0,0.0,0.0,0.0,0.0,0.0,0.0,0.0,0.0,0.0,0.0,0.0,0.0,0.0,0.0,0.0,0.0,0.0,0.0,0.0,0.0,0.0,0.0,0.0,0.0,0.0,,,,,,,,,,,,,0.0,0.0,0.0,0.0,0.0,0.0,0.0,0.0,0.0,0.0,0.0,0.0,0.0,0.0,0.0,0.0,0.0,0.0
seven,recommended_two_margin,,model_effect,anchorboost,measured_only,fn05_fp05,,,,,166,,,,,,,,,,,,,,,,,,,0.0,0.0,0.0,0.0,0.0,0.0,0.0,0.0,0.0,0.0,0.0,0.0,0.0,0.0,0.0,0.0,0.0,0.0,0.0,0.0,0.0,0.0,0.0,0.0,0.0,0.0,0.0,,,,,,,,,,,,,0.0,0.0,0.0,0.0,0.0,0.0,0.0,0.0,0.0,0.0,0.0,0.0,0.0,0.0,0.0,0.0,0.0,0.0
seven,recommended_two_margin,,model_effect,anchorboost,loglinear,fn05_fp05,,,,,166,,,,,,,,,,,,,,,,,,,0.006024096385542169,0.0,0.018072289156626505,0.006024096385542169,0.0,0.018072289156626505,0.006024096385542169,0.0,0.018072289156626505,0.0,0.0,0.0,1.0,0.0,3.0,1.0,0.0,3.0,0.0,0.0,0.0,1.0,0.0,3.0,-12.0,-36.0,0.0,,,,,,,,,,,,,1.0,0.0,3.0,1.0,0.0,3.0,0.0,0.0,0.0,1.0,0.0,3.0,-12.0,-36.0,0.0,0.006269592476489061,0.0,0.019726839390704166
seven,conventional,,cell,anchorboost,,fn05_fpfree,036,1:0.15/-1.0;2:0.15/-1.0;3:-1.0/-1.0;4:-1.0/-1.0,169.0,169,166,157.0,150.0,164.0,7.0,2.0,13.0,0.0,0.0,0.0,7.0,2.0,13.0,2035.0,1870.975,2220.0,4389.0,4065.975,4748.05,0.9307228915662651,0.891566265060241,0.9668674698795181,0.04216867469879518,0.012048192771084338,0.0783132530120482,0.04216867469879518,0.012048192771084338,0.0783132530120482,0.0,0.0,0.0,157.0,150.0,164.0,7.0,2.0,13.0,0.0,0.0,0.0,7.0,2.0,13.0,2035.0,1870.975,2220.0,4389.0,4065.975,4748.05,0.5363408521303259,0.5124850073412196,0.5575110628607046,0.044585987261146494,0.012903225806451613,0.08075373510156122,0.044585987261146494,0.012903225806451613,0.08075373510156122,,,,,,,,,,,,,,,,,,
seven,recommended_two_margin,,cell,anchorboost,,fn05_fpfree,1:456;2:456;3:356;4:046,1:-1.0/-1.0;2:0.02/-1.0;3:-1.0/-1.0;4:-1.0/-1.0,169.0,169,166,168.0,164.0,172.0,8.0,3.0,14.0,0.0,0.0,0.0,8.0,3.0,14.0,1902.0,1756.975,2067.0,4389.0,4065.975,4748.05,0.9939759036144579,0.9819277108433735,1.0,0.04819277108433735,0.018072289156626505,0.08433734939759036,0.04819277108433735,0.018072289156626505,0.08433734939759036,0.0,0.0,0.0,168.0,164.0,172.0,8.0,3.0,14.0,0.0,0.0,0.0,8.0,3.0,14.0,1902.0,1756.975,2067.0,4389.0,4065.975,4748.05,0.5666438824333562,0.5595969040880044,0.5714616109600044,0.047619047619047616,0.01775147928994083,0.08383233532934131,0.047619047619047616,0.01775147928994083,0.08383233532934131,,,,,,,,,,,,,,,,,,
seven,conventional,,two_margin_minus_single_margin,anchorboost,conventional,fn05_fpfree,,,,,166,,,,,,,,,,,,,,,,,,,-0.06927710843373494,-0.10843373493975904,-0.03313253012048193,-0.018072289156626505,-0.04216867469879518,0.0,-0.018072289156626505,-0.04216867469879518,0.0,0.0,0.0,0.0,-12.0,-19.0,-6.0,-3.0,-7.0,0.0,0.0,0.0,0.0,-3.0,-7.0,0.0,167.0,83.0,273.0,,,,,,,,,,,,,-12.0,-19.0,-6.0,-3.0,-7.0,0.0,0.0,0.0,0.0,-3.0,-7.0,0.0,167.0,83.0,273.0,-0.08940042826552452,-0.14363845208532067,-0.04251861717131828
seven,recommended_two_margin,,two_margin_minus_single_margin,anchorboost,recommended,fn05_fpfree,,,,,166,,,,,,,,,,,,,,,,,,,-0.006024096385542169,-0.018072289156626505,0.0,0.0,0.0,0.0,0.0,0.0,0.0,0.0,0.0,0.0,-1.0,-3.0,0.0,0.0,0.0,0.0,0.0,0.0,0.0,0.0,0.0,0.0,11.0,-3.0,36.0,,,,,,,,,,,,,-1.0,-3.0,0.0,0.0,0.0,0.0,0.0,0.0,0.0,0.0,0.0,0.0,11.0,-3.0,36.0,-0.005817028027498727,-0.019967268525425436,0.001527572841764047
seven,conventional,,cell,measured_only,,fn05_fpfree,036,1:0.16/-1.0;2:0.18/-1.0;3:-1.0/-1.0;4:-1.0/-1.0,169.0,169,166,157.0,150.0,164.0,7.0,2.0,13.0,0.0,0.0,0.0,7.0,2.0,13.0,2035.0,1870.975,2220.0,4389.0,4065.975,4748.05,0.9307228915662651,0.891566265060241,0.9668674698795181,0.04216867469879518,0.012048192771084338,0.0783132530120482,0.04216867469879518,0.012048192771084338,0.0783132530120482,0.0,0.0,0.0,157.0,150.0,164.0,7.0,2.0,13.0,0.0,0.0,0.0,7.0,2.0,13.0,2035.0,1870.975,2220.0,4389.0,4065.975,4748.05,0.5363408521303259,0.5124850073412196,0.5575110628607046,0.044585987261146494,0.012903225806451613,0.08075373510156122,0.044585987261146494,0.012903225806451613,0.08075373510156122,,,,,,,,,,,,,,,,,,
seven,recommended_two_margin,,cell,measured_only,,fn05_fpfree,1:456;2:456;3:356;4:046,1:-1.0/-1.0;2:0.02/-1.0;3:-1.0/-1.0;4:-1.0/-1.0,169.0,169,166,168.0,164.0,172.0,8.0,3.0,14.0,0.0,0.0,0.0,8.0,3.0,14.0,1902.0,1756.975,2067.0,4389.0,4065.975,4748.05,0.9939759036144579,0.9819277108433735,1.0,0.04819277108433735,0.018072289156626505,0.08433734939759036,0.04819277108433735,0.018072289156626505,0.08433734939759036,0.0,0.0,0.0,168.0,164.0,172.0,8.0,3.0,14.0,0.0,0.0,0.0,8.0,3.0,14.0,1902.0,1756.975,2067.0,4389.0,4065.975,4748.05,0.5666438824333562,0.5595969040880044,0.5714616109600044,0.047619047619047616,0.01775147928994083,0.08383233532934131,0.047619047619047616,0.01775147928994083,0.08383233532934131,,,,,,,,,,,,,,,,,,
seven,conventional,,two_margin_minus_single_margin,measured_only,conventional,fn05_fpfree,,,,,166,,,,,,,,,,,,,,,,,,,-0.06927710843373494,-0.10843373493975904,-0.03313253012048193,-0.018072289156626505,-0.04216867469879518,0.0,-0.018072289156626505,-0.04216867469879518,0.0,0.0,0.0,0.0,-12.0,-19.0,-6.0,-3.0,-7.0,0.0,0.0,0.0,0.0,-3.0,-7.0,0.0,167.0,83.0,273.0,,,,,,,,,,,,,-12.0,-19.0,-6.0,-3.0,-7.0,0.0,0.0,0.0,0.0,-3.0,-7.0,0.0,167.0,83.0,273.0,-0.08940042826552452,-0.14363845208532067,-0.04251861717131828
seven,recommended_two_margin,,two_margin_minus_single_margin,measured_only,recommended,fn05_fpfree,,,,,166,,,,,,,,,,,,,,,,,,,-0.006024096385542169,-0.018072289156626505,0.0,0.0,0.0,0.0,0.0,0.0,0.0,0.0,0.0,0.0,-1.0,-3.0,0.0,0.0,0.0,0.0,0.0,0.0,0.0,0.0,0.0,0.0,11.0,-3.0,36.0,,,,,,,,,,,,,-1.0,-3.0,0.0,0.0,0.0,0.0,0.0,0.0,0.0,0.0,0.0,0.0,11.0,-3.0,36.0,-0.005817028027498727,-0.019967268525425436,0.001527572841764047
seven,conventional,,cell,loglinear,,fn05_fpfree,036,1:0.16/-1.0;2:0.18/-1.0;3:-1.0/-1.0;4:-1.0/-1.0,169.0,169,166,157.0,150.0,164.0,7.0,2.0,13.0,0.0,0.0,0.0,7.0,2.0,13.0,2035.0,1870.975,2220.0,4389.0,4065.975,4748.05,0.9307228915662651,0.891566265060241,0.9668674698795181,0.04216867469879518,0.012048192771084338,0.0783132530120482,0.04216867469879518,0.012048192771084338,0.0783132530120482,0.0,0.0,0.0,157.0,150.0,164.0,7.0,2.0,13.0,0.0,0.0,0.0,7.0,2.0,13.0,2035.0,1870.975,2220.0,4389.0,4065.975,4748.05,0.5363408521303259,0.5124850073412196,0.5575110628607046,0.044585987261146494,0.012903225806451613,0.08075373510156122,0.044585987261146494,0.012903225806451613,0.08075373510156122,,,,,,,,,,,,,,,,,,
seven,recommended_two_margin,,cell,loglinear,,fn05_fpfree,1:456;2:456;3:356;4:146,1:-1.0/-1.0;2:0.02/-1.0;3:-1.0/-1.0;4:-1.0/-1.0,169.0,169,166,167.0,163.0,171.0,7.0,2.0,13.0,0.0,0.0,0.0,7.0,2.0,13.0,1914.0,1768.0,2077.025,4389.0,4065.975,4748.05,0.9879518072289156,0.9698795180722891,1.0,0.04216867469879518,0.012048192771084338,0.0783132530120482,0.04216867469879518,0.012048192771084338,0.0783132530120482,0.0,0.0,0.0,167.0,163.0,171.0,7.0,2.0,13.0,0.0,0.0,0.0,7.0,2.0,13.0,1914.0,1768.0,2077.025,4389.0,4065.975,4748.05,0.5639097744360902,0.5547877877420153,0.5706040032778651,0.041916167664670656,0.012121212121212121,0.07692307692307693,0.041916167664670656,0.012121212121212121,0.07692307692307693,,,,,,,,,,,,,,,,,,
seven,conventional,,two_margin_minus_single_margin,loglinear,conventional,fn05_fpfree,,,,,166,,,,,,,,,,,,,,,,,,,-0.06927710843373494,-0.10843373493975904,-0.03313253012048193,-0.018072289156626505,-0.04216867469879518,0.0,-0.018072289156626505,-0.04216867469879518,0.0,0.0,0.0,0.0,-12.0,-19.0,-6.0,-3.0,-7.0,0.0,0.0,0.0,0.0,-3.0,-7.0,0.0,167.0,83.0,273.0,,,,,,,,,,,,,-12.0,-19.0,-6.0,-3.0,-7.0,0.0,0.0,0.0,0.0,-3.0,-7.0,0.0,167.0,83.0,273.0,-0.08940042826552452,-0.14363845208532067,-0.04251861717131828
seven,recommended_two_margin,,two_margin_minus_single_margin,loglinear,recommended,fn05_fpfree,,,,,166,,,,,,,,,,,,,,,,,,,-0.012048192771084338,-0.030120481927710843,0.0,0.0,0.0,0.0,0.0,0.0,0.0,0.0,0.0,0.0,-2.0,-5.0,0.0,0.0,0.0,0.0,0.0,0.0,0.0,0.0,0.0,0.0,23.0,-2.0,60.0,,,,,,,,,,,,,-2.0,-5.0,0.0,0.0,0.0,0.0,0.0,0.0,0.0,0.0,0.0,0.0,23.0,-2.0,60.0,-0.012162876784769905,-0.03252043724957642,0.0010282908586965096
seven,conventional,,model_effect,anchorboost,measured_only,fn05_fpfree,,,,,166,,,,,,,,,,,,,,,,,,,0.0,0.0,0.0,0.0,0.0,0.0,0.0,0.0,0.0,0.0,0.0,0.0,0.0,0.0,0.0,0.0,0.0,0.0,0.0,0.0,0.0,0.0,0.0,0.0,0.0,0.0,0.0,,,,,,,,,,,,,0.0,0.0,0.0,0.0,0.0,0.0,0.0,0.0,0.0,0.0,0.0,0.0,0.0,0.0,0.0,0.0,0.0,0.0
seven,conventional,,model_effect,anchorboost,loglinear,fn05_fpfree,,,,,166,,,,,,,,,,,,,,,,,,,0.0,0.0,0.0,0.0,0.0,0.0,0.0,0.0,0.0,0.0,0.0,0.0,0.0,0.0,0.0,0.0,0.0,0.0,0.0,0.0,0.0,0.0,0.0,0.0,0.0,0.0,0.0,,,,,,,,,,,,,0.0,0.0,0.0,0.0,0.0,0.0,0.0,0.0,0.0,0.0,0.0,0.0,0.0,0.0,0.0,0.0,0.0,0.0
seven,recommended_two_margin,,model_effect,anchorboost,measured_only,fn05_fpfree,,,,,166,,,,,,,,,,,,,,,,,,,0.0,0.0,0.0,0.0,0.0,0.0,0.0,0.0,0.0,0.0,0.0,0.0,0.0,0.0,0.0,0.0,0.0,0.0,0.0,0.0,0.0,0.0,0.0,0.0,0.0,0.0,0.0,,,,,,,,,,,,,0.0,0.0,0.0,0.0,0.0,0.0,0.0,0.0,0.0,0.0,0.0,0.0,0.0,0.0,0.0,0.0,0.0,0.0
seven,recommended_two_margin,,model_effect,anchorboost,loglinear,fn05_fpfree,,,,,166,,,,,,,,,,,,,,,,,,,0.006024096385542169,0.0,0.018072289156626505,0.006024096385542169,0.0,0.018072289156626505,0.006024096385542169,0.0,0.018072289156626505,0.0,0.0,0.0,1.0,0.0,3.0,1.0,0.0,3.0,0.0,0.0,0.0,1.0,0.0,3.0,-12.0,-36.0,0.0,,,,,,,,,,,,,1.0,0.0,3.0,1.0,0.0,3.0,0.0,0.0,0.0,1.0,0.0,3.0,-12.0,-36.0,0.0,0.006269592476489061,0.0,0.019726839390704166
published_random,random_published,,cell,anchorboost,,single_margin_published,,1:0.04;2:0.03;3:0.08;4:-1.0,965.0,193,188,914.0,884.0,947.0,65.0,45.0,87.0,19.0,10.0,30.0,84.0,62.0,107.0,12031.0,11162.975,12990.075,28080.0,25880.0,30505.125,0.947340425531915,0.924468085106383,0.9675531914893617,0.08776595744680851,0.06488031914893617,0.11224734042553199,0.0675531914893617,0.04680851063829788,0.09095744680851064,0.02021276595744681,0.010638297872340425,0.031914893617021274,182.8,176.8,189.39999999999998,13.0,9.0,17.400000000000002,3.8000000000000003,2.0,6.0,16.799999999999997,12.4,21.400000000000002,2406.2,2232.5950000000003,2598.015,5616.0,5176.0,6101.025,0.5715455840455841,0.5551997467361237,0.5870723131391222,0.09190371991247265,0.06803380478725582,0.11785034424869845,0.0711159737417943,0.04947340124504811,0.09539598555771207,,,,,,,,,,,,,,,,,,
published_random,random_published,,cell,anchorboost,,fn05_fp05,,1:0.19/-1.0;2:0.17/-1.0;3:0.18/-1.0;4:0.09/-1.0,965.0,193,188,824.0,785.0,865.0,34.0,20.0,51.0,19.0,10.0,30.0,53.0,36.0,72.0,13485.0,12444.0,14644.0,28080.0,25880.0,30505.125,0.8531914893617023,0.8180851063829786,0.8867021276595745,0.05585106382978723,0.03775265957446809,0.07606382978723404,0.03563829787234043,0.02074468085106383,0.05319148936170213,0.02021276595744681,0.010638297872340425,0.031914893617021274,164.8,157.0,173.0,6.800000000000001,4.0,10.2,3.8000000000000003,2.0,6.0,10.600000000000001,7.2,14.400000000000002,2697.000000000001,2488.8,2928.7999999999997,5616.0,5176.0,6101.025,0.5197649572649571,0.49473197478699127,0.5435969891008471,0.06432038834951456,0.043215991432544246,0.08779009551574668,0.0412621359223301,0.023781212841854936,0.061372373933909874,,,,,,,,,,,,,,,,,,
published_random,random_published,,two_margin_minus_single_margin,anchorboost,single_margin_published,fn05_fp05,,,,,188,,,,,,,,,,,,,,,,,,,-0.09414893617021276,-0.1276595744680851,-0.06275265957446803,-0.03191489361702128,-0.04521276595744681,-0.01966755319148931,-0.03191489361702128,-0.04521276595744681,-0.01966755319148931,0.0,0.0,0.0,-18.0,-24.200000000000003,-12.0,-6.200000000000001,-8.8,-3.8000000000000003,0.0,0.0,0.0,-6.200000000000001,-8.8,-3.8000000000000003,290.8,194.0,393.20500000000004,,,,,,,,,,,,,-90.0,-121.0,-60.0,-31.0,-44.0,-19.0,0.0,0.0,0.0,-31.0,-44.0,-19.0,1454.0,970.0,1966.025,-0.12085445931344063,-0.16430162321914388,-0.08130571301910341
published_random,random_published,,cell,anchorboost,,fn05_fpfree,,1:0.19/-1.0;2:0.17/-1.0;3:0.18/-1.0;4:0.09/-1.0,965.0,193,188,824.0,785.0,865.0,34.0,20.0,51.0,19.0,10.0,30.0,53.0,36.0,72.0,13485.0,12444.0,14644.0,28080.0,25880.0,30505.125,0.8531914893617023,0.8180851063829786,0.8867021276595745,0.05585106382978723,0.03775265957446809,0.07606382978723404,0.03563829787234043,0.02074468085106383,0.05319148936170213,0.02021276595744681,0.010638297872340425,0.031914893617021274,164.8,157.0,173.0,6.800000000000001,4.0,10.2,3.8000000000000003,2.0,6.0,10.600000000000001,7.2,14.400000000000002,2697.000000000001,2488.8,2928.7999999999997,5616.0,5176.0,6101.025,0.5197649572649571,0.49473197478699127,0.5435969891008471,0.06432038834951456,0.043215991432544246,0.08779009551574668,0.0412621359223301,0.023781212841854936,0.061372373933909874,,,,,,,,,,,,,,,,,,
published_random,random_published,,two_margin_minus_single_margin,anchorboost,single_margin_published,fn05_fpfree,,,,,188,,,,,,,,,,,,,,,,,,,-0.09414893617021276,-0.1276595744680851,-0.06275265957446803,-0.03191489361702128,-0.04521276595744681,-0.01966755319148931,-0.03191489361702128,-0.04521276595744681,-0.01966755319148931,0.0,0.0,0.0,-18.0,-24.200000000000003,-12.0,-6.200000000000001,-8.8,-3.8000000000000003,0.0,0.0,0.0,-6.200000000000001,-8.8,-3.8000000000000003,290.8,194.0,393.20500000000004,,,,,,,,,,,,,-90.0,-121.0,-60.0,-31.0,-44.0,-19.0,0.0,0.0,0.0,-31.0,-44.0,-19.0,1454.0,970.0,1966.025,-0.12085445931344063,-0.16430162321914388,-0.08130571301910341
published_random,random_published,,cell,measured_only,,single_margin_published,,1:0.17;2:0.18;3:0.16;4:0.07,965.0,193,188,818.0,779.0,860.0,75.0,52.0,101.0,0.0,0.0,0.0,75.0,52.0,101.0,13503.0,12460.975,14626.0,28080.0,25880.0,30505.125,0.848581560283688,0.812406914893617,0.8840425531914893,0.07872340425531915,0.055319148936170216,0.10638297872340426,0.07872340425531915,0.055319148936170216,0.10638297872340426,0.0,0.0,0.0,163.60000000000002,155.8,172.0,15.0,10.4,20.2,0.0,0.0,0.0,15.0,10.4,20.2,2700.6000000000004,2492.195,2925.2,5616.0,5176.0,6101.025,0.5191239316239316,0.4934169063328258,0.5430210818307828,0.09168704156479218,0.06398467780047622,0.123254151540837,0.09168704156479218,0.06398467780047622,0.123254151540837,,,,,,,,,,,,,,,,,,
published_random,random_published,,cell,measured_only,,fn05_fp05,,1:0.32/-1.0;2:0.3/-1.0;3:0.29/-1.0;4:0.26/-1.0,965.0,193,188,686.0,634.0,738.0,30.0,16.0,47.02500000000009,0.0,0.0,0.0,30.0,16.0,47.02500000000009,15513.0,14279.975,16848.15,28080.0,25880.0,30505.125,0.7108156028368794,0.6627570921985815,0.7602836879432624,0.030851063829787237,0.01595744680851064,0.04893617021276595,0.030851063829787237,0.01595744680851064,0.04893617021276595,0.0,0.0,0.0,137.2,126.8,147.60000000000002,6.0,3.2,9.40500000000002,0.0,0.0,0.0,6.0,3.2,9.40500000000002,3102.6000000000004,2855.995,3369.6299999999997,5616.0,5176.0,6101.025,0.447542735042735,0.41201571105142343,0.4812879580601655,0.043731778425655975,0.023459837793255132,0.06910583439402801,0.043731778425655975,0.023459837793255132,0.06910583439402801,,,,,,,,,,,,,,,,,,
published_random,random_published,,two_margin_minus_single_margin,measured_only,single_margin_published,fn05_fp05,,,,,188,,,,,,,,,,,,,,,,,,,-0.1377659574468085,-0.17978723404255317,-0.09893617021276596,-0.047872340425531915,-0.0670212765957447,-0.030851063829787233,-0.047872340425531915,-0.0670212765957447,-0.030851063829787233,0.0,0.0,0.0,-26.4,-34.6,-19.0,-9.0,-12.600000000000001,-5.8,0.0,0.0,0.0,-9.0,-12.600000000000001,-5.8,402.0,270.595,550.205,,,,,,,,,,,,,-132.0,-173.0,-95.0,-45.0,-63.0,-29.0,0.0,0.0,0.0,-45.0,-63.0,-29.0,2010.0,1352.975,2751.025,-0.14885580982003987,-0.20737550395731472,-0.0994938628542465
published_random,random_published,,cell,measured_only,,fn05_fpfree,,1:0.32/-1.0;2:0.3/-1.0;3:0.29/-1.0;4:0.26/-1.0,965.0,193,188,686.0,634.0,738.0,30.0,16.0,47.02500000000009,0.0,0.0,0.0,30.0,16.0,47.02500000000009,15513.0,14279.975,16848.15,28080.0,25880.0,30505.125,0.7108156028368794,0.6627570921985815,0.7602836879432624,0.030851063829787237,0.01595744680851064,0.04893617021276595,0.030851063829787237,0.01595744680851064,0.04893617021276595,0.0,0.0,0.0,137.2,126.8,147.60000000000002,6.0,3.2,9.40500000000002,0.0,0.0,0.0,6.0,3.2,9.40500000000002,3102.6000000000004,2855.995,3369.6299999999997,5616.0,5176.0,6101.025,0.447542735042735,0.41201571105142343,0.4812879580601655,0.043731778425655975,0.023459837793255132,0.06910583439402801,0.043731778425655975,0.023459837793255132,0.06910583439402801,,,,,,,,,,,,,,,,,,
published_random,random_published,,two_margin_minus_single_margin,measured_only,single_margin_published,fn05_fpfree,,,,,188,,,,,,,,,,,,,,,,,,,-0.1377659574468085,-0.17978723404255317,-0.09893617021276596,-0.047872340425531915,-0.0670212765957447,-0.030851063829787233,-0.047872340425531915,-0.0670212765957447,-0.030851063829787233,0.0,0.0,0.0,-26.4,-34.6,-19.0,-9.0,-12.600000000000001,-5.8,0.0,0.0,0.0,-9.0,-12.600000000000001,-5.8,402.0,270.595,550.205,,,,,,,,,,,,,-132.0,-173.0,-95.0,-45.0,-63.0,-29.0,0.0,0.0,0.0,-45.0,-63.0,-29.0,2010.0,1352.975,2751.025,-0.14885580982003987,-0.20737550395731472,-0.0994938628542465
published_random,random_published,,cell,loglinear,,single_margin_published,,1:0.18;2:0.18;3:0.16;4:0.07,965.0,193,188,816.0,777.0,858.0,74.0,51.0,100.0,0.0,0.0,0.0,74.0,51.0,100.0,13539.0,12503.975,14674.175000000001,28080.0,25880.0,30505.125,0.8464539007092198,0.8097517730496455,0.8820921985815602,0.07765957446808511,0.054255319148936165,0.10531914893617021,0.07765957446808511,0.054255319148936165,0.10531914893617021,0.0,0.0,0.0,163.2,155.39999999999998,171.6,14.8,10.200000000000001,20.0,0.0,0.0,0.0,14.8,10.200000000000001,20.0,2707.8,2500.795,2934.8350000000005,5616.0,5176.0,6101.025,0.5178418803418803,0.49222086867889786,0.5418382122325154,0.09068627450980392,0.06297141146007645,0.12219784564716475,0.09068627450980392,0.06297141146007645,0.12219784564716475,,,,,,,,,,,,,,,,,,
published_random,random_published,,cell,loglinear,,fn05_fp05,,1:0.32/-1.0;2:0.3/-1.0;3:0.29/-1.0;4:0.26/-1.0,965.0,193,188,686.0,634.0,738.0,30.0,16.0,47.02500000000009,0.0,0.0,0.0,30.0,16.0,47.02500000000009,15513.0,14279.975,16848.15,28080.0,25880.0,30505.125,0.7108156028368794,0.6627570921985815,0.7602836879432624,0.030851063829787237,0.01595744680851064,0.04893617021276595,0.030851063829787237,0.01595744680851064,0.04893617021276595,0.0,0.0,0.0,137.2,126.8,147.60000000000002,6.0,3.2,9.40500000000002,0.0,0.0,0.0,6.0,3.2,9.40500000000002,3102.6000000000004,2855.995,3369.6299999999997,5616.0,5176.0,6101.025,0.447542735042735,0.41201571105142343,0.4812879580601655,0.043731778425655975,0.023459837793255132,0.06910583439402801,0.043731778425655975,0.023459837793255132,0.06910583439402801,,,,,,,,,,,,,,,,,,
published_random,random_published,,two_margin_minus_single_margin,loglinear,single_margin_published,fn05_fp05,,,,,188,,,,,,,,,,,,,,,,,,,-0.1356382978723404,-0.17765957446808514,-0.09680851063829789,-0.04680851063829788,-0.06595744680851065,-0.02978723404255319,-0.04680851063829788,-0.06595744680851065,-0.02978723404255319,0.0,0.0,0.0,-26.0,-34.004999999999995,-18.6,-8.8,-12.400000000000002,-5.6,0.0,0.0,0.0,-8.8,-12.400000000000002,-5.6,394.8,263.20000000000005,541.41,,,,,,,,,,,,,-130.0,-170.02499999999998,-93.0,-44.0,-62.0,-28.0,0.0,0.0,0.0,-44.0,-62.0,-28.0,1974.0,1316.0,2707.05,-0.14580101927764244,-0.2036869565778961,-0.09606647010022241
published_random,random_published,,cell,loglinear,,fn05_fpfree,,1:0.32/-1.0;2:0.3/-1.0;3:0.29/-1.0;4:0.26/-1.0,965.0,193,188,686.0,634.0,738.0,30.0,16.0,47.02500000000009,0.0,0.0,0.0,30.0,16.0,47.02500000000009,15513.0,14279.975,16848.15,28080.0,25880.0,30505.125,0.7108156028368794,0.6627570921985815,0.7602836879432624,0.030851063829787237,0.01595744680851064,0.04893617021276595,0.030851063829787237,0.01595744680851064,0.04893617021276595,0.0,0.0,0.0,137.2,126.8,147.60000000000002,6.0,3.2,9.40500000000002,0.0,0.0,0.0,6.0,3.2,9.40500000000002,3102.6000000000004,2855.995,3369.6299999999997,5616.0,5176.0,6101.025,0.447542735042735,0.41201571105142343,0.4812879580601655,0.043731778425655975,0.023459837793255132,0.06910583439402801,0.043731778425655975,0.023459837793255132,0.06910583439402801,,,,,,,,,,,,,,,,,,
published_random,random_published,,two_margin_minus_single_margin,loglinear,single_margin_published,fn05_fpfree,,,,,188,,,,,,,,,,,,,,,,,,,-0.1356382978723404,-0.17765957446808514,-0.09680851063829789,-0.04680851063829788,-0.06595744680851065,-0.02978723404255319,-0.04680851063829788,-0.06595744680851065,-0.02978723404255319,0.0,0.0,0.0,-26.0,-34.004999999999995,-18.6,-8.8,-12.400000000000002,-5.6,0.0,0.0,0.0,-8.8,-12.400000000000002,-5.6,394.8,263.20000000000005,541.41,,,,,,,,,,,,,-130.0,-170.02499999999998,-93.0,-44.0,-62.0,-28.0,0.0,0.0,0.0,-44.0,-62.0,-28.0,1974.0,1316.0,2707.05,-0.14580101927764244,-0.2036869565778961,-0.09606647010022241
published_random,random_published,,model_effect,anchorboost,measured_only,single_margin_published,,,,,188,,,,,,,,,,,,,,,,,,,0.09875886524822695,0.06790780141843972,0.13280141843971632,0.009042553191489363,-0.010651595744680852,0.028723404255319152,-0.011170212765957449,-0.02819148936170213,0.00531914893617021,0.02021276595744681,0.010638297872340425,0.031914893617021274,19.199999999999996,13.200000000000003,25.599999999999998,-2.0000000000000004,-5.2,1.0000000000000002,3.8000000000000003,2.0,6.0,1.8,-2.0,5.6,-294.4,-397.40999999999997,-200.795,,,,,,,,,,,,,96.0,66.0,128.0,-10.0,-26.0,5.0,19.0,10.0,30.0,9.0,-10.0,28.0,-1472.0,-1987.05,-1003.9749999999999,0.10901281196771107,0.07669438126599944,0.14225025969004546
published_random,random_published,,model_effect,anchorboost,loglinear,single_margin_published,,,,,188,,,,,,,,,,,,,,,,,,,0.10088652482269504,0.0702127659574468,0.13475177304964536,0.010106382978723403,-0.010106382978723403,0.029787234042553193,-0.010106382978723407,-0.02712765957446809,0.006382978723404254,0.02021276595744681,0.010638297872340425,0.031914893617021274,19.6,13.600000000000001,26.0,-1.8000000000000005,-5.0,1.2000000000000004,3.8000000000000003,2.0,6.0,1.9999999999999998,-1.8,5.8,-301.6,-403.605,-208.19499999999996,,,,,,,,,,,,,98.0,68.0,130.0,-9.0,-25.0,6.0,19.0,10.0,30.0,10.0,-9.0,29.0,-1508.0,-2018.025,-1040.975,0.11138193367309268,0.07908892980722036,0.14439833984261607
published_random,random_published,,model_effect,anchorboost,measured_only,fn05_fp05,,,,,188,,,,,,,,,,,,,,,,,,,0.1423758865248227,0.10904255319148937,0.1769547872340426,0.025,0.00797872340425532,0.04361702127659574,0.004787234042553192,-0.009042553191489363,0.019148936170212766,0.02021276595744681,0.010638297872340425,0.031914893617021274,27.6,21.2,34.20500000000002,0.8,-1.8,3.5999999999999996,3.8000000000000003,2.0,6.0,4.6,1.4000000000000001,8.0,-405.6,-521.6,-296.6,,,,,,,,,,,,,138.0,106.0,171.0250000000001,4.0,-9.0,18.0,19.0,10.0,30.0,23.0,7.0,40.0,-2028.0,-2608.0,-1483.0,0.13072906594469136,0.09976572171985472,0.16294577431411164
published_random,random_published,,model_effect,anchorboost,loglinear,fn05_fp05,,,,,188,,,,,,,,,,,,,,,,,,,0.1423758865248227,0.10904255319148937,0.1769547872340426,0.025,0.00797872340425532,0.04361702127659574,0.004787234042553192,-0.009042553191489363,0.019148936170212766,0.02021276595744681,0.010638297872340425,0.031914893617021274,27.6,21.2,34.20500000000002,0.8,-1.8,3.5999999999999996,3.8000000000000003,2.0,6.0,4.6,1.4000000000000001,8.0,-405.6,-521.6,-296.6,,,,,,,,,,,,,138.0,106.0,171.0250000000001,4.0,-9.0,18.0,19.0,10.0,30.0,23.0,7.0,40.0,-2028.0,-2608.0,-1483.0,0.13072906594469136,0.09976572171985472,0.16294577431411164
published_random,random_published,,model_effect,anchorboost,measured_only,fn05_fpfree,,,,,188,,,,,,,,,,,,,,,,,,,0.1423758865248227,0.10904255319148937,0.1769547872340426,0.025,0.00797872340425532,0.04361702127659574,0.004787234042553192,-0.009042553191489363,0.019148936170212766,0.02021276595744681,0.010638297872340425,0.031914893617021274,27.6,21.2,34.20500000000002,0.8,-1.8,3.5999999999999996,3.8000000000000003,2.0,6.0,4.6,1.4000000000000001,8.0,-405.6,-521.6,-296.6,,,,,,,,,,,,,138.0,106.0,171.0250000000001,4.0,-9.0,18.0,19.0,10.0,30.0,23.0,7.0,40.0,-2028.0,-2608.0,-1483.0,0.13072906594469136,0.09976572171985472,0.16294577431411164
published_random,random_published,,model_effect,anchorboost,loglinear,fn05_fpfree,,,,,188,,,,,,,,,,,,,,,,,,,0.1423758865248227,0.10904255319148937,0.1769547872340426,0.025,0.00797872340425532,0.04361702127659574,0.004787234042553192,-0.009042553191489363,0.019148936170212766,0.02021276595744681,0.010638297872340425,0.031914893617021274,27.6,21.2,34.20500000000002,0.8,-1.8,3.5999999999999996,3.8000000000000003,2.0,6.0,4.6,1.4000000000000001,8.0,-405.6,-521.6,-296.6,,,,,,,,,,,,,138.0,106.0,171.0250000000001,4.0,-9.0,18.0,19.0,10.0,30.0,23.0,7.0,40.0,-2028.0,-2608.0,-1483.0,0.13072906594469136,0.09976572171985472,0.16294577431411164
published_random,random_published,,interaction_vs_single_margin,anchorboost,measured_only,fn05_fp05,,,,,,,,,,,,,,,,,,,,,,,,0.04361702127659574,0.003178191489361705,0.08563829787234044,0.015957446808510637,-0.0026595744680851063,0.03563829787234043,0.015957446808510637,-0.0026595744680851063,0.03563829787234043,0.0,0.0,0.0,8.399999999999999,0.7950000000000016,16.400000000000002,2.8000000000000003,-0.7999999999999999,6.400000000000001,0.0,0.0,0.0,2.8000000000000003,-0.7999999999999999,6.400000000000001,-111.20000000000003,-247.01000000000002,14.604999999999992,,,,,,,,,,,,,,,,,,,,,,,,,,,,0.021716253976980293,-0.0191843150509917,0.06405324821970369
published_random,random_published,,interaction_vs_single_margin,anchorboost,loglinear,fn05_fp05,,,,,,,,,,,,,,,,,,,,,,,,0.041489361702127664,0.0005319148936170288,0.08351063829787235,0.014893617021276595,-0.0037234042553191517,0.034574468085106384,0.014893617021276595,-0.0037234042553191517,0.034574468085106384,0.0,0.0,0.0,8.0,0.39999999999999947,16.00500000000002,2.6,-1.0000000000000002,6.4,0.0,0.0,0.0,2.6,-1.0000000000000002,6.4,-104.00000000000003,-241.00500000000005,22.79999999999997,,,,,,,,,,,,,,,,,,,,,,,,,,,,0.019347132271598677,-0.021493363827699737,0.06185883567847225
published_random,random_published,,interaction_vs_single_margin,anchorboost,measured_only,fn05_fpfree,,,,,,,,,,,,,,,,,,,,,,,,0.04361702127659574,0.003178191489361705,0.08563829787234044,0.015957446808510637,-0.0026595744680851063,0.03563829787234043,0.015957446808510637,-0.0026595744680851063,0.03563829787234043,0.0,0.0,0.0,8.399999999999999,0.7950000000000016,16.400000000000002,2.8000000000000003,-0.7999999999999999,6.400000000000001,0.0,0.0,0.0,2.8000000000000003,-0.7999999999999999,6.400000000000001,-111.20000000000003,-247.01000000000002,14.604999999999992,,,,,,,,,,,,,,,,,,,,,,,,,,,,0.021716253976980293,-0.0191843150509917,0.06405324821970369
published_random,random_published,,interaction_vs_single_margin,anchorboost,loglinear,fn05_fpfree,,,,,,,,,,,,,,,,,,,,,,,,0.041489361702127664,0.0005319148936170288,0.08351063829787235,0.014893617021276595,-0.0037234042553191517,0.034574468085106384,0.014893617021276595,-0.0037234042553191517,0.034574468085106384,0.0,0.0,0.0,8.0,0.39999999999999947,16.00500000000002,2.6,-1.0000000000000002,6.4,0.0,0.0,0.0,2.6,-1.0000000000000002,6.4,-104.00000000000003,-241.00500000000005,22.79999999999997,,,,,,,,,,,,,,,,,,,,,,,,,,,,0.019347132271598677,-0.021493363827699737,0.06185883567847225
