block,stratum,kind,method,comparator,designs,substances,groups,reports,reports_lo,reports_hi,fn,fn_lo,fn_hi,fp,fp_lo,fp_hi,wrong,wrong_lo,wrong_hi,wells_used,wells_used_lo,wells_used_hi,wells_full,wells_full_lo,wells_full_hi,report_rate,report_rate_lo,report_rate_hi,wrong_loss,wrong_loss_lo,wrong_loss_hi,fn_loss,fn_loss_lo,fn_loss_hi,fp_loss,fp_loss_lo,fp_loss_hi,reports_screen,reports_screen_lo,reports_screen_hi,fn_screen,fn_screen_lo,fn_screen_hi,fp_screen,fp_screen_lo,fp_screen_hi,wrong_screen,wrong_screen_lo,wrong_screen_hi,wells_screen,wells_screen_lo,wells_screen_hi,full_screen,full_screen_lo,full_screen_hi,saving_vs_full,saving_vs_full_lo,saving_vs_full_hi,error_among_reports,error_among_reports_lo,error_among_reports_hi,fn_among_reports,fn_among_reports_lo,fn_among_reports_hi,reports_native,reports_native_lo,reports_native_hi,fn_native,fn_native_lo,fn_native_hi,fp_native,fp_native_lo,fp_native_hi,wrong_native,wrong_native_lo,wrong_native_hi,wells_used_native,wells_used_native_lo,wells_used_native_hi,relative_well_saving,relative_well_saving_lo,relative_well_saving_hi,stage1_reports,stage2_reports,completed
three_point,contains_top,cell,anchorboost,,406.0,181,178,391.0,360.975,420.0,5.0,1.0,10.0,0.0,0.0,0.0,5.0,1.0,10.0,4981.0,4412.925,5622.025,11661.0,10333.925,13128.075,0.9648876404494382,0.9387916190566875,0.9866666666666666,0.010299625468164793,0.00186219739292365,0.02131782945736434,0.010299625468164793,0.00186219739292365,0.02131782945736434,0.0,0.0,0.0,174.75,166.16666666666666,183.16875,1.8333333333333333,0.3333333333333333,3.833333333333333,0.0,0.0,0.0,1.8333333333333333,0.3333333333333333,3.833333333333333,2177.166666666667,1997.6666666666667,2372.5291666666667,5205.0,4761.975,5690.0,0.5817162984309958,0.564962769352306,0.5980612380629289,0.01278772378516624,0.002499844139650873,0.026595744680851064,0.01278772378516624,0.002499844139650873,0.026595744680851064,,,,,,,,,,,,,,,,,,,,,
three_point,contains_top,cell,measured_only,,406.0,181,178,360.0,329.0,390.0250000000001,4.0,1.0,8.0,0.0,0.0,0.0,4.0,1.0,8.0,5424.0,4775.975,6108.05,11661.0,10333.925,13128.075,0.8984082397003745,0.8564017776321129,0.9373881497964208,0.008426966292134831,0.0018518518518518517,0.017045454545454544,0.008426966292134831,0.0018518518518518517,0.017045454545454544,0.0,0.0,0.0,162.66666666666669,152.16666666666666,172.25,1.5,0.3333333333333333,3.0,0.0,0.0,0.0,1.5,0.3333333333333333,3.0,2369.166666666667,2152.9708333333333,2586.6708333333336,5205.0,4761.975,5690.0,0.5448286903618316,0.5171195182471944,0.5707892695293828,0.011111111111111112,0.0026666666666666666,0.022408963585434174,0.011111111111111112,0.0026666666666666666,0.022408963585434174,,,,,,,,,,,,,,,,,,,,,
three_point,contains_top,cell,loglinear,,406.0,181,178,359.0,328.0,389.0,4.0,1.0,8.0,0.0,0.0,0.0,4.0,1.0,8.0,5436.0,4791.975,6122.0,11661.0,10333.925,13128.075,0.8965355805243445,0.8543928571428571,0.935715283320032,0.008426966292134831,0.0018518518518518517,0.017045454545454544,0.008426966292134831,0.0018518518518518517,0.017045454545454544,0.0,0.0,0.0,162.33333333333334,151.91666666666666,172.0,1.5,0.3333333333333333,3.0,0.0,0.0,0.0,1.5,0.3333333333333333,3.0,2373.166666666667,2155.829166666667,2588.675,5205.0,4761.975,5690.0,0.5440601985270572,0.516368394452558,0.5700149239287027,0.011142061281337047,0.00267379679144385,0.022410537248607313,0.011142061281337047,0.00267379679144385,0.022410537248607313,,,,,,,,,,,,,,,,,,,,,
three_point,contains_top,contrast,anchorboost,measured_only,,,178,,,,,,,,,,,,,,,,,,,0.06647940074906368,0.034990064245041384,0.10149372275768925,0.0018726591760299624,0.0,0.005714285714285714,0.0018726591760299624,0.0,0.005714285714285714,0.0,0.0,0.0,12.083333333333334,6.416666666666667,18.335416666666678,0.3333333333333333,0.0,1.0,0.0,0.0,0.0,0.3333333333333333,0.0,1.0,-192.0,-301.0,-95.97499999999991,,,,,,,,,,,,,31.0,16.0,49.0,1.0,0.0,3.0,0.0,0.0,0.0,1.0,0.0,3.0,-443.0,-679.025,-230.9749999999999,0.08104115371086884,0.04177862777856965,0.12176956411622718,,,
three_point,contains_top,contrast,anchorboost,loglinear,,,178,,,,,,,,,,,,,,,,,,,0.06835205992509363,0.03683214484560366,0.10357815442561205,0.0018726591760299624,0.0,0.005714285714285714,0.0018726591760299624,0.0,0.005714285714285714,0.0,0.0,0.0,12.416666666666668,6.666666666666667,18.666666666666668,0.3333333333333333,0.0,1.0,0.0,0.0,0.0,0.3333333333333333,0.0,1.0,-196.0,-306.0,-98.0,,,,,,,,,,,,,32.0,17.0,50.0,1.0,0.0,3.0,0.0,0.0,0.0,1.0,0.0,3.0,-455.0,-694.025,-242.9749999999999,0.08259006952735448,0.04388480588149729,0.12343703139067805,,,
three_point,not_contains_top,cell,anchorboost,,559.0,190,185,523.0,488.0,560.0,60.0,41.0,81.0,19.0,10.0,30.0,79.0,58.0,102.0,7050.0,6398.975,7745.0,16419.0,14784.975,18207.375,0.942132132132132,0.9127434995737425,0.9676579284202234,0.15264264264264263,0.11316022000261129,0.19693614926401815,0.1057957957957958,0.07269999237398002,0.1421969752010075,0.04684684684684684,0.022312505479091787,0.0748663101604278,178.98333333333335,171.59958333333333,186.81833333333333,19.883333333333333,13.666666666666666,26.683750000000003,8.666666666666666,4.083333333333333,13.916666666666664,28.549999999999997,21.182499999999997,36.85,2396.533333333333,2216.31375,2597.7533333333336,5553.0,5106.975,6059.05,0.5684254757188307,0.5503151631588459,0.5852786730485335,0.15105162523900573,0.11062602172341161,0.19540522508603134,0.1147227533460803,0.07839388145315487,0.15547238217103862,,,,,,,,,,,,,,,,,,,,,
three_point,not_contains_top,cell,measured_only,,559.0,190,185,458.0,421.0,497.0250000000001,71.0,49.0,96.0,0.0,0.0,0.0,71.0,49.0,96.0,8079.0,7301.975,8939.025,16419.0,14784.975,18207.375,0.8050941850941851,0.7579683193546587,0.8513175497632018,0.11903903903903902,0.08315503203738499,0.15943504159897604,0.11903903903903902,0.08315503203738499,0.15943504159897604,0.0,0.0,0.0,153.01666666666665,143.36624999999998,163.1204166666667,22.299999999999997,15.499999999999998,29.800833333333333,0.0,0.0,0.0,22.299999999999997,15.499999999999998,29.800833333333333,2805.4500000000003,2571.757083333333,3059.0258333333336,5553.0,5106.975,6059.05,0.49478660183684486,0.4632513478596197,0.5243073938676253,0.15502183406113537,0.10756688159642133,0.20833776595744682,0.15502183406113537,0.10756688159642133,0.20833776595744682,,,,,,,,,,,,,,,,,,,,,
three_point,not_contains_top,cell,loglinear,,559.0,190,185,457.0,420.0,496.0250000000001,70.0,48.0,95.0,0.0,0.0,0.0,70.0,48.0,95.0,8103.0,7313.95,8963.175000000001,16419.0,14784.975,18207.375,0.8037428337428337,0.7570758933340456,0.8497763573467993,0.11768768768768767,0.08197126934964416,0.15864949375605114,0.11768768768768767,0.08197126934964416,0.15864949375605114,0.0,0.0,0.0,152.76666666666665,143.05,162.85041666666666,22.049999999999997,15.333333333333334,29.633333333333333,0.0,0.0,0.0,22.049999999999997,15.333333333333334,29.633333333333333,2811.4500000000003,2578.99375,3065.7745833333333,5553.0,5106.975,6059.05,0.49370610480821175,0.46190949247358115,0.5234595637756398,0.15317286652078774,0.10609395307476573,0.20674360940082892,0.15317286652078774,0.10609395307476573,0.20674360940082892,,,,,,,,,,,,,,,,,,,,,
three_point,not_contains_top,contrast,anchorboost,measured_only,,,185,,,,,,,,,,,,,,,,,,,0.13703794703794706,0.09354797312134269,0.18499887167225879,0.03360360360360361,-0.005978893953560856,0.07468132476739033,-0.013243243243243245,-0.043245495495495494,0.017921316477768092,0.04684684684684684,0.022312505479091787,0.0748663101604278,25.96666666666667,17.749166666666667,34.83333333333333,-2.416666666666667,-7.966666666666666,3.350416666666668,8.666666666666666,4.083333333333333,13.916666666666664,6.25,-1.0666666666666664,13.85,-408.91666666666663,-551.485,-274.1916666666666,,,,,,,,,,,,,65.0,44.0,88.0,-11.0,-27.0,4.0,19.0,10.0,30.0,8.0,-11.0,27.0,-1029.0,-1411.0,-675.0,0.14575795921034673,0.10209342380657746,0.18815957237849762,,,
three_point,not_contains_top,contrast,anchorboost,loglinear,,,185,,,,,,,,,,,,,,,,,,,0.1383892983892984,0.09458911350984103,0.1860738385444268,0.03495495495495496,-0.004773351648351645,0.07598692240627725,-0.011891891891891895,-0.042120903895427976,0.018920856340211185,0.04684684684684684,0.022312505479091787,0.0748663101604278,26.21666666666667,17.999583333333334,35.06666666666667,-2.166666666666667,-7.7333333333333325,3.5666666666666664,8.666666666666666,4.083333333333333,13.916666666666664,6.5,-0.8345833333333327,14.100000000000001,-414.91666666666663,-558.3225,-278.6337499999999,,,,,,,,,,,,,66.0,45.0,89.0,-10.0,-26.0,5.0,19.0,10.0,30.0,9.0,-10.0,28.0,-1053.0,-1434.025,-698.9249999999997,0.14758102284112018,0.10370747783412773,0.18981842278740488,,,
three_point,all,cell,anchorboost,,965.0,193,188,914.0,884.0,947.0,65.0,45.0,87.0,19.0,10.0,30.0,84.0,62.0,107.0,12031.0,11162.975,12990.075,28080.0,25880.0,30505.125,0.947340425531915,0.924468085106383,0.9675531914893617,0.08776595744680851,0.06488031914893617,0.11224734042553199,0.0675531914893617,0.04680851063829788,0.09095744680851064,0.02021276595744681,0.010638297872340425,0.031914893617021274,182.8,176.8,189.39999999999998,13.0,9.0,17.400000000000002,3.8000000000000003,2.0,6.0,16.799999999999997,12.4,21.400000000000002,2406.2,2232.5950000000003,2598.015,5616.0,5176.0,6101.025,0.5715455840455841,0.5551997467361237,0.5870723131391222,0.09190371991247265,0.06803380478725582,0.11785034424869845,0.0711159737417943,0.04947340124504811,0.09539598555771207,,,,,,,,,,,,,,,,,,,,,
three_point,all,cell,measured_only,,965.0,193,188,818.0,779.0,860.0,75.0,52.0,101.0,0.0,0.0,0.0,75.0,52.0,101.0,13503.0,12460.975,14626.0,28080.0,25880.0,30505.125,0.848581560283688,0.812406914893617,0.8840425531914893,0.07872340425531915,0.055319148936170216,0.10638297872340426,0.07872340425531915,0.055319148936170216,0.10638297872340426,0.0,0.0,0.0,163.60000000000002,155.8,172.0,15.0,10.4,20.2,0.0,0.0,0.0,15.0,10.4,20.2,2700.6000000000004,2492.195,2925.2,5616.0,5176.0,6101.025,0.5191239316239316,0.4934169063328258,0.5430210818307828,0.09168704156479218,0.06398467780047622,0.123254151540837,0.09168704156479218,0.06398467780047622,0.123254151540837,,,,,,,,,,,,,,,,,,,,,
three_point,all,cell,loglinear,,965.0,193,188,816.0,777.0,858.0,74.0,51.0,100.0,0.0,0.0,0.0,74.0,51.0,100.0,13539.0,12503.975,14674.175000000001,28080.0,25880.0,30505.125,0.8464539007092198,0.8097517730496455,0.8820921985815602,0.07765957446808511,0.054255319148936165,0.10531914893617021,0.07765957446808511,0.054255319148936165,0.10531914893617021,0.0,0.0,0.0,163.2,155.39999999999998,171.6,14.8,10.200000000000001,20.0,0.0,0.0,0.0,14.8,10.200000000000001,20.0,2707.8,2500.795,2934.8350000000005,5616.0,5176.0,6101.025,0.5178418803418803,0.49222086867889786,0.5418382122325154,0.09068627450980392,0.06297141146007645,0.12219784564716475,0.09068627450980392,0.06297141146007645,0.12219784564716475,,,,,,,,,,,,,,,,,,,,,
three_point,all,contrast,anchorboost,measured_only,,,188,,,,,,,,,,,,,,,,,,,0.09875886524822695,0.06790780141843972,0.13280141843971632,0.009042553191489363,-0.010651595744680852,0.028723404255319152,-0.011170212765957449,-0.02819148936170213,0.00531914893617021,0.02021276595744681,0.010638297872340425,0.031914893617021274,19.199999999999996,13.200000000000003,25.599999999999998,-2.0000000000000004,-5.2,1.0000000000000002,3.8000000000000003,2.0,6.0,1.8,-2.0,5.6,-294.4,-397.40999999999997,-200.795,,,,,,,,,,,,,96.0,66.0,128.0,-10.0,-26.0,5.0,19.0,10.0,30.0,9.0,-10.0,28.0,-1472.0,-1987.05,-1003.9749999999999,0.10901281196771107,0.07669438126599944,0.14225025969004546,,,
three_point,all,contrast,anchorboost,loglinear,,,188,,,,,,,,,,,,,,,,,,,0.10088652482269504,0.0702127659574468,0.13475177304964536,0.010106382978723403,-0.010106382978723403,0.029787234042553193,-0.010106382978723407,-0.02712765957446809,0.006382978723404254,0.02021276595744681,0.010638297872340425,0.031914893617021274,19.6,13.600000000000001,26.0,-1.8000000000000005,-5.0,1.2000000000000004,3.8000000000000003,2.0,6.0,1.9999999999999998,-1.8,5.8,-301.6,-403.605,-208.19499999999996,,,,,,,,,,,,,98.0,68.0,130.0,-9.0,-25.0,6.0,19.0,10.0,30.0,10.0,-9.0,29.0,-1508.0,-2018.025,-1040.975,0.11138193367309268,0.07908892980722036,0.14439833984261607,,,
three_point,contains_top__minus__not_contains_top,between_strata,anchorboost,measured_only,,,,,,,,,,,,,,,,,,,,,,-0.07055854628888338,-0.1154733069236176,-0.026472469517806744,-0.03173094442757365,-0.07320828926493918,0.008064112411559328,0.015115902419273207,-0.01630699521272616,0.04514594474153299,-0.04684684684684684,-0.0748663101604278,-0.022312505479091783,,,,,,,,,,,,,,,,,,,,,,,,,,,,,,,,,,,,,,,,,,,-0.06471680549947789,-0.11075350160900545,-0.017658077076888722,,,
three_point,contains_top__minus__not_contains_top,between_strata,anchorboost,loglinear,,,,,,,,,,,,,,,,,,,,,,-0.07003723846420476,-0.11442690132132063,-0.026223405701825964,-0.033082295778925,-0.07459027470093044,0.006487854790274153,0.013764551067921857,-0.0177599759994685,0.0439714210674487,-0.04684684684684684,-0.0748663101604278,-0.022312505479091783,,,,,,,,,,,,,,,,,,,,,,,,,,,,,,,,,,,,,,,,,,,-0.0649909533137657,-0.11024537400862935,-0.018157489017634188,,,
closed_loop,contains_top,cell,model_disagreement,,406.0,181,178,388.0,357.0,418.0,5.0,1.0,10.0,0.0,0.0,0.0,5.0,1.0,10.0,5058.0,4480.975,5719.025,11661.0,10333.925,13128.075,0.9508426966292135,0.9198886222061207,0.9770619983948635,0.010299625468164793,0.00186219739292365,0.02131782945736434,0.010299625468164793,0.00186219739292365,0.02131782945736434,0.0,0.0,0.0,172.25,162.91666666666666,181.00208333333333,1.8333333333333333,0.3333333333333333,3.833333333333333,0.0,0.0,0.0,1.8333333333333333,0.3333333333333333,3.833333333333333,2234.416666666667,2042.4125000000001,2443.172916666667,5205.0,4761.975,5690.0,0.5707172590457892,0.5496359623484269,0.5902518660556803,0.01288659793814433,0.002512562814070352,0.026830579596118547,0.01288659793814433,0.002512562814070352,0.026830579596118547,,,,,,,,,,,,,,,,,,,383.0,5.0,18.0
closed_loop,contains_top,cell,highest_unmeasured,,406.0,181,178,388.0,357.0,418.0,5.0,1.0,10.0,0.0,0.0,0.0,5.0,1.0,10.0,5055.0,4472.95,5723.05,11661.0,10333.925,13128.075,0.9564606741573034,0.9289077212806026,0.9795238095238095,0.010299625468164793,0.00186219739292365,0.02131782945736434,0.010299625468164793,0.00186219739292365,0.02131782945736434,0.0,0.0,0.0,173.25,164.25000000000003,181.83333333333331,1.8333333333333333,0.3333333333333333,3.833333333333333,0.0,0.0,0.0,1.8333333333333333,0.3333333333333333,3.833333333333333,2215.666666666667,2028.4791666666667,2415.008333333333,5205.0,4761.975,5690.0,0.5743195645212935,0.5557923833948744,0.5921657343665767,0.01288659793814433,0.002512562814070352,0.026811453198420255,0.01288659793814433,0.002512562814070352,0.026811453198420255,,,,,,,,,,,,,,,,,,,383.0,5.0,18.0
closed_loop,contains_top,cell,fixed_maximin,,406.0,181,178,386.0,354.0,416.0,5.0,1.0,10.0,0.0,0.0,0.0,5.0,1.0,10.0,5076.0,4496.975,5729.025,11661.0,10333.925,13128.075,0.9480337078651685,0.9147618820890467,0.9766110457708517,0.010299625468164793,0.00186219739292365,0.02131782945736434,0.010299625468164793,0.00186219739292365,0.02131782945736434,0.0,0.0,0.0,171.75,162.33333333333331,180.75,1.8333333333333333,0.3333333333333333,3.833333333333333,0.0,0.0,0.0,1.8333333333333333,0.3333333333333333,3.833333333333333,2238.916666666667,2046.4958333333334,2446.625,5205.0,4761.975,5690.0,0.5698527057316682,0.5489158894510536,0.5897585300345585,0.012953367875647668,0.0025252525252525255,0.026955999125810454,0.012953367875647668,0.0025252525252525255,0.026955999125810454,,,,,,,,,,,,,,,,,,,383.0,3.0,20.0
closed_loop,contains_top,cell,uniform_random,,406.0,181,178,385.95,354.75,416.40125,5.0,1.0,10.0,0.0,0.0,0.0,5.0,1.0,10.0,5078.55,4494.24,5732.80875,11661.0,10333.925,13128.075,0.9488061797752808,0.9183049878384777,0.9751165021929823,0.010299625468164793,0.00186219739292365,0.02131782945736434,0.010299625468164793,0.00186219739292365,0.02131782945736434,0.0,0.0,0.0,171.8875,162.708125,180.70916666666665,1.8333333333333333,0.3333333333333333,3.833333333333333,0.0,0.0,0.0,1.8333333333333333,0.3333333333333333,3.833333333333333,2236.4041666666667,2045.6627083333335,2442.200520833333,5205.0,4761.975,5690.0,0.5703354146653858,0.5500491220099225,0.5898649680366913,0.012955045990413267,0.002526807876618363,0.027027941337819557,0.012955045990413267,0.002526807876618363,0.027027941337819557,,,,,,,,,,,,,,,,,,,383.0,2.95,20.05
closed_loop,contains_top,cell,nested_measured_only,,406.0,181,178,360.0,329.0,390.0250000000001,4.0,1.0,8.0,0.0,0.0,0.0,4.0,1.0,8.0,5424.0,4775.975,6108.05,11661.0,10333.925,13128.075,0.8984082397003745,0.8564017776321129,0.9373881497964208,0.008426966292134831,0.0018518518518518517,0.017045454545454544,0.008426966292134831,0.0018518518518518517,0.017045454545454544,0.0,0.0,0.0,162.66666666666669,152.16666666666666,172.25,1.5,0.3333333333333333,3.0,0.0,0.0,0.0,1.5,0.3333333333333333,3.0,2369.166666666667,2152.9708333333333,2586.6708333333336,5205.0,4761.975,5690.0,0.5448286903618316,0.5171195182471944,0.5707892695293828,0.011111111111111112,0.0026666666666666666,0.022408963585434174,0.011111111111111112,0.0026666666666666666,0.022408963585434174,,,,,,,,,,,,,,,,,,,360.0,0.0,46.0
closed_loop,contains_top,cell,nested_anchorboost,,406.0,181,178,391.0,360.975,420.0,5.0,1.0,10.0,0.0,0.0,0.0,5.0,1.0,10.0,4981.0,4412.925,5622.025,11661.0,10333.925,13128.075,0.9648876404494382,0.9387916190566875,0.9866666666666666,0.010299625468164793,0.00186219739292365,0.02131782945736434,0.010299625468164793,0.00186219739292365,0.02131782945736434,0.0,0.0,0.0,174.75,166.16666666666666,183.16875,1.8333333333333333,0.3333333333333333,3.833333333333333,0.0,0.0,0.0,1.8333333333333333,0.3333333333333333,3.833333333333333,2177.166666666667,1997.6666666666667,2372.5291666666667,5205.0,4761.975,5690.0,0.5817162984309958,0.564962769352306,0.5980612380629289,0.01278772378516624,0.002499844139650873,0.026595744680851064,0.01278772378516624,0.002499844139650873,0.026595744680851064,,,,,,,,,,,,,,,,,,,391.0,0.0,15.0
closed_loop,contains_top,contrast,model_disagreement,nested_measured_only,,,178,,,,,,,,,,,,,,,,,,,0.052434456928838954,0.026984824409347716,0.08054193486357382,0.0018726591760299624,0.0,0.005714285714285714,0.0018726591760299624,0.0,0.005714285714285714,0.0,0.0,0.0,9.583333333333334,5.0,14.666666666666666,0.3333333333333333,0.0,1.0,0.0,0.0,0.0,0.3333333333333333,0.0,1.0,-134.75,-213.0,-68.0,,,,,,,,,,,,,28.0,14.0,44.0,1.0,0.0,3.0,0.0,0.0,0.0,1.0,0.0,3.0,-366.0,-558.0749999999999,-192.0,0.05687653886739363,0.029528264654446534,0.08764758319444989,,,
closed_loop,contains_top,contrast,model_disagreement,nested_anchorboost,,,178,,,,,,,,,,,,,,,,,,,-0.014044943820224719,-0.038892100192678226,0.00847457627118644,0.0,0.0,0.0,0.0,0.0,0.0,0.0,0.0,0.0,-2.5,-7.0,1.5,0.0,0.0,0.0,0.0,0.0,0.0,0.0,0.0,0.0,57.25,-5.268749999999994,136.5,,,,,,,,,,,,,-3.0,-15.0,7.0,0.0,0.0,0.0,0.0,0.0,0.0,0.0,0.0,0.0,77.0,-51.02499999999999,234.0250000000001,-0.026295644185868383,-0.0630017864305698,0.002476548977431965,,,
closed_loop,contains_top,contrast,highest_unmeasured,nested_measured_only,,,178,,,,,,,,,,,,,,,,,,,0.05805243445692884,0.030301972236329782,0.08898305084745761,0.0018726591760299624,0.0,0.005714285714285714,0.0018726591760299624,0.0,0.005714285714285714,0.0,0.0,0.0,10.583333333333334,5.583333333333334,16.083333333333332,0.3333333333333333,0.0,1.0,0.0,0.0,0.0,0.3333333333333333,0.0,1.0,-153.5,-242.5,-76.5,,,,,,,,,,,,,28.0,14.0,44.0,1.0,0.0,3.0,0.0,0.0,0.0,1.0,0.0,3.0,-369.0,-570.0,-192.0,0.06479071403447068,0.03352027541297439,0.09843927698921642,,,
closed_loop,contains_top,contrast,highest_unmeasured,nested_anchorboost,,,178,,,,,,,,,,,,,,,,,,,-0.008426966292134831,-0.03089887640449438,0.011428571428571429,0.0,0.0,0.0,0.0,0.0,0.0,0.0,0.0,0.0,-1.5,-5.5,2.0,0.0,0.0,0.0,0.0,0.0,0.0,0.0,0.0,0.0,38.5,-8.0,93.0,,,,,,,,,,,,,-3.0,-14.0,7.0,0.0,0.0,0.0,0.0,0.0,0.0,0.0,0.0,0.0,74.0,-39.0,222.0,-0.017683533644645255,-0.043133453999734415,0.0037501890997079295,,,
closed_loop,contains_top,contrast,fixed_maximin,nested_measured_only,,,178,,,,,,,,,,,,,,,,,,,0.04962546816479401,0.025321248991247134,0.07685363247863249,0.0018726591760299624,0.0,0.005714285714285714,0.0018726591760299624,0.0,0.005714285714285714,0.0,0.0,0.0,9.083333333333334,4.75,13.916666666666668,0.3333333333333333,0.0,1.0,0.0,0.0,0.0,0.3333333333333333,0.0,1.0,-130.25,-208.75,-63.5,,,,,,,,,,,,,26.0,13.0,41.0,1.0,0.0,3.0,0.0,0.0,0.0,1.0,0.0,3.0,-348.0,-540.0,-177.0,0.0549771368272951,0.027826866662767468,0.08523335101375464,,,
closed_loop,contains_top,contrast,fixed_maximin,nested_anchorboost,,,178,,,,,,,,,,,,,,,,,,,-0.016853932584269662,-0.040060811847759364,0.002793688406251963,0.0,0.0,0.0,0.0,0.0,0.0,0.0,0.0,0.0,-3.0,-7.25,0.5,0.0,0.0,0.0,0.0,0.0,0.0,0.0,0.0,0.0,61.75,0.75,140.00625000000002,,,,,,,,,,,,,-5.0,-16.0,3.0,0.0,0.0,0.0,0.0,0.0,0.0,0.0,0.0,0.0,95.0,-24.0,245.0,-0.028362550715762103,-0.06453714018643729,-0.00037179007423454493,,,
closed_loop,contains_top,contrast,uniform_random,nested_measured_only,,,178,,,,,,,,,,,,,,,,,,,0.05039794007490637,0.0269685255387071,0.07715558502291131,0.0018726591760299624,0.0,0.005714285714285714,0.0018726591760299624,0.0,0.005714285714285714,0.0,0.0,0.0,9.220833333333333,5.033125,14.021041666666669,0.3333333333333333,0.0,1.0,0.0,0.0,0.0,0.3333333333333333,0.0,1.0,-132.7625,-209.8315625,-67.96187499999999,,,,,,,,,,,,,25.95,13.2,40.70125000000001,1.0,0.0,3.0,0.0,0.0,0.0,1.0,0.0,3.0,-345.45,-535.51125,-179.39624999999995,0.0560376362996835,0.029540337530459544,0.08562380611751022,,,
closed_loop,contains_top,contrast,uniform_random,nested_anchorboost,,,178,,,,,,,,,,,,,,,,,,,-0.0160814606741573,-0.037779761904761906,0.001802307094403641,0.0,0.0,0.0,0.0,0.0,0.0,0.0,0.0,0.0,-2.8625,-6.7503125,0.3262500000000045,0.0,0.0,0.0,0.0,0.0,0.0,0.0,0.0,0.0,59.23750000000001,3.1096875000000104,129.47812500000003,,,,,,,,,,,,,-5.05,-15.5525,2.2,0.0,0.0,0.0,0.0,0.0,0.0,0.0,0.0,0.0,97.55000000000003,-9.749999999999979,243.35000000000002,-0.027208527903238133,-0.05962218896615548,-0.001445116502293538,,,
closed_loop,contains_top,contrast,model_disagreement,highest_unmeasured,,,178,,,,,,,,,,,,,,,,,,,-0.0056179775280898875,-0.020604395604395604,0.004285714285714286,0.0,0.0,0.0,0.0,0.0,0.0,0.0,0.0,0.0,-1.0,-3.75,0.75,0.0,0.0,0.0,0.0,0.0,0.0,0.0,0.0,0.0,18.75,-11.25,67.5,,,,,,,,,,,,,0.0,-4.0,4.0,0.0,0.0,0.0,0.0,0.0,0.0,0.0,0.0,0.0,3.0,-54.0,63.0,-0.008462464269595404,-0.030883090351034714,0.0051668806783265655,,,
closed_loop,contains_top,contrast,model_disagreement,fixed_maximin,,,178,,,,,,,,,,,,,,,,,,,0.0028089887640449437,-0.008379888268156424,0.01694915254237288,0.0,0.0,0.0,0.0,0.0,0.0,0.0,0.0,0.0,0.5,-1.5,3.0,0.0,0.0,0.0,0.0,0.0,0.0,0.0,0.0,0.0,-4.5,-27.0,13.5,,,,,,,,,,,,,2.0,-3.0,9.0,0.0,0.0,0.0,0.0,0.0,0.0,0.0,0.0,0.0,-18.0,-81.0,27.0,0.0020099006215803517,-0.0059167329409638755,0.012135036118276954,,,
closed_loop,contains_top,contrast,model_disagreement,uniform_random,,,178,,,,,,,,,,,,,,,,,,,0.0020365168539325847,-0.005525629220380601,0.012354850817786865,0.0,0.0,0.0,0.0,0.0,0.0,0.0,0.0,0.0,0.36250000000000004,-0.9753125,2.1875,0.0,0.0,0.0,0.0,0.0,0.0,0.0,0.0,0.0,-1.9875000000000105,-19.987500000000004,13.724999999999987,,,,,,,,,,,,,2.05,-1.45,7.5,0.0,0.0,0.0,0.0,0.0,0.0,0.0,0.0,0.0,-20.550000000000022,-72.30000000000001,15.449999999999942,0.0008887034059510412,-0.006083875266084638,0.009033508299359845,,,
closed_loop,not_contains_top,cell,model_disagreement,,559.0,190,185,537.0,501.0,576.0,49.0,31.0,69.0,15.0,7.0,25.0,64.0,45.0,85.0,7061.0,6411.0,7745.025,16419.0,14784.975,18207.375,0.9588288288288288,0.9340539571829894,0.9808743169398907,0.12120120120120119,0.08459459459459459,0.1600739247311828,0.08246246246246247,0.05296082949308755,0.11433692118922809,0.03873873873873874,0.017377791901658828,0.06496415770609318,182.38333333333333,175.26666666666665,190.13333333333333,15.566666666666666,9.999583333333334,21.567500000000003,7.166666666666666,3.1666666666666665,12.0,22.73333333333333,15.982916666666668,29.983333333333334,2416.116666666667,2232.1991666666663,2614.7387500000004,5553.0,5106.975,6059.05,0.5648988534725974,0.5471688079216477,0.5818854211180585,0.1191806331471136,0.08363265306122449,0.15884776820568944,0.09124767225325885,0.05860805860805861,0.12743632735183943,,,,,,,,,,,,,,,,,,,489.0,48.0,22.0
closed_loop,not_contains_top,cell,highest_unmeasured,,559.0,190,185,540.0,504.0,579.0,50.0,32.0,70.0,15.0,7.0,25.0,65.0,46.0,87.0,7028.0,6380.925,7713.025,16419.0,14784.975,18207.375,0.9635135135135136,0.9390658969387156,0.9840425531914894,0.12390390390390389,0.08720890628978863,0.1626224970961696,0.08516516516516517,0.05522816892905259,0.11743554327808473,0.03873873873873874,0.017377791901658828,0.06496415770609318,183.25,176.25,191.0,16.066666666666663,10.383333333333333,22.1,7.166666666666666,3.1666666666666665,12.0,23.23333333333333,16.31625,30.51791666666667,2407.116666666667,2222.8575,2605.1016666666665,5553.0,5106.975,6059.05,0.5665195990155472,0.549190456442637,0.5830527149770438,0.12037037037037036,0.08458577509951348,0.16000528169014086,0.09259259259259259,0.0600375234521576,0.12897347000301476,,,,,,,,,,,,,,,,,,,489.0,51.0,19.0
closed_loop,not_contains_top,cell,fixed_maximin,,559.0,190,185,525.0,489.0,564.0,50.0,32.0,71.0,16.0,7.9750000000000085,26.0,66.0,46.0,89.0,7177.0,6509.95,7877.025,16419.0,14784.975,18207.375,0.9384384384384384,0.9083459395224102,0.9658004778972521,0.12408408408408408,0.0874536494925839,0.16363444460503285,0.08354354354354354,0.0534910911521916,0.11595739914588578,0.04054054054054054,0.018018018018018018,0.06720430107526881,178.33333333333331,170.74791666666667,186.33333333333331,15.766666666666666,10.066666666666666,21.867500000000003,7.5,3.333333333333333,12.416666666666666,23.266666666666666,16.4,30.683750000000007,2455.2833333333333,2266.5495833333334,2659.2091666666665,5553.0,5106.975,6059.05,0.5578456089801309,0.5379309286034949,0.5768060417083016,0.12571428571428572,0.08789001209466527,0.16870371870227244,0.09523809523809523,0.06085120125405045,0.13444273268168297,,,,,,,,,,,,,,,,,,,489.0,36.0,34.0
closed_loop,not_contains_top,cell,uniform_random,,559.0,190,185,520.7,486.0,558.9512500000001,50.5,32.25,71.5,16.0,7.5,26.0,66.5,46.25,89.0,7256.25,6568.43125,7992.2875,16419.0,14784.975,18207.375,0.9309684684684686,0.9025293524667931,0.9565787143599644,0.12606606606606607,0.08834132658993141,0.16733252653045064,0.08484984984984985,0.05487671829583595,0.11750367647058824,0.04121621621621622,0.018015596241402695,0.06846885782058655,177.00416666666666,169.69916666666666,184.97552083333332,16.008333333333333,10.333333333333334,22.141666666666666,7.625,3.333333333333333,12.708333333333334,23.633333333333333,16.66645833333333,31.391875,2478.5583333333334,2286.8085416666663,2686.5686458333334,5553.0,5106.975,6059.05,0.5536541809232247,0.5331044711498771,0.5728702647443283,0.12771269444977915,0.0893622305354277,0.1710240866275425,0.09698482811599769,0.062446774203046,0.1362262231394654,,,,,,,,,,,,,,,,,,,489.0,31.7,38.3
closed_loop,not_contains_top,cell,nested_measured_only,,559.0,190,185,458.0,421.0,497.0250000000001,71.0,49.0,96.0,0.0,0.0,0.0,71.0,49.0,96.0,8079.0,7301.975,8939.025,16419.0,14784.975,18207.375,0.8050941850941851,0.7579683193546587,0.8513175497632018,0.11903903903903902,0.08315503203738499,0.15943504159897604,0.11903903903903902,0.08315503203738499,0.15943504159897604,0.0,0.0,0.0,153.01666666666665,143.36624999999998,163.1204166666667,22.299999999999997,15.499999999999998,29.800833333333333,0.0,0.0,0.0,22.299999999999997,15.499999999999998,29.800833333333333,2805.4500000000003,2571.757083333333,3059.0258333333336,5553.0,5106.975,6059.05,0.49478660183684486,0.4632513478596197,0.5243073938676253,0.15502183406113537,0.10756688159642133,0.20833776595744682,0.15502183406113537,0.10756688159642133,0.20833776595744682,,,,,,,,,,,,,,,,,,,458.0,0.0,101.0
closed_loop,not_contains_top,cell,nested_anchorboost,,559.0,190,185,523.0,488.0,560.0,60.0,41.0,81.0,19.0,10.0,30.0,79.0,58.0,102.0,7050.0,6398.975,7745.0,16419.0,14784.975,18207.375,0.942132132132132,0.9127434995737425,0.9676579284202234,0.15264264264264263,0.11316022000261129,0.19693614926401815,0.1057957957957958,0.07269999237398002,0.1421969752010075,0.04684684684684684,0.022312505479091787,0.0748663101604278,178.98333333333335,171.59958333333333,186.81833333333333,19.883333333333333,13.666666666666666,26.683750000000003,8.666666666666666,4.083333333333333,13.916666666666664,28.549999999999997,21.182499999999997,36.85,2396.533333333333,2216.31375,2597.7533333333336,5553.0,5106.975,6059.05,0.5684254757188307,0.5503151631588459,0.5852786730485335,0.15105162523900573,0.11062602172341161,0.19540522508603134,0.1147227533460803,0.07839388145315487,0.15547238217103862,,,,,,,,,,,,,,,,,,,523.0,0.0,36.0
closed_loop,not_contains_top,contrast,model_disagreement,nested_measured_only,,,185,,,,,,,,,,,,,,,,,,,0.15373464373464377,0.11298193560210135,0.1961299051984536,0.0021621621621621618,-0.032528927068723706,0.03693693693693693,-0.03657657657657658,-0.062164414414414414,-0.012006897672220252,0.03873873873873874,0.017377791901658828,0.06496415770609318,29.366666666666667,21.682916666666664,37.58375,-6.733333333333333,-11.5,-2.166249999999998,7.166666666666666,3.1666666666666665,12.0,0.43333333333333357,-5.983333333333333,6.916666666666666,-389.3333333333333,-516.9395833333334,-270.745,,,,,,,,,,,,,79.0,58.0,101.0,-22.0,-37.0,-9.0,15.0,7.0,25.0,-7.0,-24.0,9.0,-1018.0,-1340.0,-704.9749999999999,0.13877749855935173,0.10103064288218601,0.17592867449068467,,,
closed_loop,not_contains_top,contrast,model_disagreement,nested_anchorboost,,,185,,,,,,,,,,,,,,,,,,,0.016696696696696694,-0.007089121379443962,0.03984534347214796,-0.03144144144144144,-0.05259927244039271,-0.014335962747517477,-0.02333333333333333,-0.04301391524351676,-0.007879096104572018,-0.008108108108108109,-0.017117117117117116,-0.001791875107814386,3.4,-1.0333333333333332,7.783750000000002,-4.316666666666666,-7.93375,-1.4333333333333333,-1.5,-3.1666666666666665,-0.3333333333333333,-5.816666666666666,-9.733749999999999,-2.632916666666665,19.583333333333332,-42.55041666666668,85.01833333333333,,,,,,,,,,,,,14.0,-1.0,30.0,-11.0,-19.0,-4.0,-4.0,-8.0,-1.0,-15.0,-24.0,-7.0,11.0,-206.0,227.0250000000001,-0.008171525536886826,-0.03581341150505763,0.017436342181888647,,,
closed_loop,not_contains_top,contrast,highest_unmeasured,nested_measured_only,,,185,,,,,,,,,,,,,,,,,,,0.15841932841932843,0.11638579250420973,0.20180405405405408,0.004864864864864865,-0.030072904426165295,0.039965959560542316,-0.03387387387387388,-0.06010685960497216,-0.00833109318996415,0.03873873873873874,0.017377791901658828,0.06496415770609318,30.233333333333334,22.5,38.383750000000006,-6.233333333333333,-11.133333333333333,-1.5333333333333332,7.166666666666666,3.1666666666666665,12.0,0.9333333333333336,-5.567083333333333,7.433750000000002,-398.3333333333333,-526.5179166666667,-278.72458333333327,,,,,,,,,,,,,82.0,61.0,104.0,-21.0,-36.0,-8.0,15.0,7.0,25.0,-6.0,-23.0,10.0,-1051.0,-1370.05,-736.0,0.14198554005002173,0.1040771863203549,0.1786941068398146,,,
closed_loop,not_contains_top,contrast,highest_unmeasured,nested_anchorboost,,,185,,,,,,,,,,,,,,,,,,,0.021381381381381376,-0.0036556784274974817,0.047147167220696624,-0.028738738738738737,-0.049816948284690216,-0.01229828491593197,-0.020630630630630628,-0.03996505376344086,-0.005615942028985506,-0.008108108108108109,-0.017117117117117116,-0.001791875107814386,4.266666666666667,-0.41666666666666685,9.167083333333336,-3.8166666666666664,-7.417083333333332,-1.0333333333333332,-1.5,-3.1666666666666665,-0.3333333333333333,-5.316666666666666,-9.200416666666666,-2.283333333333333,10.583333333333332,-54.06833333333336,79.01875000000003,,,,,,,,,,,,,17.0,1.0,34.0,-10.0,-18.0,-3.0,-4.0,-8.0,-1.0,-14.0,-23.0,-7.0,-22.0,-239.0,196.0250000000001,-0.004416101034828257,-0.03313556335319196,0.02240792099185983,,,
closed_loop,not_contains_top,contrast,fixed_maximin,nested_measured_only,,,185,,,,,,,,,,,,,,,,,,,0.13334425334425334,0.09435409199522103,0.17494958925200862,0.005045045045045044,-0.030000448028673837,0.04099099099099098,-0.035495495495495494,-0.061408199643493755,-0.01077832807386629,0.04054054054054054,0.018018018018018018,0.06720430107526881,25.316666666666666,18.033333333333335,33.03333333333333,-6.533333333333333,-11.316666666666666,-1.9166666666666674,7.5,3.333333333333333,12.416666666666666,0.9666666666666668,-5.516666666666667,7.5670833333333345,-350.16666666666663,-475.64166666666665,-231.64333333333332,,,,,,,,,,,,,67.0,48.0,87.0,-21.0,-36.0,-8.0,16.0,7.9750000000000085,26.0,-5.0,-22.0,12.0,-902.0,-1212.0,-603.9749999999999,0.12481657725736228,0.08650295290034438,0.16217757571242564,,,
closed_loop,not_contains_top,contrast,fixed_maximin,nested_anchorboost,,,185,,,,,,,,,,,,,,,,,,,-0.0036936936936936924,-0.029857397504456325,0.019232336956521746,-0.02855855855855856,-0.04902183600713012,-0.01171171171171171,-0.02225225225225225,-0.04203006267136702,-0.0068624727668845295,-0.006306306306306305,-0.014414414414414413,0.0,-0.6500000000000006,-5.500416666666666,3.583333333333333,-4.116666666666666,-7.750416666666666,-1.2824999999999969,-1.1666666666666665,-2.6666666666666665,0.0,-5.283333333333333,-9.083333333333334,-2.1666666666666665,58.75,-6.156250000000018,135.73416666666668,,,,,,,,,,,,,2.0,-13.0,16.0,-10.0,-18.0,-4.0,-3.0,-7.0,0.0,-13.0,-21.0,-6.0,127.0,-83.0,365.0250000000001,-0.024514576610660033,-0.05705166755729305,0.00253615402971687,,,
closed_loop,not_contains_top,contrast,uniform_random,nested_measured_only,,,185,,,,,,,,,,,,,,,,,,,0.12587428337428339,0.08888355811101714,0.1653255092120362,0.007027027027027026,-0.028175951086956523,0.042659764603313,-0.03418918918918919,-0.05989241151005857,-0.009418877590774501,0.04121621621621622,0.018015596241402695,0.06846885782058655,23.9875,17.116458333333334,31.266770833333332,-6.291666666666666,-11.125208333333333,-1.6739583333333299,7.625,3.333333333333333,12.708333333333334,1.333333333333334,-5.208333333333333,7.95,-326.89166666666665,-451.70249999999993,-209.1923958333333,,,,,,,,,,,,,62.7,44.2,82.15125,-20.5,-35.006249999999994,-7.25,16.0,7.5,26.0,-4.5,-21.506249999999998,12.0,-822.75,-1139.75,-520.24375,0.11652022551343522,0.07783879189310103,0.1547393398971095,,,
closed_loop,not_contains_top,contrast,uniform_random,nested_anchorboost,,,185,,,,,,,,,,,,,,,,,,,-0.011163663663663666,-0.033757174286586054,0.008386809269162214,-0.026576576576576572,-0.04681395150273224,-0.010244258602865153,-0.020945945945945947,-0.040483834244080155,-0.005765338199161727,-0.0056306306306306295,-0.01209840889276373,-0.0006756756756756757,-1.979166666666667,-6.129270833333333,1.650208333333334,-3.875,-7.491875,-1.0750000000000002,-1.0416666666666665,-2.25,-0.125,-4.916666666666667,-8.625416666666666,-1.907916666666665,82.025,19.899791666666665,155.688125,,,,,,,,,,,,,-2.3,-14.05,8.5,-9.5,-17.25,-3.0,-3.0,-6.5,-0.25,-12.5,-20.5,-5.5,206.25,17.743750000000002,426.26875000000007,-0.0342265216423725,-0.06513036547942934,-0.008289087084134915,,,
closed_loop,not_contains_top,contrast,model_disagreement,highest_unmeasured,,,185,,,,,,,,,,,,,,,,,,,-0.0046846846846846845,-0.014054054054054053,0.0,-0.002702702702702703,-0.00819672131147541,0.0,-0.002702702702702703,-0.00819672131147541,0.0,0.0,0.0,0.0,-0.8666666666666667,-2.5999999999999996,0.0,-0.5,-1.5,0.0,0.0,0.0,0.0,-0.5,-1.5,0.0,9.0,0.0,24.0,,,,,,,,,,,,,-3.0,-8.0,0.0,-1.0,-3.0,0.0,0.0,0.0,0.0,-1.0,-3.0,0.0,33.0,0.0,84.0,-0.003738913084118556,-0.010347029729998741,0.0,,,
closed_loop,not_contains_top,contrast,model_disagreement,fixed_maximin,,,185,,,,,,,,,,,,,,,,,,,0.02039039039039039,0.006430177328450472,0.03734436174142057,-0.002882882882882882,-0.0075675675675675675,0.0,-0.0010810810810810809,-0.003278688524590163,0.0,-0.0018018018018018016,-0.005494505494505495,0.0,4.05,1.3495833333333336,7.333333333333334,-0.19999999999999996,-0.5999999999999999,0.0,-0.3333333333333333,-1.0,0.0,-0.5333333333333332,-1.4,0.0,-39.16666666666667,-70.91875,-12.083333333333336,,,,,,,,,,,,,12.0,4.0,21.0,-1.0,-3.0,0.0,-1.0,-3.0,0.0,-2.0,-5.0,0.0,-116.0,-210.0,-30.0,0.01595199467814301,0.004936602880403926,0.028181813138438472,,,
closed_loop,not_contains_top,contrast,model_disagreement,uniform_random,,,185,,,,,,,,,,,,,,,,,,,0.02786036036036036,0.011377474677716394,0.04577122444033141,-0.004864864864864865,-0.010650935349701953,-0.0008064516129032254,-0.002387387387387387,-0.005450801211047112,0.0,-0.0024774774774774778,-0.007136279926335175,0.0,5.379166666666666,2.2791666666666672,8.67125,-0.4416666666666666,-1.0083333333333333,0.0,-0.45833333333333337,-1.2916666666666667,0.0,-0.9,-1.9833333333333334,-0.1499999999999999,-62.44166666666668,-99.66260416666667,-29.14635416666665,,,,,,,,,,,,,16.3,6.59875,26.801250000000007,-1.5,-3.5,0.0,-1.0,-2.75,0.0,-2.5,-5.25,-0.5,-195.25,-315.04999999999995,-86.0,0.025192736368924162,0.011979771938925354,0.039444515479634776,,,
closed_loop,all,cell,model_disagreement,,965.0,193,188,925.0,894.0,959.0,54.0,36.0,75.0,15.0,7.0,25.0,69.0,49.0,91.0,12119.0,11248.975,13093.075,28080.0,25880.0,30505.125,0.9574468085106383,0.9351063829787233,0.9765957446808512,0.07180851063829788,0.05053191489361702,0.09468085106382979,0.05585106382978723,0.03670212765957447,0.07765957446808511,0.01595744680851064,0.007446808510638298,0.026595744680851064,185.0,178.8,191.8,10.8,7.199999999999999,15.0,3.0000000000000004,1.4000000000000001,5.0,13.8,9.8,18.2,2423.8,2249.795,2618.615,5616.0,5176.0,6101.025,0.5684116809116808,0.5516169906069457,0.584738891592953,0.0745945945945946,0.052805280528052806,0.09836109880372175,0.05837837837837838,0.03849953412544964,0.0807882334693488,,,,,,,,,,,,,,,,,,,872.0,53.0,40.0
closed_loop,all,cell,highest_unmeasured,,965.0,193,188,928.0,898.0,962.0,55.0,37.0,76.0,15.0,7.0,25.0,70.0,50.0,92.0,12083.0,11205.0,13069.0,28080.0,25880.0,30505.125,0.9606382978723403,0.9393351063829786,0.9797872340425531,0.07287234042553191,0.05159574468085107,0.09574468085106383,0.056914893617021275,0.03776595744680851,0.07872340425531915,0.01595744680851064,0.007446808510638298,0.026595744680851064,185.6,179.6,192.4,11.0,7.3999999999999995,15.2,3.0000000000000004,1.4000000000000001,5.0,14.0,10.0,18.4,2416.6000000000004,2241.0,2613.8,5616.0,5176.0,6101.025,0.5696937321937321,0.5528590117615344,0.5856975115819472,0.07543103448275862,0.05378645704236158,0.09921983605771535,0.059267241379310345,0.03934426229508197,0.08154612905820727,,,,,,,,,,,,,,,,,,,872.0,56.0,37.0
closed_loop,all,cell,fixed_maximin,,965.0,193,188,911.0,879.0,945.0,55.0,36.0,77.0,16.0,7.9750000000000085,26.0,71.0,50.0,94.0,12253.0,11367.9,13240.0,28080.0,25880.0,30505.125,0.9436170212765957,0.9180851063829787,0.9659574468085108,0.07393617021276595,0.05212765957446809,0.09840425531914894,0.056914893617021275,0.03723404255319149,0.0797872340425532,0.01702127659574468,0.008484042553191498,0.027659574468085108,182.2,175.8,189.0,11.0,7.2,15.399999999999999,3.2,1.5950000000000015,5.2,14.2,10.0,18.8,2450.6,2273.5800000000004,2648.0,5616.0,5176.0,6101.025,0.5636396011396012,0.5456678546038656,0.5810319807153628,0.07793633369923161,0.05490993028804348,0.10352429172116893,0.06037321624588365,0.03956935895194401,0.08416623081966249,,,,,,,,,,,,,,,,,,,872.0,39.0,54.0
closed_loop,all,cell,uniform_random,,965.0,193,188,906.65,875.49625,940.7,55.5,36.25,77.0,16.0,7.5,26.0,71.5,50.993750000000006,94.25625000000002,12334.8,11427.287499999999,13342.0125,28080.0,25880.0,30505.125,0.9389893617021277,0.9151050531914895,0.9603204787234043,0.07446808510638298,0.05292553191489361,0.0986768617021277,0.057446808510638304,0.03776595744680852,0.0800531914893617,0.01702127659574468,0.007978723404255319,0.027659574468085108,181.33,175.09924999999998,188.14,11.100000000000001,7.250000000000001,15.4,3.2,1.5,5.2,14.3,10.19875,18.851250000000007,2466.96,2285.4575,2668.4025,5616.0,5176.0,6101.025,0.5607264957264957,0.5427689325809159,0.5783062251520172,0.07886174378205482,0.05597517167132665,0.10452378806894268,0.06121436055809849,0.04040179157207361,0.08492685409351501,,,,,,,,,,,,,,,,,,,872.0,34.65,58.35
closed_loop,all,cell,nested_measured_only,,965.0,193,188,818.0,779.0,860.0,75.0,52.0,101.0,0.0,0.0,0.0,75.0,52.0,101.0,13503.0,12460.975,14626.0,28080.0,25880.0,30505.125,0.848581560283688,0.812406914893617,0.8840425531914893,0.07872340425531915,0.055319148936170216,0.10638297872340426,0.07872340425531915,0.055319148936170216,0.10638297872340426,0.0,0.0,0.0,163.60000000000002,155.8,172.0,15.0,10.4,20.2,0.0,0.0,0.0,15.0,10.4,20.2,2700.6000000000004,2492.195,2925.2,5616.0,5176.0,6101.025,0.5191239316239316,0.4934169063328258,0.5430210818307828,0.09168704156479218,0.06398467780047622,0.123254151540837,0.09168704156479218,0.06398467780047622,0.123254151540837,,,,,,,,,,,,,,,,,,,818.0,0.0,147.0
closed_loop,all,cell,nested_anchorboost,,965.0,193,188,914.0,884.0,947.0,65.0,45.0,87.0,19.0,10.0,30.0,84.0,62.0,107.0,12031.0,11162.975,12990.075,28080.0,25880.0,30505.125,0.947340425531915,0.924468085106383,0.9675531914893617,0.08776595744680851,0.06488031914893617,0.11224734042553199,0.0675531914893617,0.04680851063829788,0.09095744680851064,0.02021276595744681,0.010638297872340425,0.031914893617021274,182.8,176.8,189.39999999999998,13.0,9.0,17.400000000000002,3.8000000000000003,2.0,6.0,16.799999999999997,12.4,21.400000000000002,2406.2,2232.5950000000003,2598.015,5616.0,5176.0,6101.025,0.5715455840455841,0.5551997467361237,0.5870723131391222,0.09190371991247265,0.06803380478725582,0.11785034424869845,0.0711159737417943,0.04947340124504811,0.09539598555771207,,,,,,,,,,,,,,,,,,,914.0,0.0,51.0
closed_loop,all,contrast,model_disagreement,nested_measured_only,,,188,,,,,,,,,,,,,,,,,,,0.10886524822695036,0.08138297872340426,0.1375886524822695,-0.006914893617021278,-0.024999999999999998,0.010106382978723403,-0.02287234042553192,-0.03829787234042554,-0.00851063829787234,0.01595744680851064,0.007446808510638298,0.026595744680851064,21.4,16.194999999999997,26.80500000000002,-4.2,-7.2,-1.5949999999999813,3.0000000000000004,1.4000000000000001,5.0,-1.2000000000000004,-4.6,2.0,-276.8,-356.80500000000006,-199.40000000000003,,,,,,,,,,,,,107.0,80.97500000000001,134.0250000000001,-21.0,-36.0,-7.974999999999909,15.0,7.0,25.0,-6.0,-23.0,10.0,-1384.0,-1784.025,-997.0,0.10249574168703257,0.07717256669536494,0.12822546493578235,,,
closed_loop,all,contrast,model_disagreement,nested_anchorboost,,,188,,,,,,,,,,,,,,,,,,,0.010106382978723405,-0.012234042553191488,0.03085106382978723,-0.01595744680851064,-0.02553191489361702,-0.007446808510638298,-0.01170212765957447,-0.02021276595744681,-0.00425531914893617,-0.00425531914893617,-0.00851063829787234,-0.0010638297872340426,2.2,-2.0,6.199999999999999,-2.2,-3.8000000000000003,-0.8,-0.8,-1.6,-0.2,-3.0000000000000004,-4.8,-1.4000000000000001,17.599999999999973,-37.20000000000002,79.00500000000001,,,,,,,,,,,,,11.0,-10.0,31.0,-11.0,-19.0,-4.0,-4.0,-8.0,-1.0,-15.0,-24.0,-7.0,88.0,-186.0,395.0250000000001,-0.0073144377026017615,-0.03325430467021268,0.015259632252158331,,,
closed_loop,all,contrast,highest_unmeasured,nested_measured_only,,,188,,,,,,,,,,,,,,,,,,,0.11205673758865246,0.08404255319148936,0.1409574468085106,-0.005851063829787235,-0.02340425531914894,0.01170212765957447,-0.021808510638297876,-0.03723404255319149,-0.007446808510638297,0.01595744680851064,0.007446808510638298,0.026595744680851064,21.999999999999996,16.6,27.400000000000002,-4.000000000000001,-7.0,-1.2000000000000002,3.0000000000000004,1.4000000000000001,5.0,-1.0000000000000002,-4.4,2.2,-284.0,-365.01500000000004,-206.99500000000003,,,,,,,,,,,,,110.0,83.0,137.0,-20.0,-35.0,-6.0,15.0,7.0,25.0,-5.0,-22.0,11.0,-1420.0,-1825.075,-1034.975,0.10516181589276452,0.07893007030985147,0.13159393020674567,,,
closed_loop,all,contrast,highest_unmeasured,nested_anchorboost,,,188,,,,,,,,,,,,,,,,,,,0.013297872340425532,-0.00851063829787234,0.034574468085106384,-0.014893617021276596,-0.024468085106382976,-0.007446808510638297,-0.010638297872340425,-0.019148936170212766,-0.003191489361702128,-0.00425531914893617,-0.00851063829787234,-0.0010638297872340426,2.8,-1.4000000000000001,6.805000000000019,-2.0,-3.6,-0.6000000000000001,-0.8,-1.6,-0.2,-2.8000000000000003,-4.6,-1.4,10.399999999999977,-43.800000000000026,70.005,,,,,,,,,,,,,14.0,-7.0,34.02500000000009,-10.0,-18.0,-3.0,-4.0,-8.0,-1.0,-14.0,-23.0,-7.0,52.0,-219.0,350.0250000000001,-0.004322167733355808,-0.02939214580040888,0.018049100950982958,,,
closed_loop,all,contrast,fixed_maximin,nested_measured_only,,,188,,,,,,,,,,,,,,,,,,,0.0950354609929078,0.06968085106382979,0.12181294326241138,-0.004787234042553194,-0.02287234042553192,0.012765957446808512,-0.02180851063829787,-0.03723404255319149,-0.007978723404255319,0.01702127659574468,0.008484042553191498,0.027659574468085108,18.599999999999998,13.795,23.8,-4.0,-7.0,-1.4,3.2,1.5950000000000015,5.2,-0.8000000000000005,-4.2,2.6,-250.0,-329.40000000000003,-175.795,,,,,,,,,,,,,93.0,68.97500000000001,119.0,-20.0,-35.0,-7.0,16.0,7.9750000000000085,26.0,-4.0,-21.0,13.0,-1250.0,-1647.0,-878.9749999999999,0.09257202103236328,0.06757107796704388,0.11759491430465006,,,
closed_loop,all,contrast,fixed_maximin,nested_anchorboost,,,188,,,,,,,,,,,,,,,,,,,-0.00372340425531915,-0.025,0.014893617021276596,-0.013829787234042554,-0.022340425531914895,-0.006382978723404255,-0.010638297872340425,-0.019148936170212766,-0.00425531914893617,-0.003191489361702128,-0.007446808510638297,0.0,-0.6000000000000001,-4.6,3.0,-2.0,-3.6,-0.8,-0.6000000000000001,-1.4,0.0,-2.6,-4.2,-1.2,44.39999999999998,-10.200000000000024,109.59999999999998,,,,,,,,,,,,,-3.0,-23.0,15.0,-10.0,-18.0,-4.0,-3.0,-7.0,0.0,-13.0,-21.0,-6.0,222.0,-51.0,548.0,-0.018452331477017747,-0.045839440351288646,0.004299570610638276,,,
closed_loop,all,contrast,uniform_random,nested_measured_only,,,188,,,,,,,,,,,,,,,,,,,0.09040780141843974,0.06540780141843971,0.11751950354609927,-0.004255319148936171,-0.022074468085106384,0.013297872340425532,-0.02127659574468085,-0.03670212765957447,-0.007180851063829789,0.01702127659574468,0.007978723404255319,0.027659574468085108,17.730000000000004,12.919,22.93025,-3.9000000000000004,-6.8012500000000005,-1.25,3.2,1.5,5.2,-0.7000000000000002,-4.1,2.5512500000000053,-233.64,-313.39025,-158.99850000000004,,,,,,,,,,,,,88.65,64.59500000000001,114.65125,-19.5,-34.006249999999994,-6.25,16.0,7.5,26.0,-3.5,-20.5,12.756250000000023,-1168.2,-1566.95125,-794.9925,0.08651410797600545,0.06105967867243473,0.11305682999624492,,,
closed_loop,all,contrast,uniform_random,nested_anchorboost,,,188,,,,,,,,,,,,,,,,,,,-0.008351063829787236,-0.0275,0.0073936170212765915,-0.013297872340425534,-0.021808510638297876,-0.005851063829787235,-0.010106382978723405,-0.018351063829787236,-0.003191489361702128,-0.003191489361702128,-0.006914893617021278,-0.00026595744680851086,-1.4700000000000006,-5.0702500000000015,1.4805000000000017,-1.9000000000000001,-3.45,-0.6000000000000001,-0.6000000000000001,-1.3000000000000003,-0.050000000000000044,-2.5000000000000004,-4.1000000000000005,-1.1,60.75999999999998,10.955999999999998,121.95199999999998,,,,,,,,,,,,,-7.3500000000000005,-25.35125,7.40250000000001,-9.5,-17.25,-3.0,-3.0,-6.5,-0.25,-12.5,-20.5,-5.5,303.8,54.780000000000015,609.76,-0.025251433796027012,-0.0512605621115866,-0.004493131494131408,,,
closed_loop,all,contrast,model_disagreement,highest_unmeasured,,,188,,,,,,,,,,,,,,,,,,,-0.003191489361702127,-0.009574468085106383,0.0021276595744680864,-0.0010638297872340426,-0.003191489361702128,0.0,-0.0010638297872340426,-0.003191489361702128,0.0,0.0,0.0,0.0,-0.5999999999999999,-1.8,0.40000000000000024,-0.2,-0.6000000000000001,0.0,0.0,0.0,0.0,-0.2,-0.6000000000000001,0.0,7.199999999999996,-7.200000000000005,22.799999999999997,,,,,,,,,,,,,-3.0,-9.0,2.0,-1.0,-3.0,0.0,0.0,0.0,0.0,-1.0,-3.0,0.0,36.0,-36.0,114.0,-0.002979392534966374,-0.009492992529319682,0.0029657886551322267,,,
closed_loop,all,contrast,model_disagreement,fixed_maximin,,,188,,,,,,,,,,,,,,,,,,,0.01382978723404255,0.004255319148936169,0.02553191489361702,-0.002127659574468085,-0.005319148936170213,0.0,-0.0010638297872340424,-0.003191489361702127,0.0,-0.0010638297872340426,-0.003191489361702128,0.0,2.8,0.7999999999999999,5.0,-0.19999999999999996,-0.5999999999999999,0.0,-0.2,-0.6000000000000001,0.0,-0.39999999999999997,-1.0,0.0,-26.799999999999997,-49.2,-7.000000000000005,,,,,,,,,,,,,14.0,4.0,25.0,-1.0,-3.0,0.0,-1.0,-3.0,0.0,-2.0,-5.0,0.0,-134.0,-246.0,-35.0,0.010936097282298052,0.002898645031946215,0.019797629020335838,,,
closed_loop,all,contrast,model_disagreement,uniform_random,,,188,,,,,,,,,,,,,,,,,,,0.018457446808510643,0.007445478723404258,0.03042553191489362,-0.0026595744680851055,-0.005585106382978721,-0.0005319148936170212,-0.001595744680851063,-0.0037234042553191474,0.0,-0.0010638297872340424,-0.002925531914893616,0.0,3.6700000000000004,1.5297500000000002,5.98,-0.2999999999999999,-0.6999999999999997,0.0,-0.19999999999999996,-0.5499999999999998,0.0,-0.49999999999999983,-1.0499999999999996,-0.09999999999999998,-43.160000000000025,-69.06100000000004,-19.145749999999996,,,,,,,,,,,,,18.35,7.64875,29.900000000000002,-1.5,-3.5,0.0,-1.0,-2.75,0.0,-2.5,-5.25,-0.5,-215.8,-345.305,-95.72874999999992,0.017495216785030965,0.007800705638111832,0.02743555862095923,,,
