endpoint,compound,fold,design,measured,unit,includes_highest,full_series_call,next_step,call,added,wrong,wells_initial,wells_added,wells_used,wells_full,margin3,release_margin,two_action_report,two_action_wrong,two_action_wells,measured_only_report,measured_only_wrong,measured_only_wells
hN2_NOG_NeuriteLength,Bisphenol A,0,0,0.01;0.03;3,uM,0,active,report at three,inactive,,1,9,0,9,33,0.685714,0.33,1,1,9,1,1,9
hN2_NOG_NeuriteLength,Bisphenol A,0,1,0.001;1;100,uM,1,active,complete,,10,0,9,3,33,33,0.142857,0.33,0,0,33,0,0,33
hN2_NOG_NeuriteLength,Bisphenol A,0,2,0.03;0.1;100,uM,1,active,complete,,10,0,9,3,33,33,0.142857,0.33,0,0,33,0,0,33
hN2_NOG_NeuriteLength,Bisphenol A,0,3,0.003;0.03;30,uM,0,active,report at three,inactive,,1,9,0,9,33,0.542857,0.33,1,1,9,1,1,9
hN2_NOG_NeuriteLength,Bisphenol A,0,4,1;3;30,uM,0,active,report at three,inactive,,1,9,0,9,33,0.45,0.33,1,1,9,1,1,9
hN2_NOG_NeuriteLength,Captopril,0,0,0.001;0.3;30,uM,0,inactive,complete,,10,0,9,3,33,33,0.221429,0.33,0,0,33,0,0,33
hN2_NOG_NeuriteLength,Captopril,0,1,0.003;10;30,uM,0,inactive,complete,,0.001,0,9,3,33,33,0.2,0.33,0,0,33,0,0,33
hN2_NOG_NeuriteLength,Captopril,0,2,0.01;0.1;1,uM,0,inactive,complete,,0.001,0,9,3,33,33,0.292857,0.33,0,0,33,0,0,33
hN2_NOG_NeuriteLength,Captopril,0,3,0.001;0.003;0.01,uM,0,inactive,complete,,0.03,0,9,3,33,33,0.2,0.33,0,0,33,0,0,33
hN2_NOG_NeuriteLength,Captopril,0,4,0.01;0.03;0.3,uM,0,inactive,complete,,0.001,0,9,3,33,33,0.307143,0.33,1,0,9,0,0,33
hN2_NOG_NeuriteLength,Chloramben,0,0,0.01;0.03;0.1,uM,0,inactive,complete,,10,0,9,3,33,33,0.328571,0.33,1,0,9,0,0,33
hN2_NOG_NeuriteLength,Chloramben,0,1,0.03;0.3;30,uM,0,inactive,report at three,inactive,,0,9,0,9,33,0.514286,0.33,1,0,9,1,0,9
hN2_NOG_NeuriteLength,Chloramben,0,2,0.003;10;100,uM,1,inactive,report at three,inactive,,0,9,0,9,33,0.421429,0.33,1,0,9,1,0,9
hN2_NOG_NeuriteLength,Chloramben,0,3,0.003;0.03;100,uM,1,inactive,report at three,inactive,,0,9,0,9,33,0.357143,0.33,1,0,9,1,0,9
hN2_NOG_NeuriteLength,Chloramben,0,4,0.001;3;10,uM,0,inactive,report at three,inactive,,0,9,0,9,33,0.521429,0.33,1,0,9,1,0,9
hN2_NOG_NeuriteLength,Chlordiazepoxide,0,0,0.001;0.03;1,uM,0,active,complete,,30,0,9,3,33,33,0.042857,0.33,0,0,33,0,0,33
hN2_NOG_NeuriteLength,Chlordiazepoxide,0,1,0.003;30;100,uM,1,active,complete,,0.001,0,9,3,33,33,0.057143,0.33,0,0,33,0,0,33
hN2_NOG_NeuriteLength,Chlordiazepoxide,0,2,0.03;10;100,uM,1,active,complete,,0.001,0,9,3,33,33,0.085714,0.33,0,0,33,0,0,33
hN2_NOG_NeuriteLength,Chlordiazepoxide,0,3,0.3;10;100,uM,1,active,complete,,0.001,0,9,3,33,33,0.014286,0.33,0,0,33,0,0,33
hN2_NOG_NeuriteLength,Chlordiazepoxide,0,4,0.1;0.3;30,uM,0,active,complete,,100,0,9,3,33,33,0.142857,0.33,0,0,33,0,0,33
hN2_NOG_NeuriteLength,Cyclophosphamide,0,0,0.3;30;100,uM,1,inactive,report at three,inactive,,0,9,0,9,33,0.657143,0.33,1,0,9,1,0,9
hN2_NOG_NeuriteLength,Cyclophosphamide,0,1,0.003;30;100,uM,1,inactive,report at three,inactive,,0,9,0,9,33,0.657143,0.33,1,0,9,1,0,9
hN2_NOG_NeuriteLength,Cyclophosphamide,0,2,0.003;0.1;100,uM,1,inactive,report at three,inactive,,0,9,0,9,33,0.621429,0.33,1,0,9,1,0,9
hN2_NOG_NeuriteLength,Cyclophosphamide,0,3,10;30;100,uM,1,inactive,report at three,inactive,,0,9,0,9,33,0.657143,0.33,1,0,9,1,0,9
hN2_NOG_NeuriteLength,Cyclophosphamide,0,4,0.001;0.003;30,uM,0,inactive,report at three,inactive,,0,9,0,9,33,0.685714,0.33,1,0,9,1,0,9
hN2_NOG_NeuriteLength,Deltamethrin,0,0,0.01;0.1;30,uM,1,inactive,report at three,inactive,,0,9,0,9,30,0.692857,0.33,1,0,9,1,0,9
hN2_NOG_NeuriteLength,Deltamethrin,0,1,0.001;0.03;30,uM,1,inactive,report at three,inactive,,0,9,0,9,30,0.692857,0.33,1,0,9,1,0,9
hN2_NOG_NeuriteLength,Deltamethrin,0,2,0.001;0.003;30,uM,1,inactive,report at three,inactive,,0,9,0,9,30,0.692857,0.33,1,0,9,1,0,9
hN2_NOG_NeuriteLength,Deltamethrin,0,3,0.03;0.1;1,uM,0,inactive,report at three,inactive,,0,9,0,9,30,0.685714,0.33,1,0,9,1,0,9
hN2_NOG_NeuriteLength,Deltamethrin,0,4,0.001;0.3;30,uM,1,inactive,report at three,inactive,,0,9,0,9,30,0.692857,0.33,1,0,9,1,0,9
hN2_NOG_NeuriteLength,Fluoxetine,0,0,0.001;0.003;100,uM,1,active,complete,,10,0,8,3,32,32,0.2,0.33,0,0,32,0,0,32
hN2_NOG_NeuriteLength,Fluoxetine,0,1,0.03;0.3;3,uM,0,active,complete,,100,0,9,2,32,32,0.014286,0.33,0,0,32,1,1,9
hN2_NOG_NeuriteLength,Fluoxetine,0,2,0.1;10;100,uM,1,active,complete,,1,0,8,3,32,32,0.2,0.33,0,0,32,0,0,32
hN2_NOG_NeuriteLength,Fluoxetine,0,3,0.003;0.1;10,uM,0,active,complete,,3,0,9,3,32,32,0.1,0.33,0,0,32,0,0,32
hN2_NOG_NeuriteLength,Fluoxetine,0,4,0.003;0.1;0.3,uM,0,active,report at three,inactive,,1,9,0,9,32,0.464286,0.33,1,1,9,1,1,9
hN2_NOG_NeuriteLength,Haloperidol,0,0,0.001;0.01;0.03,uM,0,active,complete,,100,0,9,3,33,33,0.264286,0.33,0,0,33,1,1,9
hN2_NOG_NeuriteLength,Haloperidol,0,1,0.03;0.3;10,uM,0,active,complete,,0.001,0,9,3,33,33,0.178571,0.33,0,0,33,0,0,33
hN2_NOG_NeuriteLength,Haloperidol,0,2,1;10;30,uM,0,active,complete,,0.001,0,9,3,33,33,0.042857,0.33,0,0,33,0,0,33
hN2_NOG_NeuriteLength,Haloperidol,0,3,0.003;0.01;0.1,uM,0,active,complete,,10,0,9,3,33,33,0.285714,0.33,0,0,33,1,1,9
hN2_NOG_NeuriteLength,Haloperidol,0,4,0.03;0.1;3,uM,0,active,complete,,0.001,0,9,3,33,33,0.257143,0.33,0,0,33,0,0,33
hN2_NOG_NeuriteLength,Heptachlor,0,0,0.003;1;3,uM,0,active,complete,,0.3,0,9,3,33,33,0.292857,0.33,0,0,33,1,1,9
hN2_NOG_NeuriteLength,Heptachlor,0,1,0.001;30;100,uM,1,active,complete,,3,0,9,3,33,33,0.05,0.33,0,0,33,0,0,33
hN2_NOG_NeuriteLength,Heptachlor,0,2,0.3;30;100,uM,1,active,complete,,3,0,9,3,33,33,0.05,0.33,0,0,33,0,0,33
hN2_NOG_NeuriteLength,Heptachlor,0,3,0.001;0.03;3,uM,0,active,complete,,100,0,9,3,33,33,0.178571,0.33,0,0,33,1,1,9
hN2_NOG_NeuriteLength,Heptachlor,0,4,0.001;0.03;0.1,uM,0,active,complete,,100,0,9,3,33,33,0.078571,0.33,0,0,33,1,1,9
hN2_NOG_NeuriteLength,Heptachlor epoxide,0,0,0.001;0.1;10,uM,0,active,complete,,100,0,9,3,33,33,0.157143,0.33,0,0,33,1,1,9
hN2_NOG_NeuriteLength,Heptachlor epoxide,0,1,0.003;0.01;0.1,uM,0,active,report at three,inactive,,1,9,0,9,33,0.528571,0.33,1,1,9,1,1,9
hN2_NOG_NeuriteLength,Heptachlor epoxide,0,2,0.001;1;100,uM,1,active,complete,,10,0,9,3,33,33,0.05,0.33,0,0,33,0,0,33
hN2_NOG_NeuriteLength,Heptachlor epoxide,0,3,0.01;0.1;30,uM,0,active,complete,,3,0,9,3,33,33,0.107143,0.33,0,0,33,0,0,33
hN2_NOG_NeuriteLength,Heptachlor epoxide,0,4,0.001;0.003;3,uM,0,active,complete,,0.3,0,9,3,33,33,0.264286,0.33,0,0,33,1,1,9
hN2_NOG_NeuriteLength,Sorbitol,0,0,1;10;30,uM,0,inactive,report at three,inactive,,0,9,0,9,33,0.6,0.33,1,0,9,1,0,9
hN2_NOG_NeuriteLength,Sorbitol,0,1,0.1;1;3,uM,0,inactive,report after one more,inactive,100,0,9,3,12,33,0.328571,0.33,1,0,9,1,0,9
hN2_NOG_NeuriteLength,Sorbitol,0,2,0.001;30;100,uM,1,inactive,report at three,inactive,,0,9,0,9,33,0.685714,0.33,1,0,9,1,0,9
hN2_NOG_NeuriteLength,Sorbitol,0,3,0.003;3;30,uM,0,inactive,report at three,inactive,,0,9,0,9,33,0.571429,0.33,1,0,9,1,0,9
hN2_NOG_NeuriteLength,Sorbitol,0,4,0.003;0.1;10,uM,0,inactive,report at three,inactive,,0,9,0,9,33,0.578571,0.33,1,0,9,1,0,9
hN2_NOG_NeuriteLength,Thalidomide,0,0,0.003;0.01;10,uM,0,inactive,report after one more,inactive,100,0,9,3,12,33,0.285714,0.33,0,0,33,1,0,9
hN2_NOG_NeuriteLength,Thalidomide,0,1,1;3;10,uM,0,inactive,report after one more,inactive,100,0,9,3,12,33,0.328571,0.33,1,0,9,1,0,9
hN2_NOG_NeuriteLength,Thalidomide,0,2,0.1;0.3;3,uM,0,inactive,report at three,inactive,,0,9,0,9,33,0.507143,0.33,1,0,9,1,0,9
hN2_NOG_NeuriteLength,Thalidomide,0,3,0.3;3;100,uM,1,inactive,report at three,inactive,,0,9,0,9,33,0.692857,0.33,1,0,9,1,0,9
hN2_NOG_NeuriteLength,Thalidomide,0,4,0.01;0.1;30,uM,0,inactive,report at three,inactive,,0,9,0,9,33,0.685714,0.33,1,0,9,1,0,9
hN2_NOG_NeuriteLength,Valproate,0,0,0.03;0.3;1,uM,0,inactive,report after one more,inactive,100,0,9,3,12,33,0.314286,0.33,1,0,9,1,0,9
hN2_NOG_NeuriteLength,Valproate,0,1,0.3;1;30,uM,0,inactive,report at three,inactive,,0,9,0,9,33,0.657143,0.33,1,0,9,1,0,9
hN2_NOG_NeuriteLength,Valproate,0,2,10;100;300,uM,0,inactive,report at three,inactive,,0,9,0,9,33,0.7,0.33,1,0,9,1,0,9
hN2_NOG_NeuriteLength,Valproate,0,3,0.03;100;300,uM,0,inactive,report at three,inactive,,0,9,0,9,33,0.692857,0.33,1,0,9,1,0,9
hN2_NOG_NeuriteLength,Valproate,0,4,30;300;3000,uM,1,inactive,complete,,100,0,9,3,33,33,0.292857,0.33,0,0,33,1,0,9
hN2_NOG_NeuriteLength,Valproic Acid,0,0,0.001;0.01;30,uM,0,inactive,report after one more,inactive,100,0,18,6,24,66,0.307143,0.33,1,0,18,1,0,18
hN2_NOG_NeuriteLength,Valproic Acid,0,1,0.003;0.03;10,uM,0,inactive,report at three,inactive,,0,18,0,18,66,0.578571,0.33,1,0,18,1,0,18
hN2_NOG_NeuriteLength,Valproic Acid,0,2,0.001;0.03;0.1,uM,0,inactive,report at three,inactive,,0,18,0,18,66,0.542857,0.33,1,0,18,1,0,18
hN2_NOG_NeuriteLength,Valproic Acid,0,3,0.1;30;100,uM,1,inactive,report at three,inactive,,0,18,0,18,66,0.692857,0.33,1,0,18,1,0,18
hN2_NOG_NeuriteLength,Valproic Acid,0,4,0.001;30;100,uM,1,inactive,report at three,inactive,,0,18,0,18,66,0.692857,0.33,1,0,18,1,0,18
hN2_NOG_NeuriteLength,Acetaminophen,1,0,0.001;0.003;0.1,uM,0,inactive,report after one more,inactive,30,0,9,3,12,33,0.121429,0.2,1,1,9,0,0,33
hN2_NOG_NeuriteLength,Acetaminophen,1,1,0.001;0.01;0.3,uM,0,inactive,report at three,inactive,,0,9,0,9,33,0.4,0.2,1,0,9,1,0,9
hN2_NOG_NeuriteLength,Acetaminophen,1,2,0.03;0.3;1,uM,0,inactive,report at three,inactive,,0,9,0,9,33,0.685714,0.2,1,0,9,1,0,9
hN2_NOG_NeuriteLength,Acetaminophen,1,3,0.01;0.3;100,uM,1,inactive,report at three,inactive,,0,9,0,9,33,0.45,0.2,1,0,9,1,0,9
hN2_NOG_NeuriteLength,Acetaminophen,1,4,0.1;10;100,uM,1,inactive,report at three,inactive,,0,9,0,9,33,0.307143,0.2,1,0,9,0,0,33
hN2_NOG_NeuriteLength,Bis(tri-n-butyltin) oxide,1,0,0.01;0.03;0.3,uM,0,active,complete,,0.001,0,9,3,21,21,0.014286,0.2,0,0,21,0,0,21
hN2_NOG_NeuriteLength,Bis(tri-n-butyltin) oxide,1,1,0.001;0.01;0.1,uM,0,active,complete,,0.3,0,9,3,21,21,0.007143,0.2,0,0,21,0,0,21
hN2_NOG_NeuriteLength,Bis(tri-n-butyltin) oxide,1,2,0.01;0.1;1,uM,1,active,complete,,0.001,0,9,3,21,21,0.014286,0.2,0,0,21,0,0,21
hN2_NOG_NeuriteLength,Bis(tri-n-butyltin) oxide,1,3,0.003;0.03;1,uM,1,active,complete,,0.001,0,9,3,21,21,0.021429,0.2,0,0,21,0,0,21
hN2_NOG_NeuriteLength,Bis(tri-n-butyltin) oxide,1,4,0.03;0.3;1,uM,1,active,complete,,0.001,0,9,3,21,21,0.085714,0.2,1,1,9,0,0,21
hN2_NOG_NeuriteLength,Cadmium Chloride,1,0,3;10;100,uM,1,active,report at three,active,,0,9,0,9,33,0.232143,0.2,1,0,9,0,0,33
hN2_NOG_NeuriteLength,Cadmium Chloride,1,1,0.001;0.003;30,uM,0,active,complete,,3,0,9,3,33,33,0.021429,0.2,0,0,33,0,0,33
hN2_NOG_NeuriteLength,Cadmium Chloride,1,2,0.003;0.03;1,uM,0,active,report after one more,active,100,0,9,3,12,33,0.064286,0.2,1,1,9,1,1,9
hN2_NOG_NeuriteLength,Cadmium Chloride,1,3,0.001;0.03;0.1,uM,0,active,report at three,inactive,,1,9,0,9,33,0.307143,0.2,1,1,9,0,0,33
hN2_NOG_NeuriteLength,Cadmium Chloride,1,4,0.03;10;100,uM,1,active,report at three,active,,0,9,0,9,33,0.232143,0.2,1,0,9,0,0,33
hN2_NOG_NeuriteLength,Caffeine,1,0,0.001;0.01;1,uM,0,inactive,report after one more,inactive,30,0,9,3,12,33,0.042857,0.2,0,0,33,1,0,9
hN2_NOG_NeuriteLength,Caffeine,1,1,0.001;0.003;10,uM,0,inactive,report at three,inactive,,0,9,0,9,33,0.307143,0.2,1,0,9,1,0,9
hN2_NOG_NeuriteLength,Caffeine,1,2,0.1;10;100,uM,1,inactive,report at three,inactive,,0,9,0,9,33,0.671429,0.2,1,0,9,1,0,9
hN2_NOG_NeuriteLength,Caffeine,1,3,0.003;0.03;1,uM,0,inactive,report at three,inactive,,0,9,0,9,33,0.242857,0.2,1,0,9,1,0,9
hN2_NOG_NeuriteLength,Caffeine,1,4,0.003;1;10,uM,0,inactive,report at three,inactive,,0,9,0,9,33,0.4,0.2,1,0,9,1,0,9
hN2_NOG_NeuriteLength,Chlorpyrifos,1,0,1;30;100,uM,1,active,complete,,10,0,9,3,33,33,0.164286,0.2,1,0,9,0,0,33
hN2_NOG_NeuriteLength,Chlorpyrifos,1,1,0.1;0.3;3,uM,0,active,complete,,100,0,9,3,33,33,0.014286,0.2,0,0,33,1,1,9
hN2_NOG_NeuriteLength,Chlorpyrifos,1,2,0.3;1;100,uM,1,active,complete,,10,0,9,3,33,33,0.164286,0.2,1,0,9,0,0,33
hN2_NOG_NeuriteLength,Chlorpyrifos,1,3,0.001;3;30,uM,0,active,complete,,0.01,0,9,3,33,33,0.121429,0.2,1,0,9,0,0,33
hN2_NOG_NeuriteLength,Chlorpyrifos,1,4,0.003;1;3,uM,0,active,complete,,100,0,9,3,33,33,0.035714,0.2,0,0,33,1,1,9
hN2_NOG_NeuriteLength,Cytosine Arabinoside,1,0,0.03;0.3;100,uM,1,inactive,report at three,inactive,,0,9,0,9,33,0.235714,0.2,1,0,9,0,0,33
hN2_NOG_NeuriteLength,Cytosine Arabinoside,1,1,0.003;0.01;30,uM,0,inactive,complete,,100,0,9,3,33,33,0.014286,0.2,0,0,33,0,0,33
hN2_NOG_NeuriteLength,Cytosine Arabinoside,1,2,0.003;0.01;0.3,uM,0,inactive,report at three,inactive,,0,9,0,9,33,0.307143,0.2,1,0,9,0,0,33
hN2_NOG_NeuriteLength,Cytosine Arabinoside,1,3,0.001;3;30,uM,0,inactive,complete,,100,0,9,3,33,33,0.014286,0.2,0,0,33,0,0,33
hN2_NOG_NeuriteLength,Cytosine Arabinoside,1,4,0.1;3;30,uM,0,inactive,complete,,100,0,9,3,33,33,0.014286,0.2,0,0,33,0,0,33
hN2_NOG_NeuriteLength,DEHP,1,0,0.1;10;30,uM,0,inactive,report at three,inactive,,0,9,0,9,33,0.3,0.2,1,0,9,1,0,9
hN2_NOG_NeuriteLength,DEHP,1,1,0.001;0.003;0.1,uM,0,inactive,report at three,inactive,,0,9,0,9,33,0.371429,0.2,1,0,9,1,0,9
hN2_NOG_NeuriteLength,DEHP,1,2,0.1;0.3;100,uM,1,inactive,complete,,0.001,0,9,3,33,33,0.121429,0.2,1,0,9,0,0,33
hN2_NOG_NeuriteLength,DEHP,1,3,3;10;30,uM,0,inactive,report at three,inactive,,0,9,0,9,33,0.35,0.2,1,0,9,1,0,9
hN2_NOG_NeuriteLength,DEHP,1,4,0.01;0.03;1,uM,0,inactive,report at three,inactive,,0,9,0,9,33,0.728571,0.2,1,0,9,1,0,9
hN2_NOG_NeuriteLength,Diazepam,1,0,0.001;0.1;3,uM,0,inactive,report after one more,inactive,100,0,9,3,12,33,0.064286,0.2,1,0,9,0,0,33
hN2_NOG_NeuriteLength,Diazepam,1,1,0.1;1;30,uM,0,inactive,complete,,0.001,0,9,3,33,33,0.142857,0.2,1,0,9,0,0,33
hN2_NOG_NeuriteLength,Diazepam,1,2,0.01;0.03;3,uM,0,inactive,report after one more,inactive,100,0,9,3,12,33,0.1,0.2,1,0,9,0,0,33
hN2_NOG_NeuriteLength,Diazepam,1,3,0.01;10;100,uM,1,inactive,report at three,inactive,,0,9,0,9,33,0.257143,0.2,1,0,9,0,0,33
hN2_NOG_NeuriteLength,Diazepam,1,4,0.003;0.1;10,uM,0,inactive,complete,,0.001,0,9,3,33,33,0.2,0.2,1,0,9,0,0,33
hN2_NOG_NeuriteLength,Diphenylhydantoin,1,0,0.003;0.03;1,uM,0,inactive,complete,,100,0,9,3,33,33,0.192857,0.2,1,0,9,1,0,9
hN2_NOG_NeuriteLength,Diphenylhydantoin,1,1,0.003;0.03;10,uM,0,inactive,report at three,inactive,,0,9,0,9,33,0.371429,0.2,1,0,9,1,0,9
hN2_NOG_NeuriteLength,Diphenylhydantoin,1,2,0.1;0.3;10,uM,0,inactive,report at three,inactive,,0,9,0,9,33,0.25,0.2,1,0,9,1,0,9
hN2_NOG_NeuriteLength,Diphenylhydantoin,1,3,0.001;0.01;0.1,uM,0,inactive,report after one more,inactive,30,0,9,3,12,33,0.057143,0.2,0,0,33,1,0,9
hN2_NOG_NeuriteLength,Diphenylhydantoin,1,4,0.1;1;3,uM,0,inactive,report at three,inactive,,0,9,0,9,33,0.657143,0.2,1,0,9,1,0,9
hN2_NOG_NeuriteLength,Hydroxyurea,1,0,0.003;0.3;30,uM,0,active,complete,,0.001,0,9,3,33,33,0.057143,0.2,0,0,33,0,0,33
hN2_NOG_NeuriteLength,Hydroxyurea,1,1,0.001;3;10,uM,0,active,complete,,100,0,9,3,33,33,0.028571,0.2,0,0,33,0,0,33
hN2_NOG_NeuriteLength,Hydroxyurea,1,2,0.01;0.1;1,uM,0,active,complete,,100,0,9,3,33,33,0.042857,0.2,0,0,33,0,0,33
hN2_NOG_NeuriteLength,Hydroxyurea,1,3,0.001;3;100,uM,1,active,complete,,0.003,0,9,3,33,33,0.028571,0.2,0,0,33,0,0,33
hN2_NOG_NeuriteLength,Hydroxyurea,1,4,0.01;0.1;100,uM,1,active,complete,,0.3,0,9,3,33,33,0.071429,0.2,1,0,9,0,0,33
hN2_NOG_NeuriteLength,Loperamide,1,0,0.001;3;100,uM,1,active,report at three,active,,0,8,0,8,32,0.242857,0.2,1,0,8,0,0,32
hN2_NOG_NeuriteLength,Loperamide,1,1,0.1;0.3;30,uM,0,active,report at three,active,,0,9,0,9,32,0.242857,0.2,1,0,9,0,0,32
hN2_NOG_NeuriteLength,Loperamide,1,2,0.03;0.1;10,uM,0,active,report after one more,active,30,0,9,3,12,32,0.185714,0.2,1,1,9,1,1,9
hN2_NOG_NeuriteLength,Loperamide,1,3,1;30;100,uM,1,active,report at three,active,,0,8,0,8,32,0.242857,0.2,1,0,8,0,0,32
hN2_NOG_NeuriteLength,Loperamide,1,4,0.03;1;30,uM,0,active,report at three,active,,0,9,0,9,32,0.242857,0.2,1,0,9,0,0,32
hN2_NOG_NeuriteLength,Naloxone,1,0,0.01;0.1;10,uM,0,inactive,report after one more,inactive,100,0,9,3,12,33,0.1,0.2,1,0,9,1,0,9
hN2_NOG_NeuriteLength,Naloxone,1,1,0.001;0.003;10,uM,0,inactive,report at three,inactive,,0,9,0,9,33,0.421429,0.2,1,0,9,1,0,9
hN2_NOG_NeuriteLength,Naloxone,1,2,0.01;0.3;3,uM,0,inactive,report at three,inactive,,0,9,0,9,33,0.264286,0.2,1,0,9,1,0,9
hN2_NOG_NeuriteLength,Naloxone,1,3,0.1;0.3;30,uM,0,inactive,report at three,inactive,,0,9,0,9,33,0.307143,0.2,1,0,9,1,0,9
hN2_NOG_NeuriteLength,Naloxone,1,4,0.03;10;100,uM,1,inactive,report at three,inactive,,0,9,0,9,33,0.464286,0.2,1,0,9,1,0,9
hN2_NOG_NeuriteLength,PBDE-47,1,0,0.001;0.03;30,uM,1,active,complete,,10,0,9,3,30,30,0.078571,0.2,1,0,9,0,0,30
hN2_NOG_NeuriteLength,PBDE-47,1,1,0.001;0.3;3,uM,0,active,report at three,inactive,,1,9,0,9,30,0.742857,0.2,1,1,9,1,1,9
hN2_NOG_NeuriteLength,PBDE-47,1,2,0.003;0.1;30,uM,1,active,complete,,10,0,9,3,30,30,0.078571,0.2,1,0,9,0,0,30
hN2_NOG_NeuriteLength,PBDE-47,1,3,0.001;0.01;10,uM,0,active,complete,,30,0,9,3,30,30,0.121429,0.2,1,0,9,0,0,30
hN2_NOG_NeuriteLength,PBDE-47,1,4,0.001;0.1;3,uM,0,active,report at three,inactive,,1,9,0,9,30,0.742857,0.2,1,1,9,1,1,9
hN2_NOG_NeuriteLength,Trimethyltin,1,0,1;3;10,uM,1,active,complete,,0.001,0,9,3,27,27,0.078571,0.2,1,0,9,0,0,27
hN2_NOG_NeuriteLength,Trimethyltin,1,1,0.001;1;10,uM,1,active,complete,,0.3,0,9,3,27,27,0.078571,0.2,1,0,9,0,0,27
hN2_NOG_NeuriteLength,Trimethyltin,1,2,0.003;0.03;0.1,uM,0,active,complete,,0.001,0,9,3,27,27,0.185714,0.2,1,1,9,0,0,27
hN2_NOG_NeuriteLength,Trimethyltin,1,3,0.01;0.1;0.3,uM,0,active,complete,,0.001,0,9,3,27,27,0.057143,0.2,0,0,27,0,0,27
hN2_NOG_NeuriteLength,Trimethyltin,1,4,0.001;0.3;10,uM,1,active,complete,,0.1,0,9,3,27,27,0.078571,0.2,1,0,9,0,0,27
hN2_NOG_NeuriteLength,5-Fluorouracil,2,0,0.01;1;3,uM,0,inactive,complete,,100,0,9,3,33,33,0.242857,0.54,0,0,33,1,0,9
hN2_NOG_NeuriteLength,5-Fluorouracil,2,1,0.01;30;100,uM,1,inactive,complete,,10,0,9,3,33,33,0.107143,0.54,0,0,33,0,0,33
hN2_NOG_NeuriteLength,5-Fluorouracil,2,2,0.01;3;10,uM,0,inactive,complete,,100,0,9,3,33,33,0.242857,0.54,0,0,33,1,0,9
hN2_NOG_NeuriteLength,5-Fluorouracil,2,3,1;10;30,uM,0,inactive,complete,,0.001,0,9,3,33,33,0.021429,0.54,0,0,33,0,0,33
hN2_NOG_NeuriteLength,5-Fluorouracil,2,4,0.03;0.1;3,uM,0,inactive,complete,,100,0,9,3,33,33,0.164286,0.54,0,0,33,1,0,9
hN2_NOG_NeuriteLength,Aldicarb,2,0,0.1;0.3;10,uM,0,inactive,complete,,100,0,9,3,33,33,0.192857,0.54,0,0,33,1,0,9
hN2_NOG_NeuriteLength,Aldicarb,2,1,0.01;0.3;30,uM,0,inactive,complete,,100,0,9,3,33,33,0.128571,0.54,0,0,33,1,0,9
hN2_NOG_NeuriteLength,Aldicarb,2,2,0.03;0.1;100,uM,1,inactive,complete,,30,0,9,3,33,33,0.05,0.54,0,0,33,1,0,9
hN2_NOG_NeuriteLength,Aldicarb,2,3,0.03;0.3;1,uM,0,inactive,complete,,100,0,9,3,33,33,0.05,0.54,0,0,33,1,0,9
hN2_NOG_NeuriteLength,Aldicarb,2,4,0.03;0.1;3,uM,0,inactive,complete,,100,0,9,3,33,33,0.092857,0.54,0,0,33,1,0,9
hN2_NOG_NeuriteLength,Amoxicillin,2,0,0.001;10;100,uM,1,inactive,complete,,3,0,9,3,33,33,0.05,0.54,0,0,33,0,0,33
hN2_NOG_NeuriteLength,Amoxicillin,2,1,0.03;3;100,uM,1,inactive,complete,,0.001,0,9,3,33,33,0.25,0.54,0,0,33,1,0,9
hN2_NOG_NeuriteLength,Amoxicillin,2,2,0.001;0.1;3,uM,0,inactive,complete,,100,0,9,3,33,33,0.114286,0.54,0,0,33,1,0,9
hN2_NOG_NeuriteLength,Amoxicillin,2,3,0.003;0.3;100,uM,1,inactive,complete,,0.001,0,9,3,33,33,0.15,0.54,0,0,33,1,0,9
hN2_NOG_NeuriteLength,Amoxicillin,2,4,0.01;1;30,uM,0,inactive,complete,,0.1,0,9,3,33,33,0.092857,0.54,0,0,33,1,0,9
hN2_NOG_NeuriteLength,Chlorpromazine,2,0,10;30;100,uM,1,active,report at three,active,,0,8,0,8,32,0.707143,0.54,1,0,8,0,0,32
hN2_NOG_NeuriteLength,Chlorpromazine,2,1,0.001;0.3;1,uM,0,active,report after one more,active,100,0,9,3,12,32,0.485714,0.54,1,0,9,0,0,32
hN2_NOG_NeuriteLength,Chlorpromazine,2,2,0.001;1;100,uM,1,active,report at three,active,,0,9,0,9,32,0.664286,0.54,1,0,9,0,0,32
hN2_NOG_NeuriteLength,Chlorpromazine,2,3,0.001;0.3;3,uM,0,active,report after one more,active,100,0,9,3,12,32,0.057143,0.54,0,0,32,0,0,32
hN2_NOG_NeuriteLength,Chlorpromazine,2,4,1;3;100,uM,1,active,report at three,active,,0,9,0,9,32,0.664286,0.54,1,0,9,0,0,32
hN2_NOG_NeuriteLength,Colchicine,2,0,0.01;0.1;100,uM,1,inactive,complete,,3,0,9,3,33,33,0.221429,0.54,0,0,33,0,0,33
hN2_NOG_NeuriteLength,Colchicine,2,1,0.01;0.3;30,uM,0,inactive,complete,,100,0,9,3,33,33,0.342857,0.54,0,0,33,0,0,33
hN2_NOG_NeuriteLength,Colchicine,2,2,1;3;10,uM,0,inactive,report at three,active,,1,9,0,9,33,0.557143,0.54,1,1,9,0,0,33
hN2_NOG_NeuriteLength,Colchicine,2,3,0.1;3;100,uM,1,inactive,complete,,0.001,0,9,3,33,33,0.271429,0.54,0,0,33,0,0,33
hN2_NOG_NeuriteLength,Colchicine,2,4,0.01;3;10,uM,0,inactive,complete,,100,0,9,3,33,33,0.535714,0.54,1,1,9,0,0,33
hN2_NOG_NeuriteLength,Glyphosate,2,0,0.001;0.003;3,uM,0,inactive,complete,,30,0,9,3,30,30,0.135714,0.54,0,0,30,0,0,30
hN2_NOG_NeuriteLength,Glyphosate,2,1,0.01;1;3,uM,0,inactive,complete,,30,0,9,3,30,30,0.228571,0.54,0,0,30,0,0,30
hN2_NOG_NeuriteLength,Glyphosate,2,2,0.01;0.03;0.3,uM,0,inactive,complete,,30,0,9,3,30,30,0.192857,0.54,0,0,30,0,0,30
hN2_NOG_NeuriteLength,Glyphosate,2,3,0.001;1;30,uM,1,inactive,complete,,0.1,0,9,3,30,30,0.092857,0.54,0,0,30,0,0,30
hN2_NOG_NeuriteLength,Glyphosate,2,4,0.003;0.03;30,uM,1,inactive,complete,,0.1,0,9,3,30,30,0.135714,0.54,0,0,30,0,0,30
hN2_NOG_NeuriteLength,Manganese,2,0,0.3;1;30,uM,0,inactive,complete,,100,0,9,3,33,33,0.307143,0.54,0,0,33,1,0,9
hN2_NOG_NeuriteLength,Manganese,2,1,1;3;30,uM,0,inactive,complete,,100,0,9,3,33,33,0.357143,0.54,0,0,33,1,0,9
hN2_NOG_NeuriteLength,Manganese,2,2,0.03;10;30,uM,0,inactive,complete,,100,0,9,3,33,33,0.385714,0.54,0,0,33,1,0,9
hN2_NOG_NeuriteLength,Manganese,2,3,0.3;1;10,uM,0,inactive,complete,,100,0,9,3,33,33,0.157143,0.54,0,0,33,1,0,9
hN2_NOG_NeuriteLength,Manganese,2,4,0.001;0.01;0.3,uM,0,inactive,complete,,100,0,9,3,33,33,0.021429,0.54,0,0,33,1,0,9
hN2_NOG_NeuriteLength,Methotrexate,2,0,0.03;10;100,uM,1,inactive,complete,,30,0,8,3,32,32,0.221429,0.54,0,0,32,0,0,32
hN2_NOG_NeuriteLength,Methotrexate,2,1,0.03;0.3;100,uM,1,inactive,complete,,30,0,8,3,32,32,0.221429,0.54,0,0,32,0,0,32
hN2_NOG_NeuriteLength,Methotrexate,2,2,0.001;0.01;0.3,uM,0,inactive,complete,,100,0,9,2,32,32,0.242857,0.54,0,0,32,0,0,32
hN2_NOG_NeuriteLength,Methotrexate,2,3,0.003;0.01;0.03,uM,0,inactive,complete,,100,0,9,2,32,32,0.185714,0.54,0,0,32,0,0,32
hN2_NOG_NeuriteLength,Methotrexate,2,4,0.001;0.1;30,uM,0,inactive,complete,,10,0,9,3,32,32,0.221429,0.54,0,0,32,0,0,32
hN2_NOG_NeuriteLength,Methylmercury,2,0,0.01;0.03;0.3,uM,0,active,report at three,active,,0,9,0,9,27,0.65,0.54,1,0,9,0,0,27
hN2_NOG_NeuriteLength,Methylmercury,2,1,0.003;0.01;3,uM,0,active,report at three,active,,0,9,0,9,27,0.664286,0.54,1,0,9,0,0,27
hN2_NOG_NeuriteLength,Methylmercury,2,2,0.3;1;10,uM,1,active,report at three,active,,0,9,0,9,27,0.671429,0.54,1,0,9,0,0,27
hN2_NOG_NeuriteLength,Methylmercury,2,3,0.3;1;3,uM,0,active,report at three,active,,0,9,0,9,27,0.671429,0.54,1,0,9,0,0,27
hN2_NOG_NeuriteLength,Methylmercury,2,4,0.01;1;10,uM,1,active,report at three,active,,0,9,0,9,27,0.671429,0.54,1,0,9,0,0,27
hN2_NOG_NeuriteLength,Nicotine,2,0,0.001;10;30,uM,0,inactive,complete,,100,0,9,3,33,33,0.285714,0.54,0,0,33,1,0,9
hN2_NOG_NeuriteLength,Nicotine,2,1,0.03;10;100,uM,1,inactive,complete,,0.003,0,9,3,33,33,0.25,0.54,0,0,33,1,0,9
hN2_NOG_NeuriteLength,Nicotine,2,2,0.01;10;30,uM,0,inactive,complete,,0.003,0,9,3,33,33,0.285714,0.54,0,0,33,1,0,9
hN2_NOG_NeuriteLength,Nicotine,2,3,0.001;3;10,uM,0,inactive,complete,,100,0,9,3,33,33,0.092857,0.54,0,0,33,1,0,9
hN2_NOG_NeuriteLength,Nicotine,2,4,0.003;0.1;30,uM,0,inactive,complete,,100,0,9,3,33,33,0.178571,0.54,0,0,33,1,0,9
hN2_NOG_NeuriteLength,Paraquat,2,0,0.001;0.003;3,uM,0,inactive,complete,,100,0,9,3,33,33,0.228571,0.54,0,0,33,1,0,9
hN2_NOG_NeuriteLength,Paraquat,2,1,0.3;1;3,uM,0,inactive,complete,,0.001,0,9,3,33,33,0.235714,0.54,0,0,33,1,0,9
hN2_NOG_NeuriteLength,Paraquat,2,2,0.03;10;100,uM,1,inactive,complete,,0.003,0,9,3,33,33,0.078571,0.54,0,0,33,0,0,33
hN2_NOG_NeuriteLength,Paraquat,2,3,0.03;1;3,uM,0,inactive,complete,,100,0,9,3,33,33,0.15,0.54,0,0,33,1,0,9
hN2_NOG_NeuriteLength,Paraquat,2,4,0.003;0.01;10,uM,0,inactive,complete,,0.001,0,9,3,33,33,0.142857,0.54,0,0,33,1,0,9
hN2_NOG_NeuriteLength,Permethrin,2,0,0.003;1;30,uM,0,inactive,complete,,100,0,9,3,33,33,0.171429,0.54,0,0,33,1,0,9
hN2_NOG_NeuriteLength,Permethrin,2,1,0.1;0.3;10,uM,0,inactive,complete,,100,0,9,3,33,33,0.078571,0.54,0,0,33,1,0,9
hN2_NOG_NeuriteLength,Permethrin,2,2,0.03;3;10,uM,0,inactive,complete,,100,0,9,3,33,33,0.078571,0.54,0,0,33,1,0,9
hN2_NOG_NeuriteLength,Permethrin,2,3,0.01;0.1;3,uM,0,inactive,complete,,100,0,9,3,33,33,0.121429,0.54,0,0,33,1,0,9
hN2_NOG_NeuriteLength,Permethrin,2,4,0.001;1;100,uM,1,inactive,complete,,0.1,0,9,3,33,33,0.157143,0.54,0,0,33,1,0,9
hN2_NOG_NeuriteLength,Phenobarbital,2,0,0.3;3;10,uM,0,inactive,complete,,100,0,9,3,33,33,0.078571,0.54,0,0,33,1,0,9
hN2_NOG_NeuriteLength,Phenobarbital,2,1,0.1;3;10,uM,0,inactive,complete,,100,0,9,3,33,33,0.157143,0.54,0,0,33,1,0,9
hN2_NOG_NeuriteLength,Phenobarbital,2,2,0.01;0.1;1,uM,0,inactive,complete,,100,0,9,3,33,33,0.342857,0.54,0,0,33,1,0,9
hN2_NOG_NeuriteLength,Phenobarbital,2,3,0.03;0.1;10,uM,0,inactive,complete,,100,0,9,3,33,33,0.15,0.54,0,0,33,1,0,9
hN2_NOG_NeuriteLength,Phenobarbital,2,4,0.001;0.1;30,uM,0,inactive,complete,,100,0,9,3,33,33,0.078571,0.54,0,0,33,1,0,9
hN2_NOG_NeuriteLength,Tebuconazole,2,0,10;30;100,uM,1,inactive,complete,,0.003,0,9,3,33,33,0.271429,0.54,0,0,33,1,0,9
hN2_NOG_NeuriteLength,Tebuconazole,2,1,1;3;10,uM,0,inactive,complete,,100,0,9,3,33,33,0.042857,0.54,0,0,33,0,0,33
hN2_NOG_NeuriteLength,Tebuconazole,2,2,0.003;0.03;10,uM,0,inactive,complete,,100,0,9,3,33,33,0.057143,0.54,0,0,33,1,0,9
hN2_NOG_NeuriteLength,Tebuconazole,2,3,0.001;0.3;1,uM,0,inactive,complete,,100,0,9,3,33,33,0.257143,0.54,0,0,33,1,0,9
hN2_NOG_NeuriteLength,Tebuconazole,2,4,0.001;0.03;0.3,uM,0,inactive,complete,,100,0,9,3,33,33,0.25,0.54,0,0,33,1,0,9
hN2_NOG_NeuriteLength,Acrylamide,3,0,0.001;0.03;100,uM,1,inactive,report at three,inactive,,0,9,0,9,33,0.557143,0.28,1,0,9,1,0,9
hN2_NOG_NeuriteLength,Acrylamide,3,1,0.03;0.3;30,uM,0,inactive,report at three,inactive,,0,9,0,9,33,0.428571,0.28,1,0,9,1,0,9
hN2_NOG_NeuriteLength,Acrylamide,3,2,0.1;0.3;1,uM,0,inactive,report at three,inactive,,0,9,0,9,33,0.542857,0.28,1,0,9,1,0,9
hN2_NOG_NeuriteLength,Acrylamide,3,3,0.003;0.1;10,uM,0,inactive,report at three,inactive,,0,9,0,9,33,0.364286,0.28,1,0,9,1,0,9
hN2_NOG_NeuriteLength,Acrylamide,3,4,0.003;0.1;1,uM,0,inactive,report at three,inactive,,0,9,0,9,33,0.407143,0.28,1,0,9,1,0,9
hN2_NOG_NeuriteLength,Carbamazepine,3,0,0.003;0.03;100,uM,1,inactive,report after one more,inactive,30,0,9,3,12,33,0.192857,0.28,1,0,9,1,0,9
hN2_NOG_NeuriteLength,Carbamazepine,3,1,0.003;30;100,uM,1,inactive,report at three,inactive,,0,9,0,9,33,0.485714,0.28,1,0,9,1,0,9
hN2_NOG_NeuriteLength,Carbamazepine,3,2,0.003;0.01;100,uM,1,inactive,report after one more,inactive,30,0,9,3,12,33,0.192857,0.28,1,0,9,1,0,9
hN2_NOG_NeuriteLength,Carbamazepine,3,3,0.003;1;30,uM,0,inactive,report at three,inactive,,0,9,0,9,33,0.457143,0.28,1,0,9,1,0,9
hN2_NOG_NeuriteLength,Carbamazepine,3,4,0.03;30;100,uM,1,inactive,report at three,inactive,,0,9,0,9,33,0.435714,0.28,1,0,9,1,0,9
hN2_NOG_NeuriteLength,Cocaine Bases,3,0,0.3;1;10,uM,0,inactive,report at three,inactive,,0,9,0,9,33,0.342857,0.28,1,0,9,1,0,9
hN2_NOG_NeuriteLength,Cocaine Bases,3,1,0.003;0.01;30,uM,0,inactive,report at three,inactive,,0,9,0,9,33,0.414286,0.28,1,0,9,1,0,9
hN2_NOG_NeuriteLength,Cocaine Bases,3,2,0.003;0.03;1,uM,0,inactive,report after one more,inactive,100,0,9,3,12,33,0.114286,0.28,0,0,33,1,0,9
hN2_NOG_NeuriteLength,Cocaine Bases,3,3,0.001;30;100,uM,1,inactive,report at three,inactive,,0,9,0,9,33,0.335714,0.28,1,0,9,1,0,9
hN2_NOG_NeuriteLength,Cocaine Bases,3,4,0.01;0.03;3,uM,0,inactive,report at three,active,,1,9,0,9,33,0.292857,0.28,1,1,9,0,0,33
hN2_NOG_NeuriteLength,Diethylene Glycol,3,0,0.003;10;100,uM,1,inactive,complete,,0.1,0,9,3,33,33,0.257143,0.28,1,0,9,1,0,9
hN2_NOG_NeuriteLength,Diethylene Glycol,3,1,0.01;0.3;10,uM,0,inactive,complete,,100,0,9,3,33,33,0.171429,0.28,1,0,9,1,0,9
hN2_NOG_NeuriteLength,Diethylene Glycol,3,2,0.3;3;30,uM,0,inactive,complete,,100,0,9,3,33,33,0.028571,0.28,0,0,33,0,0,33
hN2_NOG_NeuriteLength,Diethylene Glycol,3,3,0.01;0.3;3,uM,0,inactive,complete,,100,0,9,3,33,33,0.185714,0.28,1,0,9,1,0,9
hN2_NOG_NeuriteLength,Diethylene Glycol,3,4,0.03;1;3,uM,0,inactive,report at three,inactive,,0,9,0,9,33,0.364286,0.28,1,0,9,1,0,9
hN2_NOG_NeuriteLength,Fluconazole,3,0,0.001;0.003;0.01,uM,0,inactive,complete,,100,0,9,3,33,33,0.278571,0.28,1,1,9,1,0,9
hN2_NOG_NeuriteLength,Fluconazole,3,1,1;30;100,uM,1,inactive,complete,,0.3,0,9,3,33,33,0.164286,0.28,1,0,9,0,0,33
hN2_NOG_NeuriteLength,Fluconazole,3,2,0.1;1;100,uM,1,inactive,complete,,0.001,0,9,3,33,33,0.164286,0.28,1,0,9,0,0,33
hN2_NOG_NeuriteLength,Fluconazole,3,3,0.1;1;10,uM,0,inactive,report at three,inactive,,0,9,0,9,33,0.335714,0.28,1,0,9,1,0,9
hN2_NOG_NeuriteLength,Fluconazole,3,4,0.3;3;10,uM,0,inactive,report at three,inactive,,0,9,0,9,33,0.335714,0.28,1,0,9,1,0,9
hN2_NOG_NeuriteLength,Hexachlorophene,3,0,0.003;0.1;30,uM,0,inactive,complete,,10,0,9,3,33,33,0.171429,0.28,1,1,9,1,1,9
hN2_NOG_NeuriteLength,Hexachlorophene,3,1,1;3;10,uM,0,inactive,report after one more,active,100,1,9,3,12,33,0.2,0.28,1,1,9,0,0,33
hN2_NOG_NeuriteLength,Hexachlorophene,3,2,3;10;30,uM,0,inactive,complete,,100,0,9,3,33,33,0.2,0.28,1,1,9,1,1,9
hN2_NOG_NeuriteLength,Hexachlorophene,3,3,0.03;1;10,uM,0,inactive,complete,,0.003,0,9,3,33,33,0.15,0.28,0,0,33,1,1,9
hN2_NOG_NeuriteLength,Hexachlorophene,3,4,0.003;0.3;1,uM,0,inactive,complete,,100,0,9,3,33,33,0.114286,0.28,0,0,33,1,1,9
hN2_NOG_NeuriteLength,Lead Acetate,3,0,0.003;0.1;1,uM,0,active,report after one more,active,30,0,9,3,12,30,0.185714,0.28,1,1,9,1,1,9
hN2_NOG_NeuriteLength,Lead Acetate,3,1,0.001;3;10,uM,0,active,report at three,active,,0,9,0,9,30,0.285714,0.28,1,0,9,1,0,9
hN2_NOG_NeuriteLength,Lead Acetate,3,2,0.001;1;30,uM,1,active,report at three,active,,0,9,0,9,30,0.307143,0.28,1,0,9,1,0,9
hN2_NOG_NeuriteLength,Lead Acetate,3,3,0.001;0.3;3,uM,0,active,report at three,active,,0,9,0,9,30,0.321429,0.28,1,0,9,0,0,30
hN2_NOG_NeuriteLength,Lead Acetate,3,4,0.03;1;10,uM,0,active,report at three,active,,0,9,0,9,30,0.285714,0.28,1,0,9,1,0,9
hN2_NOG_NeuriteLength,Phenol,3,0,0.01;0.3;10,uM,0,inactive,report at three,inactive,,0,9,0,9,33,0.314286,0.28,1,0,9,1,0,9
hN2_NOG_NeuriteLength,Phenol,3,1,0.01;0.3;100,uM,1,inactive,complete,,10,0,9,3,33,33,0.164286,0.28,1,0,9,0,0,33
hN2_NOG_NeuriteLength,Phenol,3,2,0.03;3;10,uM,0,inactive,complete,,100,0,9,3,33,33,0.25,0.28,1,0,9,1,0,9
hN2_NOG_NeuriteLength,Phenol,3,3,0.03;1;3,uM,0,inactive,complete,,100,0,9,3,33,33,0.142857,0.28,0,0,33,0,0,33
hN2_NOG_NeuriteLength,Phenol,3,4,0.001;0.1;100,uM,1,inactive,complete,,10,0,9,3,33,33,0.164286,0.28,1,0,9,0,0,33
hN2_NOG_NeuriteLength,Saccharin,3,0,0.03;0.1;3,uM,0,inactive,report after one more,inactive,100,0,9,3,12,33,0.014286,0.28,0,0,33,1,0,9
hN2_NOG_NeuriteLength,Saccharin,3,1,0.01;0.3;3,uM,0,inactive,report after one more,inactive,100,0,9,3,12,33,0.042857,0.28,0,0,33,1,0,9
hN2_NOG_NeuriteLength,Saccharin,3,2,0.001;30;100,uM,1,inactive,report at three,inactive,,0,9,0,9,33,0.342857,0.28,1,0,9,1,0,9
hN2_NOG_NeuriteLength,Saccharin,3,3,0.003;1;10,uM,0,inactive,complete,,100,0,9,3,33,33,0.164286,0.28,1,0,9,0,0,33
hN2_NOG_NeuriteLength,Saccharin,3,4,0.3;3;30,uM,0,inactive,report at three,inactive,,0,9,0,9,33,0.485714,0.28,1,0,9,1,0,9
hN2_NOG_NeuriteLength,Sodium Fluoride,3,0,0.03;0.3;30,uM,0,inactive,complete,,0.003,0,9,3,33,33,0.178571,0.28,1,0,9,1,0,9
hN2_NOG_NeuriteLength,Sodium Fluoride,3,1,0.001;0.3;100,uM,1,inactive,report at three,inactive,,0,9,0,9,33,0.421429,0.28,1,0,9,1,0,9
hN2_NOG_NeuriteLength,Sodium Fluoride,3,2,0.03;0.1;0.3,uM,0,inactive,report after one more,inactive,100,0,9,3,12,33,0.0,0.28,0,0,33,1,0,9
hN2_NOG_NeuriteLength,Sodium Fluoride,3,3,3;30;100,uM,1,inactive,report at three,inactive,,0,9,0,9,33,0.421429,0.28,1,0,9,1,0,9
hN2_NOG_NeuriteLength,Sodium Fluoride,3,4,0.001;1;3,uM,0,inactive,report at three,inactive,,0,9,0,9,33,0.457143,0.28,1,0,9,1,0,9
hN2_NOG_NeuriteLength,Terbutaline,3,0,1;3;10,uM,0,inactive,complete,,100,0,9,3,33,33,0.157143,0.28,0,0,33,0,0,33
hN2_NOG_NeuriteLength,Terbutaline,3,1,0.003;0.01;30,uM,0,inactive,complete,,100,0,9,3,33,33,0.021429,0.28,0,0,33,0,0,33
hN2_NOG_NeuriteLength,Terbutaline,3,2,0.001;3;100,uM,1,inactive,complete,,30,0,9,3,33,33,0.192857,0.28,1,0,9,0,0,33
hN2_NOG_NeuriteLength,Terbutaline,3,3,0.01;0.3;1,uM,0,inactive,complete,,100,0,9,3,33,33,0.078571,0.28,0,0,33,0,0,33
hN2_NOG_NeuriteLength,Terbutaline,3,4,0.3;1;100,uM,1,inactive,complete,,0.001,0,9,3,33,33,0.142857,0.28,0,0,33,0,0,33
hN2_NOG_NeuriteLength,Thiouracil,3,0,0.001;0.1;1,uM,0,inactive,complete,,100,0,9,3,33,33,0.1,0.28,0,0,33,0,0,33
hN2_NOG_NeuriteLength,Thiouracil,3,1,0.003;0.01;0.03,uM,0,inactive,complete,,100,0,9,3,33,33,0.235714,0.28,1,1,9,0,0,33
hN2_NOG_NeuriteLength,Thiouracil,3,2,0.003;0.3;30,uM,0,inactive,complete,,100,0,9,3,33,33,0.014286,0.28,0,0,33,1,0,9
hN2_NOG_NeuriteLength,Thiouracil,3,3,0.003;0.3;1,uM,0,inactive,complete,,100,0,9,3,33,33,0.157143,0.28,0,0,33,0,0,33
hN2_NOG_NeuriteLength,Thiouracil,3,4,0.001;0.01;0.3,uM,0,inactive,complete,,100,0,9,3,33,33,0.264286,0.28,1,1,9,0,0,33
hN2_NOG_NeuriteLength,Triethyltin,3,0,0.01;0.1;1,uM,0,active,report after one more,active,3,0,9,3,12,27,0.021429,0.28,0,0,27,0,0,27
hN2_NOG_NeuriteLength,Triethyltin,3,1,0.003;0.1;1,uM,0,active,report after one more,active,3,0,9,3,12,27,0.021429,0.28,0,0,27,0,0,27
hN2_NOG_NeuriteLength,Triethyltin,3,2,0.001;0.1;3,uM,0,active,report at three,active,,0,9,0,9,27,0.307143,0.28,1,0,9,1,0,9
hN2_NOG_NeuriteLength,Triethyltin,3,3,0.3;3;10,uM,1,active,report at three,active,,0,9,0,9,27,0.335714,0.28,1,0,9,1,0,9
hN2_NOG_NeuriteLength,Triethyltin,3,4,0.001;0.003;0.1,uM,0,active,report at three,inactive,,1,9,0,9,27,0.435714,0.28,1,1,9,1,1,9
hN2_NOG_NeuriteLength,Aminonicotinimide,4,0,0.003;0.1;0.3,uM,0,active,report at three,active,,0,9,0,9,33,0.314286,0.3,1,0,9,1,0,9
hN2_NOG_NeuriteLength,Aminonicotinimide,4,1,0.001;0.003;1,uM,0,active,report at three,active,,0,9,0,9,33,0.314286,0.3,1,0,9,1,0,9
hN2_NOG_NeuriteLength,Aminonicotinimide,4,2,0.03;0.1;10,uM,0,active,complete,,100,0,9,3,33,33,0.178571,0.3,0,0,33,1,0,9
hN2_NOG_NeuriteLength,Aminonicotinimide,4,3,0.001;0.01;0.03,uM,0,active,complete,,100,0,9,3,33,33,0.1,0.3,0,0,33,1,0,9
hN2_NOG_NeuriteLength,Aminonicotinimide,4,4,1;3;10,uM,0,active,complete,,100,0,9,3,33,33,0.1,0.3,0,0,33,1,0,9
hN2_NOG_NeuriteLength,Amphetamine,4,0,0.003;3;100,uM,1,active,complete,,30,0,9,3,33,33,0.142857,0.3,0,0,33,1,0,9
hN2_NOG_NeuriteLength,Amphetamine,4,1,0.003;0.01;10,uM,0,active,report at three,active,,0,9,0,9,33,0.314286,0.3,1,0,9,1,0,9
hN2_NOG_NeuriteLength,Amphetamine,4,2,0.01;3;30,uM,0,active,report at three,active,,0,9,0,9,33,0.314286,0.3,1,0,9,1,0,9
hN2_NOG_NeuriteLength,Amphetamine,4,3,0.001;0.3;3,uM,0,active,complete,,100,0,9,3,33,33,0.278571,0.3,1,0,9,1,0,9
hN2_NOG_NeuriteLength,Amphetamine,4,4,0.01;0.1;3,uM,0,active,report at three,active,,0,9,0,9,33,0.314286,0.3,1,0,9,1,0,9
hN2_NOG_NeuriteLength,Chlorpyrifos Oxon,4,0,0.003;0.01;100,uM,1,active,report at three,active,,0,9,0,9,33,0.378571,0.3,1,0,9,1,0,9
hN2_NOG_NeuriteLength,Chlorpyrifos Oxon,4,1,0.001;0.03;0.3,uM,0,active,report after one more,active,100,0,9,3,12,33,0.15,0.3,0,0,33,1,1,9
hN2_NOG_NeuriteLength,Chlorpyrifos Oxon,4,2,0.1;1;3,uM,0,active,report after one more,active,100,0,9,3,12,33,0.078571,0.3,0,0,33,1,1,9
hN2_NOG_NeuriteLength,Chlorpyrifos Oxon,4,3,0.001;10;30,uM,0,active,report at three,active,,0,9,0,9,33,0.392857,0.3,1,0,9,0,0,33
hN2_NOG_NeuriteLength,Chlorpyrifos Oxon,4,4,0.001;0.003;3,uM,0,active,report after one more,active,100,0,9,3,12,33,0.035714,0.3,0,0,33,1,1,9
hN2_NOG_NeuriteLength,Cotinine,4,0,0.1;0.3;3,uM,0,inactive,complete,,100,0,9,3,33,33,0.007143,0.3,0,0,33,1,0,9
hN2_NOG_NeuriteLength,Cotinine,4,1,0.003;0.3;3,uM,0,inactive,complete,,100,0,9,3,33,33,0.164286,0.3,0,0,33,1,0,9
hN2_NOG_NeuriteLength,Cotinine,4,2,0.01;0.3;30,uM,0,inactive,complete,,100,0,9,3,33,33,0.1,0.3,0,0,33,0,0,33
hN2_NOG_NeuriteLength,Cotinine,4,3,0.03;0.3;1,uM,0,inactive,complete,,100,0,9,3,33,33,0.035714,0.3,0,0,33,1,0,9
hN2_NOG_NeuriteLength,Cotinine,4,4,0.001;30;100,uM,1,inactive,complete,,10,0,9,3,33,33,0.164286,0.3,0,0,33,0,0,33
hN2_NOG_NeuriteLength,Dexamethasone,4,0,0.1;3;30,uM,0,inactive,report at three,inactive,,0,9,0,9,33,0.528571,0.3,1,0,9,1,0,9
hN2_NOG_NeuriteLength,Dexamethasone,4,1,0.1;0.3;100,uM,1,inactive,report at three,inactive,,0,9,0,9,33,0.542857,0.3,1,0,9,1,0,9
hN2_NOG_NeuriteLength,Dexamethasone,4,2,0.03;0.1;30,uM,0,inactive,report at three,inactive,,0,9,0,9,33,0.542857,0.3,1,0,9,1,0,9
hN2_NOG_NeuriteLength,Dexamethasone,4,3,1;3;10,uM,0,inactive,report after one more,inactive,100,0,9,3,12,33,0.207143,0.3,1,0,9,1,0,9
hN2_NOG_NeuriteLength,Dexamethasone,4,4,0.003;3;100,uM,1,inactive,report at three,inactive,,0,9,0,9,33,0.535714,0.3,1,0,9,1,0,9
hN2_NOG_NeuriteLength,Dieldrin,4,0,0.001;10;30,uM,0,active,report at three,active,,0,9,0,9,33,0.328571,0.3,1,0,9,1,0,9
hN2_NOG_NeuriteLength,Dieldrin,4,1,0.003;0.1;0.3,uM,0,active,report at three,inactive,,1,9,0,9,33,0.407143,0.3,1,1,9,1,1,9
hN2_NOG_NeuriteLength,Dieldrin,4,2,0.01;3;30,uM,0,active,complete,,100,0,9,3,33,33,0.3,0.3,1,0,9,1,0,9
hN2_NOG_NeuriteLength,Dieldrin,4,3,0.003;0.3;10,uM,0,active,complete,,100,0,9,3,33,33,0.121429,0.3,0,0,33,0,0,33
hN2_NOG_NeuriteLength,Dieldrin,4,4,1;3;30,uM,0,active,report at three,active,,0,9,0,9,33,0.328571,0.3,1,0,9,1,0,9
hN2_NOG_NeuriteLength,Diethylstilbestrol,4,0,0.03;0.1;100,uM,1,active,complete,,3,0,9,3,33,33,0.278571,0.3,1,0,9,1,0,9
hN2_NOG_NeuriteLength,Diethylstilbestrol,4,1,0.003;0.01;1,uM,0,active,complete,,100,0,9,3,33,33,0.185714,0.3,0,0,33,1,1,9
hN2_NOG_NeuriteLength,Diethylstilbestrol,4,2,0.003;0.01;3,uM,0,active,complete,,100,0,9,3,33,33,0.05,0.3,0,0,33,1,1,9
hN2_NOG_NeuriteLength,Diethylstilbestrol,4,3,0.001;0.003;30,uM,0,active,complete,,3,0,9,3,33,33,0.264286,0.3,1,0,9,1,0,9
hN2_NOG_NeuriteLength,Diethylstilbestrol,4,4,0.003;0.3;1,uM,0,active,complete,,100,0,9,3,33,33,0.05,0.3,0,0,33,1,1,9
hN2_NOG_NeuriteLength,Isoniazid,4,0,0.003;3;30,uM,0,inactive,complete,,100,0,9,3,33,33,0.171429,0.3,0,0,33,0,0,33
hN2_NOG_NeuriteLength,Isoniazid,4,1,0.03;0.3;10,uM,0,inactive,complete,,30,0,9,3,33,33,0.192857,0.3,0,0,33,1,0,9
hN2_NOG_NeuriteLength,Isoniazid,4,2,0.003;1;3,uM,0,inactive,complete,,100,0,9,3,33,33,0.292857,0.3,1,1,9,1,0,9
hN2_NOG_NeuriteLength,Isoniazid,4,3,0.001;10;100,uM,1,inactive,complete,,30,0,9,3,33,33,0.1,0.3,0,0,33,0,0,33
hN2_NOG_NeuriteLength,Isoniazid,4,4,0.003;0.03;3,uM,0,inactive,complete,,100,0,9,3,33,33,0.257143,0.3,1,1,9,1,0,9
hN2_NOG_NeuriteLength,Ketamine,4,0,0.003;3;10,uM,0,inactive,report at three,active,,1,9,0,9,33,0.385714,0.3,1,1,9,0,0,33
hN2_NOG_NeuriteLength,Ketamine,4,1,0.001;0.01;0.1,uM,0,inactive,complete,,100,0,9,3,33,33,0.178571,0.3,0,0,33,1,0,9
hN2_NOG_NeuriteLength,Ketamine,4,2,0.3;30;100,uM,1,inactive,complete,,0.1,0,9,3,33,33,0.128571,0.3,0,0,33,0,0,33
hN2_NOG_NeuriteLength,Ketamine,4,3,0.01;1;100,uM,1,inactive,complete,,30,0,9,3,33,33,0.135714,0.3,0,0,33,1,0,9
hN2_NOG_NeuriteLength,Ketamine,4,4,0.03;0.1;30,uM,0,inactive,complete,,100,0,9,3,33,33,0.121429,0.3,0,0,33,0,0,33
hN2_NOG_NeuriteLength,Maneb,4,0,0.03;0.1;10,uM,1,inactive,report at three,inactive,,0,9,0,9,27,0.321429,0.3,1,0,9,1,0,9
hN2_NOG_NeuriteLength,Maneb,4,1,0.001;0.01;0.03,uM,0,inactive,report at three,inactive,,0,9,0,9,27,0.371429,0.3,1,0,9,1,0,9
hN2_NOG_NeuriteLength,Maneb,4,2,0.001;0.1;10,uM,1,inactive,report at three,inactive,,0,9,0,9,27,0.321429,0.3,1,0,9,1,0,9
hN2_NOG_NeuriteLength,Maneb,4,3,0.1;3;10,uM,1,inactive,report after one more,inactive,0.003,0,9,3,12,27,0.157143,0.3,0,0,27,1,0,9
hN2_NOG_NeuriteLength,Maneb,4,4,0.003;0.03;10,uM,1,inactive,report at three,inactive,,0,9,0,9,27,0.385714,0.3,1,0,9,1,0,9
hN2_NOG_NeuriteLength,Sodium Arsenite,4,0,0.001;0.003;30,uM,0,active,report at three,active,,0,9,0,9,33,0.385714,0.3,1,0,9,1,0,9
hN2_NOG_NeuriteLength,Sodium Arsenite,4,1,0.3;1;30,uM,0,active,report at three,active,,0,9,0,9,33,0.385714,0.3,1,0,9,1,0,9
hN2_NOG_NeuriteLength,Sodium Arsenite,4,2,0.03;0.3;30,uM,0,active,report at three,active,,0,9,0,9,33,0.385714,0.3,1,0,9,1,0,9
hN2_NOG_NeuriteLength,Sodium Arsenite,4,3,0.01;3;10,uM,0,active,report at three,active,,0,9,0,9,33,0.321429,0.3,1,0,9,1,0,9
hN2_NOG_NeuriteLength,Sodium Arsenite,4,4,10;30;100,uM,1,active,report at three,active,,0,9,0,9,33,0.385714,0.3,1,0,9,1,0,9
hN2_NOG_NeuriteLength,Sodium Benzoate,4,0,0.001;0.01;10,uM,0,inactive,report after one more,inactive,100,0,9,3,12,33,0.25,0.3,1,0,9,1,0,9
hN2_NOG_NeuriteLength,Sodium Benzoate,4,1,0.03;3;10,uM,0,inactive,complete,,0.001,0,9,3,33,33,0.164286,0.3,0,0,33,1,0,9
hN2_NOG_NeuriteLength,Sodium Benzoate,4,2,0.001;0.1;10,uM,0,inactive,complete,,0.003,0,9,3,33,33,0.157143,0.3,0,0,33,0,0,33
hN2_NOG_NeuriteLength,Sodium Benzoate,4,3,0.3;1;30,uM,0,inactive,complete,,0.001,0,9,3,33,33,0.192857,0.3,0,0,33,1,0,9
hN2_NOG_NeuriteLength,Sodium Benzoate,4,4,0.03;0.3;100,uM,1,inactive,complete,,0.001,0,9,3,33,33,0.192857,0.3,0,0,33,1,0,9
hN2_NOG_NeuriteLength,trans-Retinoic Acid,4,0,0.1;1;10,uM,0,active,complete,,0.001,0,9,3,30,30,0.285714,0.3,1,0,9,1,0,9
hN2_NOG_NeuriteLength,trans-Retinoic Acid,4,1,0.01;0.1;10,uM,0,active,complete,,3,0,9,3,30,30,0.264286,0.3,1,0,9,1,0,9
hN2_NOG_NeuriteLength,trans-Retinoic Acid,4,2,0.03;0.1;3,uM,0,active,report after one more,active,30,0,9,3,12,30,0.164286,0.3,0,0,30,0,0,30
hN2_NOG_NeuriteLength,trans-Retinoic Acid,4,3,0.001;0.03;10,uM,0,active,complete,,3,0,9,3,30,30,0.3,0.3,1,0,9,1,0,9
hN2_NOG_NeuriteLength,trans-Retinoic Acid,4,4,0.3;1;3,uM,0,active,complete,,0.001,0,9,3,30,30,0.114286,0.3,0,0,30,0,0,30
hNP1_CellTiter_Lum,Acrylamide,0,0,0.001;0.03;100,uM,1,inactive,complete,,10,0,9,3,33,33,0.325,0.63,0,0,33,0,0,33
hNP1_CellTiter_Lum,Acrylamide,0,1,0.03;0.3;30,uM,0,inactive,complete,,100,0,9,3,33,33,0.225,0.63,0,0,33,0,0,33
hNP1_CellTiter_Lum,Acrylamide,0,2,0.1;0.3;1,uM,0,inactive,complete,,100,0,9,3,33,33,0.0,0.63,0,0,33,0,0,33
hNP1_CellTiter_Lum,Acrylamide,0,3,0.003;0.1;10,uM,0,inactive,complete,,100,0,9,3,33,33,0.25,0.63,0,0,33,0,0,33
hNP1_CellTiter_Lum,Acrylamide,0,4,0.003;0.1;1,uM,0,inactive,complete,,100,0,9,3,33,33,0.0,0.63,0,0,33,0,0,33
hNP1_CellTiter_Lum,Carbamazepine,0,0,0.003;0.03;100,uM,1,inactive,report at three,inactive,,0,9,0,9,33,0.65,0.63,1,0,9,0,0,33
hNP1_CellTiter_Lum,Carbamazepine,0,1,0.003;30;100,uM,1,inactive,complete,,0.3,0,9,3,33,33,0.6125,0.63,1,0,9,0,0,33
hNP1_CellTiter_Lum,Carbamazepine,0,2,0.003;0.01;100,uM,1,inactive,report at three,inactive,,0,9,0,9,33,0.6375,0.63,1,0,9,0,0,33
hNP1_CellTiter_Lum,Carbamazepine,0,3,0.003;1;30,uM,0,inactive,complete,,100,0,9,3,33,33,0.425,0.63,0,0,33,0,0,33
hNP1_CellTiter_Lum,Carbamazepine,0,4,0.03;30;100,uM,1,inactive,complete,,0.3,0,9,3,33,33,0.6125,0.63,1,0,9,0,0,33
hNP1_CellTiter_Lum,Cyclophosphamide,0,0,0.3;30;100,uM,1,inactive,complete,,0.003,0,9,3,33,33,0.6125,0.63,1,0,9,0,0,33
hNP1_CellTiter_Lum,Cyclophosphamide,0,1,0.003;30;100,uM,1,inactive,complete,,0.01,0,9,3,33,33,0.6125,0.63,1,0,9,0,0,33
hNP1_CellTiter_Lum,Cyclophosphamide,0,2,0.003;0.1;100,uM,1,inactive,complete,,0.001,0,9,3,33,33,0.6125,0.63,1,0,9,0,0,33
hNP1_CellTiter_Lum,Cyclophosphamide,0,3,10;30;100,uM,1,inactive,report at three,inactive,,0,9,0,9,33,0.675,0.63,1,0,9,1,0,9
hNP1_CellTiter_Lum,Cyclophosphamide,0,4,0.001;0.003;30,uM,0,inactive,complete,,100,0,9,3,33,33,0.25,0.63,0,0,33,0,0,33
hNP1_CellTiter_Lum,Diazinon,0,0,0.01;0.03;3,uM,0,inactive,complete,,100,0,9,3,33,33,0.5125,0.63,1,0,9,0,0,33
hNP1_CellTiter_Lum,Diazinon,0,1,0.001;10;30,uM,0,inactive,complete,,100,0,9,3,33,33,0.6125,0.63,1,0,9,0,0,33
hNP1_CellTiter_Lum,Diazinon,0,2,0.03;0.3;100,uM,1,inactive,complete,,0.003,0,9,3,33,33,0.525,0.63,1,0,9,0,0,33
hNP1_CellTiter_Lum,Diazinon,0,3,0.03;30;100,uM,1,inactive,complete,,0.001,0,9,3,33,33,0.625,0.63,1,0,9,0,0,33
hNP1_CellTiter_Lum,Diazinon,0,4,0.1;0.3;3,uM,0,inactive,complete,,100,0,9,3,33,33,0.4625,0.63,0,0,33,0,0,33
hNP1_CellTiter_Lum,Diethylstilbestrol,0,0,0.03;0.1;100,uM,1,active,complete,,3,0,9,3,33,33,0.3,0.63,0,0,33,1,0,9
hNP1_CellTiter_Lum,Diethylstilbestrol,0,1,0.003;0.01;1,uM,0,active,complete,,100,0,9,3,33,33,0.45,0.63,0,0,33,1,1,9
hNP1_CellTiter_Lum,Diethylstilbestrol,0,2,0.003;0.01;3,uM,0,active,complete,,100,0,9,3,33,33,0.2625,0.63,0,0,33,1,1,9
hNP1_CellTiter_Lum,Diethylstilbestrol,0,3,0.001;0.003;30,uM,0,active,complete,,0.1,0,9,3,33,33,0.2,0.63,0,0,33,1,0,9
hNP1_CellTiter_Lum,Diethylstilbestrol,0,4,0.003;0.3;1,uM,0,active,complete,,100,0,9,3,33,33,0.4625,0.63,0,0,33,1,1,9
hNP1_CellTiter_Lum,Hydroxyurea,0,0,0.003;0.3;30,uM,0,inactive,complete,,100,0,9,3,33,33,0.55,0.63,1,0,9,0,0,33
hNP1_CellTiter_Lum,Hydroxyurea,0,1,0.001;3;10,uM,0,inactive,complete,,100,0,9,3,33,33,0.2625,0.63,0,0,33,0,0,33
hNP1_CellTiter_Lum,Hydroxyurea,0,2,0.01;0.1;1,uM,0,inactive,complete,,100,0,9,3,33,33,0.575,0.63,1,0,9,0,0,33
hNP1_CellTiter_Lum,Hydroxyurea,0,3,0.001;3;100,uM,1,inactive,complete,,0.003,0,9,3,33,33,0.45,0.63,0,0,33,0,0,33
hNP1_CellTiter_Lum,Hydroxyurea,0,4,0.01;0.1;100,uM,1,inactive,complete,,0.001,0,9,3,33,33,0.45,0.63,0,0,33,0,0,33
hNP1_CellTiter_Lum,Manganese,0,0,0.3;1;30,uM,0,inactive,report after one more,inactive,100,0,9,3,12,33,0.55,0.63,1,0,9,0,0,33
hNP1_CellTiter_Lum,Manganese,0,1,1;3;30,uM,0,inactive,complete,,0.03,0,9,3,33,33,0.525,0.63,1,0,9,0,0,33
hNP1_CellTiter_Lum,Manganese,0,2,0.03;10;30,uM,0,inactive,complete,,0.01,0,9,3,33,33,0.5125,0.63,1,0,9,0,0,33
hNP1_CellTiter_Lum,Manganese,0,3,0.3;1;10,uM,0,inactive,report after one more,inactive,100,0,9,3,12,33,0.5125,0.63,1,0,9,0,0,33
hNP1_CellTiter_Lum,Manganese,0,4,0.001;0.01;0.3,uM,0,inactive,report after one more,inactive,100,0,9,3,12,33,0.325,0.63,0,0,33,0,0,33
hNP1_CellTiter_Lum,Paraquat,0,0,0.001;0.003;3,uM,0,inactive,report after one more,inactive,100,0,9,3,12,33,0.2375,0.63,0,0,33,1,0,9
hNP1_CellTiter_Lum,Paraquat,0,1,0.3;1;3,uM,0,inactive,report after one more,inactive,100,0,9,3,12,33,0.325,0.63,0,0,33,1,0,9
hNP1_CellTiter_Lum,Paraquat,0,2,0.03;10;100,uM,1,inactive,complete,,0.001,0,9,3,33,33,0.6125,0.63,1,0,9,0,0,33
hNP1_CellTiter_Lum,Paraquat,0,3,0.03;1;3,uM,0,inactive,complete,,100,0,9,3,33,33,0.325,0.63,0,0,33,0,0,33
hNP1_CellTiter_Lum,Paraquat,0,4,0.003;0.01;10,uM,0,inactive,report after one more,inactive,100,0,9,3,12,33,0.0625,0.63,0,0,33,1,0,9
hNP1_CellTiter_Lum,Sodium Benzoate,0,0,0.001;0.01;10,uM,0,active,complete,,100,0,9,3,33,33,0.25,0.63,0,0,33,0,0,33
hNP1_CellTiter_Lum,Sodium Benzoate,0,1,0.03;3;10,uM,0,active,complete,,100,0,9,3,33,33,0.25,0.63,0,0,33,0,0,33
hNP1_CellTiter_Lum,Sodium Benzoate,0,2,0.001;0.1;10,uM,0,active,complete,,100,0,9,3,33,33,0.25,0.63,0,0,33,0,0,33
hNP1_CellTiter_Lum,Sodium Benzoate,0,3,0.3;1;30,uM,0,active,complete,,100,0,9,3,33,33,0.45,0.63,0,0,33,0,0,33
hNP1_CellTiter_Lum,Sodium Benzoate,0,4,0.03;0.3;100,uM,1,active,complete,,30,0,9,3,33,33,0.325,0.63,0,0,33,0,0,33
hNP1_CellTiter_Lum,Aminonicotinimide,1,0,0.003;0.1;0.3,uM,0,active,complete,,100,0,9,3,33,33,0.0,0.51,0,0,33,0,0,33
hNP1_CellTiter_Lum,Aminonicotinimide,1,1,0.001;0.003;1,uM,0,active,complete,,100,0,9,3,33,33,0.070588,0.51,0,0,33,0,0,33
hNP1_CellTiter_Lum,Aminonicotinimide,1,2,0.03;0.1;10,uM,0,active,complete,,1,0,9,3,33,33,0.070588,0.51,0,0,33,0,0,33
hNP1_CellTiter_Lum,Aminonicotinimide,1,3,0.001;0.01;0.03,uM,0,active,complete,,100,0,9,3,33,33,0.152941,0.51,0,0,33,0,0,33
hNP1_CellTiter_Lum,Aminonicotinimide,1,4,1;3;10,uM,0,active,complete,,0.03,0,9,3,33,33,0.070588,0.51,0,0,33,0,0,33
hNP1_CellTiter_Lum,Amphetamine,1,0,0.003;3;100,uM,1,inactive,complete,,10,0,9,3,33,33,0.129412,0.51,0,0,33,0,0,33
hNP1_CellTiter_Lum,Amphetamine,1,1,0.003;0.01;10,uM,0,inactive,complete,,100,0,9,3,33,33,0.211765,0.51,0,0,33,0,0,33
hNP1_CellTiter_Lum,Amphetamine,1,2,0.01;3;30,uM,0,inactive,complete,,100,0,9,3,33,33,0.152941,0.51,0,0,33,0,0,33
hNP1_CellTiter_Lum,Amphetamine,1,3,0.001;0.3;3,uM,0,inactive,report at three,inactive,,0,9,0,9,33,0.517647,0.51,1,0,9,0,0,33
hNP1_CellTiter_Lum,Amphetamine,1,4,0.01;0.1;3,uM,0,inactive,complete,,100,0,9,3,33,33,0.188235,0.51,0,0,33,0,0,33
hNP1_CellTiter_Lum,Caffeine,1,0,0.001;0.01;1,uM,0,inactive,complete,,100,0,9,3,33,33,0.388235,0.51,0,0,33,0,0,33
hNP1_CellTiter_Lum,Caffeine,1,1,0.001;0.003;10,uM,0,inactive,complete,,100,0,9,3,33,33,0.305882,0.51,0,0,33,0,0,33
hNP1_CellTiter_Lum,Caffeine,1,2,0.1;10;100,uM,1,inactive,complete,,30,0,9,3,33,33,0.129412,0.51,0,0,33,0,0,33
hNP1_CellTiter_Lum,Caffeine,1,3,0.003;0.03;1,uM,0,inactive,complete,,100,0,9,3,33,33,0.152941,0.51,0,0,33,0,0,33
hNP1_CellTiter_Lum,Caffeine,1,4,0.003;1;10,uM,0,inactive,complete,,100,0,9,3,33,33,0.070588,0.51,0,0,33,0,0,33
hNP1_CellTiter_Lum,Colchicine,1,0,0.01;0.1;100,uM,1,active,complete,,3,0,9,3,33,33,0.358824,0.51,0,0,33,0,0,33
hNP1_CellTiter_Lum,Colchicine,1,1,0.01;0.3;30,uM,0,active,complete,,0.1,0,9,3,33,33,0.358824,0.51,0,0,33,0,0,33
hNP1_CellTiter_Lum,Colchicine,1,2,1;3;10,uM,0,active,complete,,0.003,0,9,3,33,33,0.411765,0.51,0,0,33,0,0,33
hNP1_CellTiter_Lum,Colchicine,1,3,0.1;3;100,uM,1,active,complete,,0.003,0,9,3,33,33,0.358824,0.51,0,0,33,0,0,33
hNP1_CellTiter_Lum,Colchicine,1,4,0.01;3;10,uM,0,active,complete,,0.1,0,9,3,33,33,0.435294,0.51,1,0,9,0,0,33
hNP1_CellTiter_Lum,Dimethoate,1,0,0.03;3;10,uM,0,inactive,complete,,100,0,9,3,33,33,0.482353,0.51,1,0,9,0,0,33
hNP1_CellTiter_Lum,Dimethoate,1,1,0.01;3;100,uM,1,inactive,complete,,0.003,0,9,3,33,33,0.494118,0.51,1,0,9,0,0,33
hNP1_CellTiter_Lum,Dimethoate,1,2,0.03;10;100,uM,1,inactive,complete,,0.001,0,9,3,33,33,0.505882,0.51,1,0,9,0,0,33
hNP1_CellTiter_Lum,Dimethoate,1,3,0.3;3;30,uM,0,inactive,complete,,0.003,0,9,3,33,33,0.458824,0.51,1,0,9,0,0,33
hNP1_CellTiter_Lum,Dimethoate,1,4,0.01;1;30,uM,0,inactive,report after one more,inactive,100,0,9,3,12,33,0.117647,0.51,0,0,33,1,0,9
hNP1_CellTiter_Lum,Fluconazole,1,0,0.001;0.003;0.01,uM,0,inactive,complete,,100,0,9,3,33,33,0.152941,0.51,0,0,33,0,0,33
hNP1_CellTiter_Lum,Fluconazole,1,1,1;30;100,uM,1,inactive,report at three,inactive,,0,9,0,9,33,0.529412,0.51,1,0,9,0,0,33
hNP1_CellTiter_Lum,Fluconazole,1,2,0.1;1;100,uM,1,inactive,report at three,inactive,,0,9,0,9,33,0.529412,0.51,1,0,9,0,0,33
hNP1_CellTiter_Lum,Fluconazole,1,3,0.1;1;10,uM,0,inactive,complete,,100,0,9,3,33,33,0.270588,0.51,0,0,33,0,0,33
hNP1_CellTiter_Lum,Fluconazole,1,4,0.3;3;10,uM,0,inactive,complete,,100,0,9,3,33,33,0.047059,0.51,0,0,33,0,0,33
hNP1_CellTiter_Lum,Hexachlorophene,1,0,0.003;0.1;30,uM,0,active,complete,,3,0,9,3,33,33,0.358824,0.51,0,0,33,0,0,33
hNP1_CellTiter_Lum,Hexachlorophene,1,1,1;3;10,uM,0,active,complete,,100,0,9,3,33,33,0.305882,0.51,0,0,33,0,0,33
hNP1_CellTiter_Lum,Hexachlorophene,1,2,3;10;30,uM,0,active,complete,,0.03,0,9,3,33,33,0.358824,0.51,0,0,33,0,0,33
hNP1_CellTiter_Lum,Hexachlorophene,1,3,0.03;1;10,uM,0,active,complete,,100,0,9,3,33,33,0.305882,0.51,0,0,33,0,0,33
hNP1_CellTiter_Lum,Hexachlorophene,1,4,0.003;0.3;1,uM,0,active,complete,,100,0,9,3,33,33,0.223529,0.51,0,0,33,0,0,33
hNP1_CellTiter_Lum,Sodium Fluoride,1,0,0.03;0.3;30,uM,0,inactive,complete,,0.001,0,9,3,33,33,0.411765,0.51,0,0,33,0,0,33
hNP1_CellTiter_Lum,Sodium Fluoride,1,1,0.001;0.3;100,uM,1,inactive,complete,,30,0,9,3,33,33,0.364706,0.51,0,0,33,0,0,33
hNP1_CellTiter_Lum,Sodium Fluoride,1,2,0.03;0.1;0.3,uM,0,inactive,complete,,100,0,9,3,33,33,0.058824,0.51,0,0,33,0,0,33
hNP1_CellTiter_Lum,Sodium Fluoride,1,3,3;30;100,uM,1,inactive,complete,,0.001,0,9,3,33,33,0.364706,0.51,0,0,33,0,0,33
hNP1_CellTiter_Lum,Sodium Fluoride,1,4,0.001;1;3,uM,0,inactive,complete,,100,0,9,3,33,33,0.435294,0.51,1,0,9,0,0,33
hNP1_CellTiter_Lum,Bis(tri-n-butyltin) oxide,2,0,0.01;0.03;0.3,uM,0,active,complete,,1,0,9,3,21,21,0.4,0.46,0,0,21,0,0,21
hNP1_CellTiter_Lum,Bis(tri-n-butyltin) oxide,2,1,0.001;0.01;0.1,uM,0,active,complete,,0.3,0,9,3,21,21,0.4,0.46,0,0,21,0,0,21
hNP1_CellTiter_Lum,Bis(tri-n-butyltin) oxide,2,2,0.01;0.1;1,uM,1,active,complete,,0.03,0,9,3,21,21,0.4,0.46,0,0,21,0,0,21
hNP1_CellTiter_Lum,Bis(tri-n-butyltin) oxide,2,3,0.003;0.03;1,uM,1,active,complete,,0.3,0,9,3,21,21,0.4,0.46,0,0,21,0,0,21
hNP1_CellTiter_Lum,Bis(tri-n-butyltin) oxide,2,4,0.03;0.3;1,uM,1,active,complete,,0.001,0,9,3,21,21,0.4,0.46,0,0,21,0,0,21
hNP1_CellTiter_Lum,Cotinine,2,0,0.1;0.3;3,uM,0,active,complete,,100,0,9,3,33,33,0.105882,0.46,0,0,33,0,0,33
hNP1_CellTiter_Lum,Cotinine,2,1,0.003;0.3;3,uM,0,active,complete,,100,0,9,3,33,33,0.047059,0.46,0,0,33,0,0,33
hNP1_CellTiter_Lum,Cotinine,2,2,0.01;0.3;30,uM,0,active,complete,,0.001,0,9,3,33,33,0.211765,0.46,0,0,33,0,0,33
hNP1_CellTiter_Lum,Cotinine,2,3,0.03;0.3;1,uM,0,active,complete,,100,0,9,3,33,33,0.141176,0.46,0,0,33,0,0,33
hNP1_CellTiter_Lum,Cotinine,2,4,0.001;30;100,uM,1,active,complete,,0.003,0,9,3,33,33,0.141176,0.46,0,0,33,0,0,33
hNP1_CellTiter_Lum,Heptachlor,2,0,0.003;1;3,uM,0,active,report at three,inactive,,1,9,0,9,33,0.505882,0.46,1,1,9,0,0,33
hNP1_CellTiter_Lum,Heptachlor,2,1,0.001;30;100,uM,1,active,complete,,0.1,0,9,3,33,33,0.4,0.46,0,0,33,0,0,33
hNP1_CellTiter_Lum,Heptachlor,2,2,0.3;30;100,uM,1,active,complete,,10,0,9,3,33,33,0.4,0.46,0,0,33,0,0,33
hNP1_CellTiter_Lum,Heptachlor,2,3,0.001;0.03;3,uM,0,active,report at three,inactive,,1,9,0,9,33,0.505882,0.46,1,1,9,1,1,9
hNP1_CellTiter_Lum,Heptachlor,2,4,0.001;0.03;0.1,uM,0,active,complete,,100,0,9,3,33,33,0.152941,0.46,0,0,33,1,1,9
hNP1_CellTiter_Lum,Heptachlor epoxide,2,0,0.001;0.1;10,uM,0,active,complete,,100,0,9,3,33,33,0.341176,0.46,0,0,33,0,0,33
hNP1_CellTiter_Lum,Heptachlor epoxide,2,1,0.003;0.01;0.1,uM,0,active,complete,,30,0,9,3,33,33,0.341176,0.46,0,0,33,0,0,33
hNP1_CellTiter_Lum,Heptachlor epoxide,2,2,0.001;1;100,uM,1,active,complete,,30,0,9,3,33,33,0.4,0.46,0,0,33,0,0,33
hNP1_CellTiter_Lum,Heptachlor epoxide,2,3,0.01;0.1;30,uM,0,active,complete,,10,0,9,3,33,33,0.4,0.46,0,0,33,0,0,33
hNP1_CellTiter_Lum,Heptachlor epoxide,2,4,0.001;0.003;3,uM,0,active,complete,,100,0,9,3,33,33,0.058824,0.46,0,0,33,0,0,33
hNP1_CellTiter_Lum,Isoniazid,2,0,0.003;3;30,uM,0,inactive,complete,,0.001,0,9,3,33,33,0.141176,0.46,0,0,33,0,0,33
hNP1_CellTiter_Lum,Isoniazid,2,1,0.03;0.3;10,uM,0,inactive,complete,,100,0,9,3,33,33,0.047059,0.46,0,0,33,0,0,33
hNP1_CellTiter_Lum,Isoniazid,2,2,0.003;1;3,uM,0,inactive,complete,,0.001,0,9,3,33,33,0.141176,0.46,0,0,33,0,0,33
hNP1_CellTiter_Lum,Isoniazid,2,3,0.001;10;100,uM,1,inactive,complete,,30,0,9,3,33,33,0.258824,0.46,0,0,33,0,0,33
hNP1_CellTiter_Lum,Isoniazid,2,4,0.003;0.03;3,uM,0,inactive,complete,,0.001,0,9,3,33,33,0.141176,0.46,0,0,33,0,0,33
hNP1_CellTiter_Lum,Naloxone,2,0,0.01;0.1;10,uM,0,inactive,complete,,100,0,9,3,33,33,0.235294,0.46,0,0,33,0,0,33
hNP1_CellTiter_Lum,Naloxone,2,1,0.001;0.003;10,uM,0,inactive,complete,,100,0,9,3,33,33,0.435294,0.46,1,0,9,0,0,33
hNP1_CellTiter_Lum,Naloxone,2,2,0.01;0.3;3,uM,0,inactive,complete,,100,0,9,3,33,33,0.094118,0.46,0,0,33,0,0,33
hNP1_CellTiter_Lum,Naloxone,2,3,0.1;0.3;30,uM,0,inactive,complete,,100,0,9,3,33,33,0.341176,0.46,0,0,33,0,0,33
hNP1_CellTiter_Lum,Naloxone,2,4,0.03;10;100,uM,1,inactive,complete,,0.1,0,9,3,33,33,0.447059,0.46,1,0,9,0,0,33
hNP1_CellTiter_Lum,Permethrin,2,0,0.003;1;30,uM,0,active,complete,,100,0,9,3,33,33,0.341176,0.46,0,0,33,0,0,33
hNP1_CellTiter_Lum,Permethrin,2,1,0.1;0.3;10,uM,0,active,complete,,100,0,9,3,33,33,0.011765,0.46,0,0,33,1,1,9
hNP1_CellTiter_Lum,Permethrin,2,2,0.03;3;10,uM,0,active,complete,,100,0,9,3,33,33,0.235294,0.46,0,0,33,0,0,33
hNP1_CellTiter_Lum,Permethrin,2,3,0.01;0.1;3,uM,0,active,complete,,100,0,9,3,33,33,0.141176,0.46,0,0,33,0,0,33
hNP1_CellTiter_Lum,Permethrin,2,4,0.001;1;100,uM,1,active,complete,,10,0,9,3,33,33,0.317647,0.46,0,0,33,0,0,33
hNP1_CellTiter_Lum,Triethyltin,2,0,0.01;0.1;1,uM,0,active,complete,,10,0,9,3,27,27,0.341176,0.46,0,0,27,0,0,27
hNP1_CellTiter_Lum,Triethyltin,2,1,0.003;0.1;1,uM,0,active,complete,,10,0,9,3,27,27,0.341176,0.46,0,0,27,0,0,27
hNP1_CellTiter_Lum,Triethyltin,2,2,0.001;0.1;3,uM,0,active,complete,,10,0,9,3,27,27,0.376471,0.46,0,0,27,0,0,27
hNP1_CellTiter_Lum,Triethyltin,2,3,0.3;3;10,uM,1,active,complete,,1,0,9,3,27,27,0.376471,0.46,0,0,27,0,0,27
hNP1_CellTiter_Lum,Triethyltin,2,4,0.001;0.003;0.1,uM,0,active,complete,,10,0,9,3,27,27,0.258824,0.46,0,0,27,0,0,27
hNP1_CellTiter_Lum,Aldicarb,3,0,0.1;0.3;10,uM,0,inactive,complete,,100,0,9,3,33,33,0.541176,0.55,1,0,9,0,0,33
hNP1_CellTiter_Lum,Aldicarb,3,1,0.01;0.3;30,uM,0,inactive,complete,,100,0,9,3,33,33,0.282353,0.55,0,0,33,0,0,33
hNP1_CellTiter_Lum,Aldicarb,3,2,0.03;0.1;100,uM,1,inactive,complete,,10,0,9,3,33,33,0.388235,0.55,0,0,33,0,0,33
hNP1_CellTiter_Lum,Aldicarb,3,3,0.03;0.3;1,uM,0,inactive,complete,,100,0,9,3,33,33,0.141176,0.55,0,0,33,0,0,33
hNP1_CellTiter_Lum,Aldicarb,3,4,0.03;0.1;3,uM,0,inactive,complete,,100,0,9,3,33,33,0.117647,0.55,0,0,33,1,0,9
hNP1_CellTiter_Lum,Captopril,3,0,0.001;0.3;30,uM,0,inactive,complete,,100,0,9,3,33,33,0.329412,0.55,0,0,33,0,0,33
hNP1_CellTiter_Lum,Captopril,3,1,0.003;10;30,uM,0,inactive,complete,,0.001,0,9,3,33,33,0.317647,0.55,0,0,33,0,0,33
hNP1_CellTiter_Lum,Captopril,3,2,0.01;0.1;1,uM,0,inactive,complete,,30,0,9,3,33,33,0.329412,0.55,0,0,33,0,0,33
hNP1_CellTiter_Lum,Captopril,3,3,0.001;0.003;0.01,uM,0,inactive,complete,,100,0,9,3,33,33,0.211765,0.55,0,0,33,0,0,33
hNP1_CellTiter_Lum,Captopril,3,4,0.01;0.03;0.3,uM,0,inactive,complete,,100,0,9,3,33,33,0.541176,0.55,1,0,9,1,0,9
hNP1_CellTiter_Lum,Fluoxetine,3,0,0.001;0.003;100,uM,1,active,complete,,3,0,9,3,33,33,0.370588,0.55,0,0,33,0,0,33
hNP1_CellTiter_Lum,Fluoxetine,3,1,0.03;0.3;3,uM,0,active,complete,,100,0,9,3,33,33,0.117647,0.55,0,0,33,0,0,33
hNP1_CellTiter_Lum,Fluoxetine,3,2,0.1;10;100,uM,1,active,complete,,30,0,9,3,33,33,0.370588,0.55,0,0,33,0,0,33
hNP1_CellTiter_Lum,Fluoxetine,3,3,0.003;0.1;10,uM,0,active,complete,,100,0,9,3,33,33,0.294118,0.55,0,0,33,0,0,33
hNP1_CellTiter_Lum,Fluoxetine,3,4,0.003;0.1;0.3,uM,0,active,complete,,30,0,9,3,33,33,0.317647,0.55,0,0,33,0,0,33
hNP1_CellTiter_Lum,Methotrexate,3,0,0.03;10;100,uM,1,inactive,complete,,0.001,0,9,3,33,33,0.505882,0.55,1,0,9,0,0,33
hNP1_CellTiter_Lum,Methotrexate,3,1,0.03;0.3;100,uM,1,inactive,complete,,0.001,0,9,3,33,33,0.505882,0.55,1,0,9,0,0,33
hNP1_CellTiter_Lum,Methotrexate,3,2,0.001;0.01;0.3,uM,0,inactive,complete,,100,0,9,3,33,33,0.094118,0.55,0,0,33,0,0,33
hNP1_CellTiter_Lum,Methotrexate,3,3,0.003;0.01;0.03,uM,0,inactive,complete,,100,0,9,3,33,33,0.176471,0.55,0,0,33,0,0,33
hNP1_CellTiter_Lum,Methotrexate,3,4,0.001;0.1;30,uM,0,inactive,complete,,0.003,0,9,3,33,33,0.011765,0.55,0,0,33,0,0,33
hNP1_CellTiter_Lum,Sodium Arsenite,3,0,0.001;0.003;30,uM,0,active,complete,,1,0,9,3,33,33,0.370588,0.55,0,0,33,0,0,33
hNP1_CellTiter_Lum,Sodium Arsenite,3,1,0.3;1;30,uM,0,active,complete,,10,0,9,3,33,33,0.370588,0.55,0,0,33,0,0,33
hNP1_CellTiter_Lum,Sodium Arsenite,3,2,0.03;0.3;30,uM,0,active,complete,,10,0,9,3,33,33,0.370588,0.55,0,0,33,0,0,33
hNP1_CellTiter_Lum,Sodium Arsenite,3,3,0.01;3;10,uM,0,active,complete,,30,0,9,3,33,33,0.370588,0.55,0,0,33,0,0,33
hNP1_CellTiter_Lum,Sodium Arsenite,3,4,10;30;100,uM,1,active,complete,,0.001,0,9,3,33,33,0.370588,0.55,0,0,33,0,0,33
hNP1_CellTiter_Lum,Tebuconazole,3,0,10;30;100,uM,1,active,complete,,3,0,9,3,33,33,0.317647,0.55,0,0,33,0,0,33
hNP1_CellTiter_Lum,Tebuconazole,3,1,1;3;10,uM,0,active,complete,,100,0,9,3,33,33,0.082353,0.55,0,0,33,0,0,33
hNP1_CellTiter_Lum,Tebuconazole,3,2,0.003;0.03;10,uM,0,active,complete,,100,0,9,3,33,33,0.105882,0.55,0,0,33,0,0,33
hNP1_CellTiter_Lum,Tebuconazole,3,3,0.001;0.3;1,uM,0,active,complete,,100,0,9,3,33,33,0.388235,0.55,0,0,33,0,0,33
hNP1_CellTiter_Lum,Tebuconazole,3,4,0.001;0.03;0.3,uM,0,active,complete,,100,0,9,3,33,33,0.364706,0.55,0,0,33,0,0,33
hNP1_CellTiter_Lum,Thalidomide,3,0,0.003;0.01;10,uM,0,active,complete,,100,0,9,3,33,33,0.282353,0.55,0,0,33,0,0,33
hNP1_CellTiter_Lum,Thalidomide,3,1,1;3;10,uM,0,active,complete,,100,0,9,3,33,33,0.129412,0.55,0,0,33,0,0,33
hNP1_CellTiter_Lum,Thalidomide,3,2,0.1;0.3;3,uM,0,active,complete,,100,0,9,3,33,33,0.129412,0.55,0,0,33,0,0,33
hNP1_CellTiter_Lum,Thalidomide,3,3,0.3;3;100,uM,1,active,complete,,30,0,9,3,33,33,0.258824,0.55,0,0,33,0,0,33
hNP1_CellTiter_Lum,Thalidomide,3,4,0.01;0.1;30,uM,0,active,complete,,100,0,9,3,33,33,0.282353,0.55,0,0,33,0,0,33
hNP1_CellTiter_Lum,Valproate,3,0,0.03;0.3;1,uM,0,active,complete,,100,0,9,3,33,33,0.2,0.55,0,0,33,0,0,33
hNP1_CellTiter_Lum,Valproate,3,1,0.3;1;30,uM,0,active,complete,,3000,0,9,3,33,33,0.105882,0.55,0,0,33,0,0,33
hNP1_CellTiter_Lum,Valproate,3,2,10;100;300,uM,0,active,complete,,3000,0,9,3,33,33,0.4,0.55,0,0,33,0,0,33
hNP1_CellTiter_Lum,Valproate,3,3,0.03;100;300,uM,0,active,complete,,3000,0,9,3,33,33,0.2,0.55,0,0,33,0,0,33
hNP1_CellTiter_Lum,Valproate,3,4,30;300;3000,uM,1,active,complete,,1000,0,9,3,33,33,0.329412,0.55,0,0,33,0,0,33
hNP1_CellTiter_Lum,Chloramben,4,0,0.01;0.03;0.1,uM,0,inactive,complete,,100,0,9,3,33,33,0.352941,0.57,0,0,33,0,0,33
hNP1_CellTiter_Lum,Chloramben,4,1,0.03;0.3;30,uM,0,inactive,complete,,100,0,9,3,33,33,0.188235,0.57,0,0,33,0,0,33
hNP1_CellTiter_Lum,Chloramben,4,2,0.003;10;100,uM,1,inactive,complete,,0.001,0,9,3,33,33,0.152941,0.57,0,0,33,0,0,33
hNP1_CellTiter_Lum,Chloramben,4,3,0.003;0.03;100,uM,1,inactive,complete,,0.001,0,9,3,33,33,0.152941,0.57,0,0,33,0,0,33
hNP1_CellTiter_Lum,Chloramben,4,4,0.001;3;10,uM,0,inactive,complete,,100,0,9,3,33,33,0.341176,0.57,0,0,33,0,0,33
hNP1_CellTiter_Lum,Chlordiazepoxide,4,0,0.001;0.03;1,uM,0,active,complete,,100,0,9,3,33,33,0.376471,0.57,0,0,33,0,0,33
hNP1_CellTiter_Lum,Chlordiazepoxide,4,1,0.003;30;100,uM,1,active,complete,,3,0,9,3,33,33,0.352941,0.57,0,0,33,0,0,33
hNP1_CellTiter_Lum,Chlordiazepoxide,4,2,0.03;10;100,uM,1,active,complete,,30,0,9,3,33,33,0.352941,0.57,0,0,33,0,0,33
hNP1_CellTiter_Lum,Chlordiazepoxide,4,3,0.3;10;100,uM,1,active,complete,,30,0,9,3,33,33,0.352941,0.57,0,0,33,0,0,33
hNP1_CellTiter_Lum,Chlordiazepoxide,4,4,0.1;0.3;30,uM,0,active,complete,,10,0,9,3,33,33,0.4,0.57,0,0,33,0,0,33
hNP1_CellTiter_Lum,Chlorpromazine,4,0,10;30;100,uM,1,active,complete,,0.3,0,9,3,33,33,0.352941,0.57,0,0,33,0,0,33
hNP1_CellTiter_Lum,Chlorpromazine,4,1,0.001;0.3;1,uM,0,active,complete,,100,0,9,3,33,33,0.564706,0.57,1,1,9,0,0,33
hNP1_CellTiter_Lum,Chlorpromazine,4,2,0.001;1;100,uM,1,active,complete,,10,0,9,3,33,33,0.352941,0.57,0,0,33,0,0,33
hNP1_CellTiter_Lum,Chlorpromazine,4,3,0.001;0.3;3,uM,0,active,complete,,100,0,9,3,33,33,0.564706,0.57,1,1,9,0,0,33
hNP1_CellTiter_Lum,Chlorpromazine,4,4,1;3;100,uM,1,active,complete,,30,0,9,3,33,33,0.352941,0.57,0,0,33,0,0,33
hNP1_CellTiter_Lum,Dicrotophos,4,0,0.001;0.003;100,uM,1,inactive,complete,,3,0,9,3,33,33,0.505882,0.57,1,0,9,0,0,33
hNP1_CellTiter_Lum,Dicrotophos,4,1,0.001;0.3;1,uM,0,inactive,complete,,100,0,9,3,33,33,0.294118,0.57,0,0,33,0,0,33
hNP1_CellTiter_Lum,Dicrotophos,4,2,0.01;0.3;3,uM,0,inactive,complete,,100,0,9,3,33,33,0.270588,0.57,0,0,33,0,0,33
hNP1_CellTiter_Lum,Dicrotophos,4,3,0.001;0.01;3,uM,0,inactive,complete,,100,0,9,3,33,33,0.223529,0.57,0,0,33,0,0,33
hNP1_CellTiter_Lum,Dicrotophos,4,4,0.003;0.3;100,uM,1,inactive,complete,,0.001,0,9,3,33,33,0.552941,0.57,1,0,9,0,0,33
hNP1_CellTiter_Lum,Diethylene Glycol,4,0,0.003;10;100,uM,1,inactive,complete,,0.001,0,9,3,33,33,0.505882,0.57,1,0,9,0,0,33
hNP1_CellTiter_Lum,Diethylene Glycol,4,1,0.01;0.3;10,uM,0,inactive,complete,,0.001,0,9,3,33,33,0.129412,0.57,0,0,33,0,0,33
hNP1_CellTiter_Lum,Diethylene Glycol,4,2,0.3;3;30,uM,0,inactive,complete,,0.001,0,9,3,33,33,0.341176,0.57,0,0,33,0,0,33
hNP1_CellTiter_Lum,Diethylene Glycol,4,3,0.01;0.3;3,uM,0,inactive,complete,,0.001,0,9,3,33,33,0.141176,0.57,0,0,33,0,0,33
hNP1_CellTiter_Lum,Diethylene Glycol,4,4,0.03;1;3,uM,0,inactive,complete,,100,0,9,3,33,33,0.294118,0.57,0,0,33,0,0,33
hNP1_CellTiter_Lum,PBDE-47,4,0,0.001;0.03;30,uM,1,active,complete,,1,0,9,3,30,30,0.352941,0.57,0,0,30,0,0,30
hNP1_CellTiter_Lum,PBDE-47,4,1,0.001;0.3;3,uM,0,active,complete,,30,0,9,3,30,30,0.552941,0.57,1,1,9,1,1,9
hNP1_CellTiter_Lum,PBDE-47,4,2,0.003;0.1;30,uM,1,active,complete,,3,0,9,3,30,30,0.352941,0.57,0,0,30,0,0,30
hNP1_CellTiter_Lum,PBDE-47,4,3,0.001;0.01;10,uM,0,active,complete,,30,0,9,3,30,30,0.505882,0.57,1,1,9,0,0,30
hNP1_CellTiter_Lum,PBDE-47,4,4,0.001;0.1;3,uM,0,active,complete,,30,0,9,3,30,30,0.552941,0.57,1,1,9,0,0,30
hNP1_CellTiter_Lum,Phenobarbital,4,0,0.3;3;10,uM,0,inactive,complete,,100,0,9,3,33,33,0.023529,0.57,0,0,33,0,0,33
hNP1_CellTiter_Lum,Phenobarbital,4,1,0.1;3;10,uM,0,inactive,complete,,100,0,9,3,33,33,0.094118,0.57,0,0,33,0,0,33
hNP1_CellTiter_Lum,Phenobarbital,4,2,0.01;0.1;1,uM,0,inactive,complete,,30,0,9,3,33,33,0.152941,0.57,0,0,33,0,0,33
hNP1_CellTiter_Lum,Phenobarbital,4,3,0.03;0.1;10,uM,0,inactive,complete,,100,0,9,3,33,33,0.2,0.57,0,0,33,0,0,33
hNP1_CellTiter_Lum,Phenobarbital,4,4,0.001;0.1;30,uM,0,inactive,complete,,100,0,9,3,33,33,0.294118,0.57,0,0,33,0,0,33
hNP1_CellTiter_Lum,Phenol,4,0,0.01;0.3;10,uM,0,inactive,complete,,100,0,9,3,33,33,0.2,0.57,0,0,33,0,0,33
hNP1_CellTiter_Lum,Phenol,4,1,0.01;0.3;100,uM,1,inactive,complete,,30,0,9,3,33,33,0.117647,0.57,0,0,33,0,0,33
hNP1_CellTiter_Lum,Phenol,4,2,0.03;3;10,uM,0,inactive,complete,,100,0,9,3,33,33,0.023529,0.57,0,0,33,0,0,33
hNP1_CellTiter_Lum,Phenol,4,3,0.03;1;3,uM,0,inactive,complete,,100,0,9,3,33,33,0.164706,0.57,0,0,33,0,0,33
hNP1_CellTiter_Lum,Phenol,4,4,0.001;0.1;100,uM,1,inactive,complete,,30,0,9,3,33,33,0.141176,0.57,0,0,33,0,0,33
