compound,endpoint,method,policy,truth_reduction,full_count,hidden_count,terminal_branches,hidden_used,hidden_used_exact,measured_used,measured_used_exact,saved,saved_exact,early,early_exact,wrong,wrong_exact,early_wrong,early_wrong_exact,reduction,reduction_exact,decision,requests
Chlorpromazine,ALBUMIN,selected,frozen_action,False,7,4,1,4.0,4,7.0,7,0.0,0,0.0,0,0.0,0,0.0,0,0.0,0,report_no_reduction,313.54241298418987|1.0172024731297098|100.57015878235909|10.11435683750891
Chlorpromazine,ALBUMIN,selected,uniform_random,False,7,4,24,4.0,4,7.0,7,0.0,0,0.0,0,0.0,0,0.0,0,0.0,0,exact_distribution,see steps.csv and terminal_paths.csv
Chlorpromazine,ALBUMIN,selected,log_maximin,False,7,4,1,4.0,4,7.0,7,0.0,0,0.0,0,0.0,0,0.0,0,0.0,0,report_no_reduction,313.54241298418987|1.0172024731297098|100.57015878235909|10.11435683750891
Chlorpromazine,ALBUMIN,selected,lowest_unmeasured,False,7,4,1,4.0,4,7.0,7,0.0,0,0.0,0,0.0,0,0.0,0,0.0,0,report_no_reduction,1.0172024731297098|10.11435683750891|100.57015878235909|313.54241298418987
Chlorpromazine,ALBUMIN,selected,highest_unmeasured,False,7,4,1,4.0,4,7.0,7,0.0,0,0.0,0,0.0,0,0.0,0,0.0,0,report_no_reduction,313.54241298418987|100.57015878235909|10.11435683750891|1.0172024731297098
Chlorpromazine,VIABILITY,selected,frozen_action,True,7,4,1,1.0,1,4.0,4,3.0,3,1.0,1,0.0,0,0.0,0,1.0,1,report_reduction,315.3166233554365
Chlorpromazine,VIABILITY,selected,uniform_random,True,7,4,10,1.6666666666666667,5/3,4.666666666666667,14/3,2.3333333333333335,7/3,1.0,1,0.0,0,0.0,0,1.0,1,exact_distribution,see steps.csv and terminal_paths.csv
Chlorpromazine,VIABILITY,selected,log_maximin,True,7,4,1,1.0,1,4.0,4,3.0,3,1.0,1,0.0,0,0.0,0,1.0,1,report_reduction,315.3166233554365
Chlorpromazine,VIABILITY,selected,lowest_unmeasured,True,7,4,1,3.0,3,6.0,6,1.0,1,1.0,1,0.0,0,0.0,0,1.0,1,report_reduction,1.0057875736205835|10.116086432495807|99.42457296427418
Chlorpromazine,VIABILITY,selected,highest_unmeasured,True,7,4,1,1.0,1,4.0,4,3.0,3,1.0,1,0.0,0,0.0,0,1.0,1,report_reduction,315.3166233554365
Dexamethasone,ALBUMIN,selected,frozen_action,True,7,4,1,1.0,1,4.0,4,3.0,3,1.0,1,0.0,0,0.0,0,1.0,1,report_reduction,100.57015878235909
Dexamethasone,ALBUMIN,selected,uniform_random,True,7,4,16,2.5,5/2,5.5,11/2,1.5,3/2,0.75,3/4,0.0,0,0.0,0,1.0,1,exact_distribution,see steps.csv and terminal_paths.csv
Dexamethasone,ALBUMIN,selected,log_maximin,True,7,4,1,1.0,1,4.0,4,3.0,3,1.0,1,0.0,0,0.0,0,1.0,1,report_reduction,100.57015878235909
Dexamethasone,ALBUMIN,selected,lowest_unmeasured,True,7,4,1,4.0,4,7.0,7,0.0,0,0.0,0,0.0,0,0.0,0,1.0,1,report_reduction,0.4003770135496092|3.31885022930779|31.533010258823953|100.57015878235909
Dexamethasone,ALBUMIN,selected,highest_unmeasured,True,7,4,1,1.0,1,4.0,4,3.0,3,1.0,1,0.0,0,0.0,0,1.0,1,report_reduction,100.57015878235909
Dexamethasone,VIABILITY,selected,frozen_action,False,7,4,1,4.0,4,7.0,7,0.0,0,0.0,0,0.0,0,0.0,0,0.0,0,report_no_reduction,101.20019449085433|32.19378361750495|3.3366915550634793|0.39905822769950033
Dexamethasone,VIABILITY,selected,uniform_random,False,7,4,24,4.0,4,7.0,7,0.0,0,0.0,0,0.0,0,0.0,0,0.0,0,exact_distribution,see steps.csv and terminal_paths.csv
Dexamethasone,VIABILITY,selected,log_maximin,False,7,4,1,4.0,4,7.0,7,0.0,0,0.0,0,0.0,0,0.0,0,0.0,0,report_no_reduction,101.20019449085433|32.19378361750495|3.3366915550634793|0.39905822769950033
Dexamethasone,VIABILITY,selected,lowest_unmeasured,False,7,4,1,4.0,4,7.0,7,0.0,0,0.0,0,0.0,0,0.0,0,0.0,0,report_no_reduction,0.39905822769950033|3.3366915550634793|32.19378361750495|101.20019449085433
Dexamethasone,VIABILITY,selected,highest_unmeasured,False,7,4,1,4.0,4,7.0,7,0.0,0,0.0,0,0.0,0,0.0,0,0.0,0,report_no_reduction,101.20019449085433|32.19378361750495|3.3366915550634793|0.39905822769950033
Glafenine,ALBUMIN,selected,frozen_action,True,7,4,1,1.0,1,4.0,4,3.0,3,1.0,1,0.0,0,0.0,0,1.0,1,report_reduction,320.7545602050025
Glafenine,ALBUMIN,selected,uniform_random,True,7,4,10,1.6666666666666667,5/3,4.666666666666667,14/3,2.3333333333333335,7/3,1.0,1,0.0,0,0.0,0,1.0,1,exact_distribution,see steps.csv and terminal_paths.csv
Glafenine,ALBUMIN,selected,log_maximin,True,7,4,1,1.0,1,4.0,4,3.0,3,1.0,1,0.0,0,0.0,0,1.0,1,report_reduction,320.7545602050025
Glafenine,ALBUMIN,selected,lowest_unmeasured,True,7,4,1,3.0,3,6.0,6,1.0,1,1.0,1,0.0,0,0.0,0,1.0,1,report_reduction,1.0172024731297098|10.11435683750891|100.57015878235909
Glafenine,ALBUMIN,selected,highest_unmeasured,True,7,4,1,1.0,1,4.0,4,3.0,3,1.0,1,0.0,0,0.0,0,1.0,1,report_reduction,320.7545602050025
Glafenine,VIABILITY,selected,frozen_action,False,7,4,1,4.0,4,7.0,7,0.0,0,0.0,0,0.0,0,0.0,0,0.0,0,report_no_reduction,316.22776601683796|1.0|100.0|10.0
Glafenine,VIABILITY,selected,uniform_random,False,7,4,24,4.0,4,7.0,7,0.0,0,0.0,0,0.0,0,0.0,0,0.0,0,exact_distribution,see steps.csv and terminal_paths.csv
Glafenine,VIABILITY,selected,log_maximin,False,7,4,1,4.0,4,7.0,7,0.0,0,0.0,0,0.0,0,0.0,0,0.0,0,report_no_reduction,316.22776601683796|1.0|100.0|10.0
Glafenine,VIABILITY,selected,lowest_unmeasured,False,7,4,1,4.0,4,7.0,7,0.0,0,0.0,0,0.0,0,0.0,0,0.0,0,report_no_reduction,1.0|10.0|100.0|316.22776601683796
Glafenine,VIABILITY,selected,highest_unmeasured,False,7,4,1,4.0,4,7.0,7,0.0,0,0.0,0,0.0,0,0.0,0,0.0,0,report_no_reduction,316.22776601683796|100.0|10.0|1.0
Ketoconazole,ALBUMIN,selected,frozen_action,True,7,4,1,1.0,1,4.0,4,3.0,3,1.0,1,0.0,0,0.0,0,1.0,1,report_reduction,100.0
Ketoconazole,ALBUMIN,selected,uniform_random,True,7,4,10,1.6666666666666667,5/3,4.666666666666667,14/3,2.3333333333333335,7/3,1.0,1,0.0,0,0.0,0,1.0,1,exact_distribution,see steps.csv and terminal_paths.csv
Ketoconazole,ALBUMIN,selected,log_maximin,True,7,4,1,1.0,1,4.0,4,3.0,3,1.0,1,0.0,0,0.0,0,1.0,1,report_reduction,100.0
Ketoconazole,ALBUMIN,selected,lowest_unmeasured,True,7,4,1,3.0,3,6.0,6,1.0,1,1.0,1,0.0,0,0.0,0,1.0,1,report_reduction,0.30302710828663965|3.1176485826448554|32.07545602050028
Ketoconazole,ALBUMIN,selected,highest_unmeasured,True,7,4,1,1.0,1,4.0,4,3.0,3,1.0,1,0.0,0,0.0,0,1.0,1,report_reduction,100.0
Ketoconazole,VIABILITY,selected,frozen_action,True,7,4,1,1.0,1,4.0,4,3.0,3,1.0,1,0.0,0,0.0,0,1.0,1,report_reduction,102.33520470972576
Ketoconazole,VIABILITY,selected,uniform_random,True,7,4,16,2.5,5/2,5.5,11/2,1.5,3/2,0.75,3/4,0.0,0,0.0,0,1.0,1,exact_distribution,see steps.csv and terminal_paths.csv
Ketoconazole,VIABILITY,selected,log_maximin,True,7,4,1,1.0,1,4.0,4,3.0,3,1.0,1,0.0,0,0.0,0,1.0,1,report_reduction,102.33520470972576
Ketoconazole,VIABILITY,selected,lowest_unmeasured,True,7,4,1,4.0,4,7.0,7,0.0,0,0.0,0,0.0,0,0.0,0,1.0,1,report_reduction,0.30109028437025925|3.2082312454210773|32.26799119945808|102.33520470972576
Ketoconazole,VIABILITY,selected,highest_unmeasured,True,7,4,1,1.0,1,4.0,4,3.0,3,1.0,1,0.0,0,0.0,0,1.0,1,report_reduction,102.33520470972576
Tamoxifen,ALBUMIN,selected,frozen_action,True,7,4,1,1.0,1,4.0,4,3.0,3,1.0,1,0.0,0,0.0,0,1.0,1,report_reduction,102.88348789230457
Tamoxifen,ALBUMIN,selected,uniform_random,True,7,4,10,1.6666666666666667,5/3,4.666666666666667,14/3,2.3333333333333335,7/3,1.0,1,0.0,0,0.0,0,1.0,1,exact_distribution,see steps.csv and terminal_paths.csv
Tamoxifen,ALBUMIN,selected,log_maximin,True,7,4,1,1.0,1,4.0,4,3.0,3,1.0,1,0.0,0,0.0,0,1.0,1,report_reduction,102.88348789230457
Tamoxifen,ALBUMIN,selected,lowest_unmeasured,True,7,4,1,3.0,3,6.0,6,1.0,1,1.0,1,0.0,0,0.0,0,1.0,1,report_reduction,0.30302710828663965|3.207545602050025|32.07545602050028
Tamoxifen,ALBUMIN,selected,highest_unmeasured,True,7,4,1,1.0,1,4.0,4,3.0,3,1.0,1,0.0,0,0.0,0,1.0,1,report_reduction,102.88348789230457
Tamoxifen,VIABILITY,selected,frozen_action,True,7,4,1,1.0,1,4.0,4,3.0,3,1.0,1,0.0,0,0.0,0,1.0,1,report_reduction,104.73708979594508
Tamoxifen,VIABILITY,selected,uniform_random,True,7,4,10,1.6666666666666667,5/3,4.666666666666667,14/3,2.3333333333333335,7/3,1.0,1,0.0,0,0.0,0,1.0,1,exact_distribution,see steps.csv and terminal_paths.csv
Tamoxifen,VIABILITY,selected,log_maximin,True,7,4,1,1.0,1,4.0,4,3.0,3,1.0,1,0.0,0,0.0,0,1.0,1,report_reduction,104.73708979594508
Tamoxifen,VIABILITY,selected,lowest_unmeasured,True,7,4,1,3.0,3,6.0,6,1.0,1,1.0,1,0.0,0,0.0,0,1.0,1,report_reduction,0.3036771118035459|3.2550885998350565|32.929712550971516
Tamoxifen,VIABILITY,selected,highest_unmeasured,True,7,4,1,1.0,1,4.0,4,3.0,3,1.0,1,0.0,0,0.0,0,1.0,1,report_reduction,104.73708979594508
Theophylline,ALBUMIN,selected,frozen_action,False,6,3,1,3.0,3,6.0,6,0.0,0,0.0,0,0.0,0,0.0,0,0.0,0,report_no_reduction,398.1071705534973|126.97075549188031|12.91549665014884
Theophylline,ALBUMIN,selected,uniform_random,False,6,3,6,3.0,3,6.0,6,0.0,0,0.0,0,0.0,0,0.0,0,0.0,0,exact_distribution,see steps.csv and terminal_paths.csv
Theophylline,ALBUMIN,selected,log_maximin,False,6,3,1,3.0,3,6.0,6,0.0,0,0.0,0,0.0,0,0.0,0,0.0,0,report_no_reduction,398.1071705534973|126.97075549188031|12.91549665014884
Theophylline,ALBUMIN,selected,lowest_unmeasured,False,6,3,1,3.0,3,6.0,6,0.0,0,0.0,0,0.0,0,0.0,0,0.0,0,report_no_reduction,12.91549665014884|126.97075549188031|398.1071705534973
Theophylline,ALBUMIN,selected,highest_unmeasured,False,6,3,1,3.0,3,6.0,6,0.0,0,0.0,0,0.0,0,0.0,0,0.0,0,report_no_reduction,398.1071705534973|126.97075549188031|12.91549665014884
Theophylline,VIABILITY,selected,frozen_action,False,6,3,1,3.0,3,6.0,6,0.0,0,0.0,0,0.0,0,0.0,0,0.0,0,report_no_reduction,405.2213393797473|12.814223889440841|128.14223889440828
Theophylline,VIABILITY,selected,uniform_random,False,6,3,6,3.0,3,6.0,6,0.0,0,0.0,0,0.0,0,0.0,0,0.0,0,exact_distribution,see steps.csv and terminal_paths.csv
Theophylline,VIABILITY,selected,log_maximin,False,6,3,1,3.0,3,6.0,6,0.0,0,0.0,0,0.0,0,0.0,0,0.0,0,report_no_reduction,405.2213393797473|12.814223889440841|128.14223889440828
Theophylline,VIABILITY,selected,lowest_unmeasured,False,6,3,1,3.0,3,6.0,6,0.0,0,0.0,0,0.0,0,0.0,0,0.0,0,report_no_reduction,12.814223889440841|128.14223889440828|405.2213393797473
Theophylline,VIABILITY,selected,highest_unmeasured,False,6,3,1,3.0,3,6.0,6,0.0,0,0.0,0,0.0,0,0.0,0,0.0,0,report_no_reduction,405.2213393797473|128.14223889440828|12.814223889440841
Chlorpromazine,ALBUMIN,interpolation,frozen_action,False,7,4,1,4.0,4,7.0,7,0.0,0,0.0,0,0.0,0,0.0,0,0.0,0,report_no_reduction,313.54241298418987|1.0172024731297098|100.57015878235909|10.11435683750891
Chlorpromazine,ALBUMIN,interpolation,uniform_random,False,7,4,24,4.0,4,7.0,7,0.0,0,0.0,0,0.0,0,0.0,0,0.0,0,exact_distribution,see steps.csv and terminal_paths.csv
Chlorpromazine,ALBUMIN,interpolation,log_maximin,False,7,4,1,4.0,4,7.0,7,0.0,0,0.0,0,0.0,0,0.0,0,0.0,0,report_no_reduction,313.54241298418987|1.0172024731297098|100.57015878235909|10.11435683750891
Chlorpromazine,ALBUMIN,interpolation,lowest_unmeasured,False,7,4,1,4.0,4,7.0,7,0.0,0,0.0,0,0.0,0,0.0,0,0.0,0,report_no_reduction,1.0172024731297098|10.11435683750891|100.57015878235909|313.54241298418987
Chlorpromazine,ALBUMIN,interpolation,highest_unmeasured,False,7,4,1,4.0,4,7.0,7,0.0,0,0.0,0,0.0,0,0.0,0,0.0,0,report_no_reduction,313.54241298418987|100.57015878235909|10.11435683750891|1.0172024731297098
Chlorpromazine,VIABILITY,interpolation,frozen_action,True,7,4,1,1.0,1,4.0,4,3.0,3,1.0,1,0.0,0,0.0,0,1.0,1,report_reduction,315.3166233554365
Chlorpromazine,VIABILITY,interpolation,uniform_random,True,7,4,10,1.6666666666666667,5/3,4.666666666666667,14/3,2.3333333333333335,7/3,1.0,1,0.0,0,0.0,0,1.0,1,exact_distribution,see steps.csv and terminal_paths.csv
Chlorpromazine,VIABILITY,interpolation,log_maximin,True,7,4,1,1.0,1,4.0,4,3.0,3,1.0,1,0.0,0,0.0,0,1.0,1,report_reduction,315.3166233554365
Chlorpromazine,VIABILITY,interpolation,lowest_unmeasured,True,7,4,1,3.0,3,6.0,6,1.0,1,1.0,1,0.0,0,0.0,0,1.0,1,report_reduction,1.0057875736205835|10.116086432495807|99.42457296427418
Chlorpromazine,VIABILITY,interpolation,highest_unmeasured,True,7,4,1,1.0,1,4.0,4,3.0,3,1.0,1,0.0,0,0.0,0,1.0,1,report_reduction,315.3166233554365
Dexamethasone,ALBUMIN,interpolation,frozen_action,True,7,4,1,1.0,1,4.0,4,3.0,3,1.0,1,0.0,0,0.0,0,1.0,1,report_reduction,100.57015878235909
Dexamethasone,ALBUMIN,interpolation,uniform_random,True,7,4,16,2.5,5/2,5.5,11/2,1.5,3/2,0.75,3/4,0.0,0,0.0,0,1.0,1,exact_distribution,see steps.csv and terminal_paths.csv
Dexamethasone,ALBUMIN,interpolation,log_maximin,True,7,4,1,1.0,1,4.0,4,3.0,3,1.0,1,0.0,0,0.0,0,1.0,1,report_reduction,100.57015878235909
Dexamethasone,ALBUMIN,interpolation,lowest_unmeasured,True,7,4,1,4.0,4,7.0,7,0.0,0,0.0,0,0.0,0,0.0,0,1.0,1,report_reduction,0.4003770135496092|3.31885022930779|31.533010258823953|100.57015878235909
Dexamethasone,ALBUMIN,interpolation,highest_unmeasured,True,7,4,1,1.0,1,4.0,4,3.0,3,1.0,1,0.0,0,0.0,0,1.0,1,report_reduction,100.57015878235909
Dexamethasone,VIABILITY,interpolation,frozen_action,False,7,4,1,4.0,4,7.0,7,0.0,0,0.0,0,0.0,0,0.0,0,0.0,0,report_no_reduction,101.20019449085433|32.19378361750495|3.3366915550634793|0.39905822769950033
Dexamethasone,VIABILITY,interpolation,uniform_random,False,7,4,24,4.0,4,7.0,7,0.0,0,0.0,0,0.0,0,0.0,0,0.0,0,exact_distribution,see steps.csv and terminal_paths.csv
Dexamethasone,VIABILITY,interpolation,log_maximin,False,7,4,1,4.0,4,7.0,7,0.0,0,0.0,0,0.0,0,0.0,0,0.0,0,report_no_reduction,101.20019449085433|32.19378361750495|3.3366915550634793|0.39905822769950033
Dexamethasone,VIABILITY,interpolation,lowest_unmeasured,False,7,4,1,4.0,4,7.0,7,0.0,0,0.0,0,0.0,0,0.0,0,0.0,0,report_no_reduction,0.39905822769950033|3.3366915550634793|32.19378361750495|101.20019449085433
Dexamethasone,VIABILITY,interpolation,highest_unmeasured,False,7,4,1,4.0,4,7.0,7,0.0,0,0.0,0,0.0,0,0.0,0,0.0,0,report_no_reduction,101.20019449085433|32.19378361750495|3.3366915550634793|0.39905822769950033
Glafenine,ALBUMIN,interpolation,frozen_action,True,7,4,1,1.0,1,4.0,4,3.0,3,1.0,1,0.0,0,0.0,0,1.0,1,report_reduction,320.7545602050025
Glafenine,ALBUMIN,interpolation,uniform_random,True,7,4,10,1.6666666666666667,5/3,4.666666666666667,14/3,2.3333333333333335,7/3,1.0,1,0.0,0,0.0,0,1.0,1,exact_distribution,see steps.csv and terminal_paths.csv
Glafenine,ALBUMIN,interpolation,log_maximin,True,7,4,1,1.0,1,4.0,4,3.0,3,1.0,1,0.0,0,0.0,0,1.0,1,report_reduction,320.7545602050025
Glafenine,ALBUMIN,interpolation,lowest_unmeasured,True,7,4,1,3.0,3,6.0,6,1.0,1,1.0,1,0.0,0,0.0,0,1.0,1,report_reduction,1.0172024731297098|10.11435683750891|100.57015878235909
Glafenine,ALBUMIN,interpolation,highest_unmeasured,True,7,4,1,1.0,1,4.0,4,3.0,3,1.0,1,0.0,0,0.0,0,1.0,1,report_reduction,320.7545602050025
Glafenine,VIABILITY,interpolation,frozen_action,False,7,4,1,4.0,4,7.0,7,0.0,0,0.0,0,0.0,0,0.0,0,0.0,0,report_no_reduction,316.22776601683796|1.0|100.0|10.0
Glafenine,VIABILITY,interpolation,uniform_random,False,7,4,24,4.0,4,7.0,7,0.0,0,0.0,0,0.0,0,0.0,0,0.0,0,exact_distribution,see steps.csv and terminal_paths.csv
Glafenine,VIABILITY,interpolation,log_maximin,False,7,4,1,4.0,4,7.0,7,0.0,0,0.0,0,0.0,0,0.0,0,0.0,0,report_no_reduction,316.22776601683796|1.0|100.0|10.0
Glafenine,VIABILITY,interpolation,lowest_unmeasured,False,7,4,1,4.0,4,7.0,7,0.0,0,0.0,0,0.0,0,0.0,0,0.0,0,report_no_reduction,1.0|10.0|100.0|316.22776601683796
Glafenine,VIABILITY,interpolation,highest_unmeasured,False,7,4,1,4.0,4,7.0,7,0.0,0,0.0,0,0.0,0,0.0,0,0.0,0,report_no_reduction,316.22776601683796|100.0|10.0|1.0
Ketoconazole,ALBUMIN,interpolation,frozen_action,True,7,4,1,1.0,1,4.0,4,3.0,3,1.0,1,0.0,0,0.0,0,1.0,1,report_reduction,100.0
Ketoconazole,ALBUMIN,interpolation,uniform_random,True,7,4,10,1.6666666666666667,5/3,4.666666666666667,14/3,2.3333333333333335,7/3,1.0,1,0.0,0,0.0,0,1.0,1,exact_distribution,see steps.csv and terminal_paths.csv
Ketoconazole,ALBUMIN,interpolation,log_maximin,True,7,4,1,1.0,1,4.0,4,3.0,3,1.0,1,0.0,0,0.0,0,1.0,1,report_reduction,100.0
Ketoconazole,ALBUMIN,interpolation,lowest_unmeasured,True,7,4,1,3.0,3,6.0,6,1.0,1,1.0,1,0.0,0,0.0,0,1.0,1,report_reduction,0.30302710828663965|3.1176485826448554|32.07545602050028
Ketoconazole,ALBUMIN,interpolation,highest_unmeasured,True,7,4,1,1.0,1,4.0,4,3.0,3,1.0,1,0.0,0,0.0,0,1.0,1,report_reduction,100.0
Ketoconazole,VIABILITY,interpolation,frozen_action,True,7,4,1,1.0,1,4.0,4,3.0,3,1.0,1,0.0,0,0.0,0,1.0,1,report_reduction,102.33520470972576
Ketoconazole,VIABILITY,interpolation,uniform_random,True,7,4,16,2.5,5/2,5.5,11/2,1.5,3/2,0.75,3/4,0.0,0,0.0,0,1.0,1,exact_distribution,see steps.csv and terminal_paths.csv
Ketoconazole,VIABILITY,interpolation,log_maximin,True,7,4,1,1.0,1,4.0,4,3.0,3,1.0,1,0.0,0,0.0,0,1.0,1,report_reduction,102.33520470972576
Ketoconazole,VIABILITY,interpolation,lowest_unmeasured,True,7,4,1,4.0,4,7.0,7,0.0,0,0.0,0,0.0,0,0.0,0,1.0,1,report_reduction,0.30109028437025925|3.2082312454210773|32.26799119945808|102.33520470972576
Ketoconazole,VIABILITY,interpolation,highest_unmeasured,True,7,4,1,1.0,1,4.0,4,3.0,3,1.0,1,0.0,0,0.0,0,1.0,1,report_reduction,102.33520470972576
Tamoxifen,ALBUMIN,interpolation,frozen_action,True,7,4,1,1.0,1,4.0,4,3.0,3,1.0,1,0.0,0,0.0,0,1.0,1,report_reduction,102.88348789230457
Tamoxifen,ALBUMIN,interpolation,uniform_random,True,7,4,10,1.6666666666666667,5/3,4.666666666666667,14/3,2.3333333333333335,7/3,1.0,1,0.0,0,0.0,0,1.0,1,exact_distribution,see steps.csv and terminal_paths.csv
Tamoxifen,ALBUMIN,interpolation,log_maximin,True,7,4,1,1.0,1,4.0,4,3.0,3,1.0,1,0.0,0,0.0,0,1.0,1,report_reduction,102.88348789230457
Tamoxifen,ALBUMIN,interpolation,lowest_unmeasured,True,7,4,1,3.0,3,6.0,6,1.0,1,1.0,1,0.0,0,0.0,0,1.0,1,report_reduction,0.30302710828663965|3.207545602050025|32.07545602050028
Tamoxifen,ALBUMIN,interpolation,highest_unmeasured,True,7,4,1,1.0,1,4.0,4,3.0,3,1.0,1,0.0,0,0.0,0,1.0,1,report_reduction,102.88348789230457
Tamoxifen,VIABILITY,interpolation,frozen_action,True,7,4,1,1.0,1,4.0,4,3.0,3,1.0,1,0.0,0,0.0,0,1.0,1,report_reduction,104.73708979594508
Tamoxifen,VIABILITY,interpolation,uniform_random,True,7,4,10,1.6666666666666667,5/3,4.666666666666667,14/3,2.3333333333333335,7/3,1.0,1,0.0,0,0.0,0,1.0,1,exact_distribution,see steps.csv and terminal_paths.csv
Tamoxifen,VIABILITY,interpolation,log_maximin,True,7,4,1,1.0,1,4.0,4,3.0,3,1.0,1,0.0,0,0.0,0,1.0,1,report_reduction,104.73708979594508
Tamoxifen,VIABILITY,interpolation,lowest_unmeasured,True,7,4,1,3.0,3,6.0,6,1.0,1,1.0,1,0.0,0,0.0,0,1.0,1,report_reduction,0.3036771118035459|3.2550885998350565|32.929712550971516
Tamoxifen,VIABILITY,interpolation,highest_unmeasured,True,7,4,1,1.0,1,4.0,4,3.0,3,1.0,1,0.0,0,0.0,0,1.0,1,report_reduction,104.73708979594508
Theophylline,ALBUMIN,interpolation,frozen_action,False,6,3,1,3.0,3,6.0,6,0.0,0,0.0,0,0.0,0,0.0,0,0.0,0,report_no_reduction,398.1071705534973|126.97075549188031|12.91549665014884
Theophylline,ALBUMIN,interpolation,uniform_random,False,6,3,6,3.0,3,6.0,6,0.0,0,0.0,0,0.0,0,0.0,0,0.0,0,exact_distribution,see steps.csv and terminal_paths.csv
Theophylline,ALBUMIN,interpolation,log_maximin,False,6,3,1,3.0,3,6.0,6,0.0,0,0.0,0,0.0,0,0.0,0,0.0,0,report_no_reduction,398.1071705534973|126.97075549188031|12.91549665014884
Theophylline,ALBUMIN,interpolation,lowest_unmeasured,False,6,3,1,3.0,3,6.0,6,0.0,0,0.0,0,0.0,0,0.0,0,0.0,0,report_no_reduction,12.91549665014884|126.97075549188031|398.1071705534973
Theophylline,ALBUMIN,interpolation,highest_unmeasured,False,6,3,1,3.0,3,6.0,6,0.0,0,0.0,0,0.0,0,0.0,0,0.0,0,report_no_reduction,398.1071705534973|126.97075549188031|12.91549665014884
Theophylline,VIABILITY,interpolation,frozen_action,False,6,3,1,3.0,3,6.0,6,0.0,0,0.0,0,0.0,0,0.0,0,0.0,0,report_no_reduction,405.2213393797473|12.814223889440841|128.14223889440828
Theophylline,VIABILITY,interpolation,uniform_random,False,6,3,6,3.0,3,6.0,6,0.0,0,0.0,0,0.0,0,0.0,0,0.0,0,exact_distribution,see steps.csv and terminal_paths.csv
Theophylline,VIABILITY,interpolation,log_maximin,False,6,3,1,3.0,3,6.0,6,0.0,0,0.0,0,0.0,0,0.0,0,0.0,0,report_no_reduction,405.2213393797473|12.814223889440841|128.14223889440828
Theophylline,VIABILITY,interpolation,lowest_unmeasured,False,6,3,1,3.0,3,6.0,6,0.0,0,0.0,0,0.0,0,0.0,0,0.0,0,report_no_reduction,12.814223889440841|128.14223889440828|405.2213393797473
Theophylline,VIABILITY,interpolation,highest_unmeasured,False,6,3,1,3.0,3,6.0,6,0.0,0,0.0,0,0.0,0,0.0,0,0.0,0,report_no_reduction,405.2213393797473|128.14223889440828|12.814223889440841
Chlorpromazine,ALBUMIN,fixed50,frozen_action,False,7,4,1,4.0,4,7.0,7,0.0,0,0.0,0,0.0,0,0.0,0,0.0,0,report_no_reduction,313.54241298418987|1.0172024731297098|100.57015878235909|10.11435683750891
Chlorpromazine,ALBUMIN,fixed50,uniform_random,False,7,4,24,4.0,4,7.0,7,0.0,0,0.0,0,0.0,0,0.0,0,0.0,0,exact_distribution,see steps.csv and terminal_paths.csv
Chlorpromazine,ALBUMIN,fixed50,log_maximin,False,7,4,1,4.0,4,7.0,7,0.0,0,0.0,0,0.0,0,0.0,0,0.0,0,report_no_reduction,313.54241298418987|1.0172024731297098|100.57015878235909|10.11435683750891
Chlorpromazine,ALBUMIN,fixed50,lowest_unmeasured,False,7,4,1,4.0,4,7.0,7,0.0,0,0.0,0,0.0,0,0.0,0,0.0,0,report_no_reduction,1.0172024731297098|10.11435683750891|100.57015878235909|313.54241298418987
Chlorpromazine,ALBUMIN,fixed50,highest_unmeasured,False,7,4,1,4.0,4,7.0,7,0.0,0,0.0,0,0.0,0,0.0,0,0.0,0,report_no_reduction,313.54241298418987|100.57015878235909|10.11435683750891|1.0172024731297098
Chlorpromazine,VIABILITY,fixed50,frozen_action,True,7,4,1,1.0,1,4.0,4,3.0,3,1.0,1,0.0,0,0.0,0,1.0,1,report_reduction,315.3166233554365
Chlorpromazine,VIABILITY,fixed50,uniform_random,True,7,4,10,1.6666666666666667,5/3,4.666666666666667,14/3,2.3333333333333335,7/3,1.0,1,0.0,0,0.0,0,1.0,1,exact_distribution,see steps.csv and terminal_paths.csv
Chlorpromazine,VIABILITY,fixed50,log_maximin,True,7,4,1,1.0,1,4.0,4,3.0,3,1.0,1,0.0,0,0.0,0,1.0,1,report_reduction,315.3166233554365
Chlorpromazine,VIABILITY,fixed50,lowest_unmeasured,True,7,4,1,3.0,3,6.0,6,1.0,1,1.0,1,0.0,0,0.0,0,1.0,1,report_reduction,1.0057875736205835|10.116086432495807|99.42457296427418
Chlorpromazine,VIABILITY,fixed50,highest_unmeasured,True,7,4,1,1.0,1,4.0,4,3.0,3,1.0,1,0.0,0,0.0,0,1.0,1,report_reduction,315.3166233554365
Dexamethasone,ALBUMIN,fixed50,frozen_action,True,7,4,1,1.0,1,4.0,4,3.0,3,1.0,1,0.0,0,0.0,0,1.0,1,report_reduction,100.57015878235909
Dexamethasone,ALBUMIN,fixed50,uniform_random,True,7,4,16,2.5,5/2,5.5,11/2,1.5,3/2,0.75,3/4,0.0,0,0.0,0,1.0,1,exact_distribution,see steps.csv and terminal_paths.csv
Dexamethasone,ALBUMIN,fixed50,log_maximin,True,7,4,1,1.0,1,4.0,4,3.0,3,1.0,1,0.0,0,0.0,0,1.0,1,report_reduction,100.57015878235909
Dexamethasone,ALBUMIN,fixed50,lowest_unmeasured,True,7,4,1,4.0,4,7.0,7,0.0,0,0.0,0,0.0,0,0.0,0,1.0,1,report_reduction,0.4003770135496092|3.31885022930779|31.533010258823953|100.57015878235909
Dexamethasone,ALBUMIN,fixed50,highest_unmeasured,True,7,4,1,1.0,1,4.0,4,3.0,3,1.0,1,0.0,0,0.0,0,1.0,1,report_reduction,100.57015878235909
Dexamethasone,VIABILITY,fixed50,frozen_action,False,7,4,1,4.0,4,7.0,7,0.0,0,0.0,0,0.0,0,0.0,0,0.0,0,report_no_reduction,101.20019449085433|32.19378361750495|3.3366915550634793|0.39905822769950033
Dexamethasone,VIABILITY,fixed50,uniform_random,False,7,4,24,4.0,4,7.0,7,0.0,0,0.0,0,0.0,0,0.0,0,0.0,0,exact_distribution,see steps.csv and terminal_paths.csv
Dexamethasone,VIABILITY,fixed50,log_maximin,False,7,4,1,4.0,4,7.0,7,0.0,0,0.0,0,0.0,0,0.0,0,0.0,0,report_no_reduction,101.20019449085433|32.19378361750495|3.3366915550634793|0.39905822769950033
Dexamethasone,VIABILITY,fixed50,lowest_unmeasured,False,7,4,1,4.0,4,7.0,7,0.0,0,0.0,0,0.0,0,0.0,0,0.0,0,report_no_reduction,0.39905822769950033|3.3366915550634793|32.19378361750495|101.20019449085433
Dexamethasone,VIABILITY,fixed50,highest_unmeasured,False,7,4,1,4.0,4,7.0,7,0.0,0,0.0,0,0.0,0,0.0,0,0.0,0,report_no_reduction,101.20019449085433|32.19378361750495|3.3366915550634793|0.39905822769950033
Glafenine,ALBUMIN,fixed50,frozen_action,True,7,4,1,1.0,1,4.0,4,3.0,3,1.0,1,0.0,0,0.0,0,1.0,1,report_reduction,320.7545602050025
Glafenine,ALBUMIN,fixed50,uniform_random,True,7,4,10,1.6666666666666667,5/3,4.666666666666667,14/3,2.3333333333333335,7/3,1.0,1,0.0,0,0.0,0,1.0,1,exact_distribution,see steps.csv and terminal_paths.csv
Glafenine,ALBUMIN,fixed50,log_maximin,True,7,4,1,1.0,1,4.0,4,3.0,3,1.0,1,0.0,0,0.0,0,1.0,1,report_reduction,320.7545602050025
Glafenine,ALBUMIN,fixed50,lowest_unmeasured,True,7,4,1,3.0,3,6.0,6,1.0,1,1.0,1,0.0,0,0.0,0,1.0,1,report_reduction,1.0172024731297098|10.11435683750891|100.57015878235909
Glafenine,ALBUMIN,fixed50,highest_unmeasured,True,7,4,1,1.0,1,4.0,4,3.0,3,1.0,1,0.0,0,0.0,0,1.0,1,report_reduction,320.7545602050025
Glafenine,VIABILITY,fixed50,frozen_action,False,7,4,1,4.0,4,7.0,7,0.0,0,0.0,0,0.0,0,0.0,0,0.0,0,report_no_reduction,316.22776601683796|1.0|100.0|10.0
Glafenine,VIABILITY,fixed50,uniform_random,False,7,4,24,4.0,4,7.0,7,0.0,0,0.0,0,0.0,0,0.0,0,0.0,0,exact_distribution,see steps.csv and terminal_paths.csv
Glafenine,VIABILITY,fixed50,log_maximin,False,7,4,1,4.0,4,7.0,7,0.0,0,0.0,0,0.0,0,0.0,0,0.0,0,report_no_reduction,316.22776601683796|1.0|100.0|10.0
Glafenine,VIABILITY,fixed50,lowest_unmeasured,False,7,4,1,4.0,4,7.0,7,0.0,0,0.0,0,0.0,0,0.0,0,0.0,0,report_no_reduction,1.0|10.0|100.0|316.22776601683796
Glafenine,VIABILITY,fixed50,highest_unmeasured,False,7,4,1,4.0,4,7.0,7,0.0,0,0.0,0,0.0,0,0.0,0,0.0,0,report_no_reduction,316.22776601683796|100.0|10.0|1.0
Ketoconazole,ALBUMIN,fixed50,frozen_action,True,7,4,1,1.0,1,4.0,4,3.0,3,1.0,1,0.0,0,0.0,0,1.0,1,report_reduction,100.0
Ketoconazole,ALBUMIN,fixed50,uniform_random,True,7,4,10,1.6666666666666667,5/3,4.666666666666667,14/3,2.3333333333333335,7/3,1.0,1,0.0,0,0.0,0,1.0,1,exact_distribution,see steps.csv and terminal_paths.csv
Ketoconazole,ALBUMIN,fixed50,log_maximin,True,7,4,1,1.0,1,4.0,4,3.0,3,1.0,1,0.0,0,0.0,0,1.0,1,report_reduction,100.0
Ketoconazole,ALBUMIN,fixed50,lowest_unmeasured,True,7,4,1,3.0,3,6.0,6,1.0,1,1.0,1,0.0,0,0.0,0,1.0,1,report_reduction,0.30302710828663965|3.1176485826448554|32.07545602050028
Ketoconazole,ALBUMIN,fixed50,highest_unmeasured,True,7,4,1,1.0,1,4.0,4,3.0,3,1.0,1,0.0,0,0.0,0,1.0,1,report_reduction,100.0
Ketoconazole,VIABILITY,fixed50,frozen_action,True,7,4,1,1.0,1,4.0,4,3.0,3,1.0,1,0.0,0,0.0,0,1.0,1,report_reduction,102.33520470972576
Ketoconazole,VIABILITY,fixed50,uniform_random,True,7,4,16,2.5,5/2,5.5,11/2,1.5,3/2,0.75,3/4,0.0,0,0.0,0,1.0,1,exact_distribution,see steps.csv and terminal_paths.csv
Ketoconazole,VIABILITY,fixed50,log_maximin,True,7,4,1,1.0,1,4.0,4,3.0,3,1.0,1,0.0,0,0.0,0,1.0,1,report_reduction,102.33520470972576
Ketoconazole,VIABILITY,fixed50,lowest_unmeasured,True,7,4,1,4.0,4,7.0,7,0.0,0,0.0,0,0.0,0,0.0,0,1.0,1,report_reduction,0.30109028437025925|3.2082312454210773|32.26799119945808|102.33520470972576
Ketoconazole,VIABILITY,fixed50,highest_unmeasured,True,7,4,1,1.0,1,4.0,4,3.0,3,1.0,1,0.0,0,0.0,0,1.0,1,report_reduction,102.33520470972576
Tamoxifen,ALBUMIN,fixed50,frozen_action,True,7,4,1,1.0,1,4.0,4,3.0,3,1.0,1,0.0,0,0.0,0,1.0,1,report_reduction,102.88348789230457
Tamoxifen,ALBUMIN,fixed50,uniform_random,True,7,4,10,1.6666666666666667,5/3,4.666666666666667,14/3,2.3333333333333335,7/3,1.0,1,0.0,0,0.0,0,1.0,1,exact_distribution,see steps.csv and terminal_paths.csv
Tamoxifen,ALBUMIN,fixed50,log_maximin,True,7,4,1,1.0,1,4.0,4,3.0,3,1.0,1,0.0,0,0.0,0,1.0,1,report_reduction,102.88348789230457
Tamoxifen,ALBUMIN,fixed50,lowest_unmeasured,True,7,4,1,3.0,3,6.0,6,1.0,1,1.0,1,0.0,0,0.0,0,1.0,1,report_reduction,0.30302710828663965|3.207545602050025|32.07545602050028
Tamoxifen,ALBUMIN,fixed50,highest_unmeasured,True,7,4,1,1.0,1,4.0,4,3.0,3,1.0,1,0.0,0,0.0,0,1.0,1,report_reduction,102.88348789230457
Tamoxifen,VIABILITY,fixed50,frozen_action,True,7,4,1,1.0,1,4.0,4,3.0,3,1.0,1,0.0,0,0.0,0,1.0,1,report_reduction,104.73708979594508
Tamoxifen,VIABILITY,fixed50,uniform_random,True,7,4,10,1.6666666666666667,5/3,4.666666666666667,14/3,2.3333333333333335,7/3,1.0,1,0.0,0,0.0,0,1.0,1,exact_distribution,see steps.csv and terminal_paths.csv
Tamoxifen,VIABILITY,fixed50,log_maximin,True,7,4,1,1.0,1,4.0,4,3.0,3,1.0,1,0.0,0,0.0,0,1.0,1,report_reduction,104.73708979594508
Tamoxifen,VIABILITY,fixed50,lowest_unmeasured,True,7,4,1,3.0,3,6.0,6,1.0,1,1.0,1,0.0,0,0.0,0,1.0,1,report_reduction,0.3036771118035459|3.2550885998350565|32.929712550971516
Tamoxifen,VIABILITY,fixed50,highest_unmeasured,True,7,4,1,1.0,1,4.0,4,3.0,3,1.0,1,0.0,0,0.0,0,1.0,1,report_reduction,104.73708979594508
Theophylline,ALBUMIN,fixed50,frozen_action,False,6,3,1,3.0,3,6.0,6,0.0,0,0.0,0,0.0,0,0.0,0,0.0,0,report_no_reduction,398.1071705534973|126.97075549188031|12.91549665014884
Theophylline,ALBUMIN,fixed50,uniform_random,False,6,3,6,3.0,3,6.0,6,0.0,0,0.0,0,0.0,0,0.0,0,0.0,0,exact_distribution,see steps.csv and terminal_paths.csv
Theophylline,ALBUMIN,fixed50,log_maximin,False,6,3,1,3.0,3,6.0,6,0.0,0,0.0,0,0.0,0,0.0,0,0.0,0,report_no_reduction,398.1071705534973|126.97075549188031|12.91549665014884
Theophylline,ALBUMIN,fixed50,lowest_unmeasured,False,6,3,1,3.0,3,6.0,6,0.0,0,0.0,0,0.0,0,0.0,0,0.0,0,report_no_reduction,12.91549665014884|126.97075549188031|398.1071705534973
Theophylline,ALBUMIN,fixed50,highest_unmeasured,False,6,3,1,3.0,3,6.0,6,0.0,0,0.0,0,0.0,0,0.0,0,0.0,0,report_no_reduction,398.1071705534973|126.97075549188031|12.91549665014884
Theophylline,VIABILITY,fixed50,frozen_action,False,6,3,1,3.0,3,6.0,6,0.0,0,0.0,0,0.0,0,0.0,0,0.0,0,report_no_reduction,405.2213393797473|12.814223889440841|128.14223889440828
Theophylline,VIABILITY,fixed50,uniform_random,False,6,3,6,3.0,3,6.0,6,0.0,0,0.0,0,0.0,0,0.0,0,0.0,0,exact_distribution,see steps.csv and terminal_paths.csv
Theophylline,VIABILITY,fixed50,log_maximin,False,6,3,1,3.0,3,6.0,6,0.0,0,0.0,0,0.0,0,0.0,0,0.0,0,report_no_reduction,405.2213393797473|12.814223889440841|128.14223889440828
Theophylline,VIABILITY,fixed50,lowest_unmeasured,False,6,3,1,3.0,3,6.0,6,0.0,0,0.0,0,0.0,0,0.0,0,0.0,0,report_no_reduction,12.814223889440841|128.14223889440828|405.2213393797473
Theophylline,VIABILITY,fixed50,highest_unmeasured,False,6,3,1,3.0,3,6.0,6,0.0,0,0.0,0,0.0,0,0.0,0,0.0,0,report_no_reduction,405.2213393797473|128.14223889440828|12.814223889440841
