participant,position,task,mode,pair
P01,1,T1,manual,1
P01,2,T2,tool,1
P01,3,T6,manual,3
P01,4,T3,manual,2
P01,5,T5,tool,3
P01,6,T4,tool,2
P02,1,T1,tool,1
P02,2,T2,manual,1
P02,3,T6,tool,3
P02,4,T3,tool,2
P02,5,T5,manual,3
P02,6,T4,manual,2
P03,1,T3,tool,2
P03,2,T4,manual,2
P03,3,T2,manual,1
P03,4,T5,manual,3
P03,5,T1,tool,1
P03,6,T6,tool,3
P04,1,T3,manual,2
P04,2,T4,tool,2
P04,3,T2,tool,1
P04,4,T5,tool,3
P04,5,T1,manual,1
P04,6,T6,manual,3
P05,1,T5,tool,3
P05,2,T6,manual,3
P05,3,T4,manual,2
P05,4,T1,tool,1
P05,5,T3,tool,2
P05,6,T2,manual,1
P06,1,T5,manual,3
P06,2,T6,tool,3
P06,3,T4,tool,2
P06,4,T1,manual,1
P06,5,T3,manual,2
P06,6,T2,tool,1
