k,chemical,identity_group,mae
1,(-)-Nicotine,DTXSID1020930,2.0466893192180575
1,(Methylcyclopentadienyl)tricarbonylmanganese,DTXSID9027738,0.9194848443762552
1,"1,2-Propylene glycol",DTXSID0021206,1.701332268627801
1,1-Ethyl-3-methyl-1H-imidazol-3-ium diethyl phosphate,DTXSID9047889,1.2504840469382699
1,1-Methyl-4-phenylpyridinium iodide,DTXSID40880040,1.2816534147023952
1,17beta-Estradiol,DTXSID0020573,0.8345966233685669
1,"1H,1H,2H,2H-Perfluorooctyl iodide",DTXSID2047565,0.7461431647089742
1,"2,2',4,4',5,5'-Hexabromodiphenyl ether",DTXSID4030047,1.394728797286455
1,"2,2',4,4',5-Pentabromodiphenyl ether",DTXSID9030048,1.6617585620514543
1,"2,2',4,4'-Tetrabromodiphenyl ether",DTXSID3030056,1.1417222401276894
1,"2,2-Bis(4-hydroxyphenyl)-1,1,1-trichloroethane",DTXSID8022325,1.185531063414373
1,2-(m-Chlorophenoxy)propionic acid,DTXSID9034232,1.4156840318335198
1,"2-Ethylhexyl 2,3,4,5-tetrabromobenzoate",DTXSID9052686,1.4680478039708196
1,2-Ethylhexyl diphenyl phosphate,DTXSID1025300,1.100026424252111
1,2-Methoxyethanol,DTXSID5024182,1.5582986301752033
1,"3,3',5,5'-Tetrabromobisphenol A",DTXSID1026081,0.9564661750772897
1,"3,3'-Iminobispropanenitrile",DTXSID2041464,0.8334612466675424
1,3-Iodo-2-propynyl-N-butylcarbamate,DTXSID0028038,1.0949370886932386
1,"4,4'-Sulfonyldiphenol",DTXSID3022409,1.2138280327090527
1,4H-Cyclopenta(def)phenanthrene,DTXSID1024887,0.8282397664872377
1,"5,5-Diphenylhydantoin",DTXSID8020541,0.9733681445308505
1,5-Chloro-2-methyl-3(2H)-isothiazolone,DTXSID9034286,1.6936546978115454
1,5-Fluorouracil,DTXSID2020634,2.037645858992083
1,6-Methyl-2-thiouracil,DTXSID2020890,1.0062495203651198
1,6-Propyl-2-thiouracil,DTXSID5021209,1.5632778589063763
1,6-aminopyridine-3-carboxamide,DTXSID5051446,2.671442325660381
1,Abamectin,DTXSID8023892,2.17887138922703
1,Acenaphthene,DTXSID3021774,0.8796621338756532
1,Acenaphthylene,DTXSID3023845,0.8558208674699234
1,Acephate,DTXSID8023846,1.544578113088836
1,Acetaminophen,DTXSID2020006,0.8437302877925037
1,Acetamiprid,DTXSID0034300,1.4615435395534635
1,Acrylamide,DTXSID5020027,0.7962011865163544
1,Aldicarb,DTXSID0039223,1.4357420908439142
1,Aldrin,DTXSID8020040,1.5027201004219397
1,Allethrin,parent:DTXSID2039336,0.9434284331167463
1,Amoxicillin,DTXSID3037044,1.174218956660179
1,Anthracene,DTXSID0023878,0.8445992318809541
1,Aspirin,DTXSID5020108,1.4324002395997566
1,Atrazine,DTXSID9020112,1.0120266668159534
1,Auramine hydrochloride,DTXSID9020114,1.536822687877325
1,Azoxystrobin,DTXSID0032520,1.9980041967178015
1,Bensulide,DTXSID9032329,1.3843392813099753
1,Benz(a)anthracene,DTXSID5023902,1.0504470994103001
1,Benzo(b)fluoranthene,DTXSID0023907,0.963884097613932
1,Benzo[a]pyrene,DTXSID2020139,0.969850330796671
1,Benzo[e]pyrene,DTXSID3023764,1.1912339838177632
1,"Benzo[g,h,i]perylene",DTXSID5023908,1.0221667534512913
1,Benzo[k]fluoranthene,DTXSID0023909,1.0000204668802053
1,Berberine chloride,DTXSID8024602,1.846898298956915
1,Bifenthrin,DTXSID9020160,1.5799003345153242
1,Bis(2-ethylhexyl) tetrabromophthalate,DTXSID7027887,1.4117899251662265
1,Bis(tributyltin)oxide,parent:DTXSID3027403,3.6696428351750447
1,Bisindolylmaleimide I,DTXSID50157932,1.4813401574994998
1,Bisphenol A,DTXSID7020182,1.163082052884033
1,Bisphenol AF,DTXSID7037717,1.093760127388896
1,Bisphenol B,DTXSID4022442,0.9945614982316281
1,Boric acid (H3BO3),DTXSID1020194,1.0423568639050618
1,Boscalid,DTXSID6034392,0.7402823649491282
1,Busulfan,DTXSID3020910,1.0799013878979364
1,CP-409092,DTXSID2047276,1.1312463211084833
1,CP-457920,DTXSID4047254,1.0662989355225334
1,Cadmium(II) chloride hydrate (2:5),DTXSID4040183,2.6579470168094153
1,Caffeine,DTXSID0020232,1.1416397153956468
1,Captan,DTXSID9020243,0.887228569327994
1,Captopril,DTXSID1037197,1.2341699938506157
1,Carbamazepine,DTXSID4022731,1.11467578247504
1,Carbaryl,DTXSID9020247,2.157608275141004
1,Carbofuran,DTXSID9020249,0.9094667104835104
1,Cariporide mesylate,DTXSID3047344,1.0589436835995998
1,Chloramben,DTXSID2020262,0.7911648223671179
1,Chlordiazepoxide hydrochloride,DTXSID40880060,1.7576195692260956
1,Chlorendic acid,DTXSID2020268,1.1019570243824908
1,Chlorethoxyfos,DTXSID2032344,1.1996949405920945
1,Chlorpromazine hydrochloride,DTXSID7024827,1.6294229974392
1,Chlorpyrifos,DTXSID4020458,1.737936903205989
1,Chlorpyrifos oxon,DTXSID1038666,1.6128478859877873
1,Chrysene,DTXSID0022432,1.1418387465433537
1,Clodinafop-propargyl,DTXSID6032354,1.0065649289442804
1,Clothianidin,DTXSID2034465,1.1267303280428247
1,Clove leaf oil,DTXSID8044175,1.7205278790282796
1,Cocaine,DTXSID2038443,1.5282953362709353
1,Colchicine,DTXSID5024845,3.2560035212210723
1,Cotinine,DTXSID1047576,0.8603236755418184
1,Coumaphos,DTXSID2020347,1.3593552214264102
1,Cyclophosphamide monohydrate,DTXSID6024888,1.2059260457413283
1,Cyfluthrin,DTXSID5035957,1.0987145930690745
1,Cymoxanil,DTXSID6032358,1.043221951638888
1,Cypermethrin,DTXSID1023998,1.3738328513553362
1,Cytarabine,DTXSID3022877,2.442290576433114
1,D-Glucitol,DTXSID5023588,1.309563212930784
1,D-Mannitol,DTXSID1023235,1.3129025763534103
1,DDT,parent:DTXSID4020375,1.4296134636535607
1,Deltamethrin,DTXSID8020381,1.3523113881602236
1,Dexamethasone,DTXSID3020384,1.4718010576955092
1,Dextroamphetamine sulfate,DTXSID2057865,0.9554778270796629
1,Di(2-ethylhexyl) phthalate,DTXSID5020607,1.5120748982475463
1,Diazepam,DTXSID4020406,1.6947200978967956
1,Diazinon,DTXSID9020407,1.1811185240508373
1,Diazoxon,DTXSID5037523,1.3678304608546568
1,"Dibenz[a,c]anthracene",DTXSID9049245,1.0970067870913203
1,"Dibenz[a,h]anthracene",DTXSID9020409,1.2531590293693082
1,Dichlorvos,DTXSID5020449,1.0150678870005776
1,Dicrotophos,DTXSID9023914,1.226127490518849
1,Dieldrin,DTXSID9020453,2.2646722466465667
1,Diethylene glycol,DTXSID8020462,0.9390672806907953
1,Diethylstilbestrol,DTXSID3020465,1.313632382756781
1,Difpas-pyrazole,DTXSID6048175,1.2960948691977214
1,Dimethoate,DTXSID7020479,0.9512709966140894
1,Diphenhydramine hydrochloride,DTXSID4020537,1.3334288202701312
1,Disulfoton,DTXSID0022018,0.9169787579536376
1,Emamectin benzoate,DTXSID0034566,2.0155633508644093
1,Enadoline,DTXSID4047258,1.3533482787331255
1,Endosulfan,DTXSID1020560,1.8584445990656924
1,Endrin,DTXSID6020561,1.8832351363322961
1,Erythromycin,DTXSID4022991,1.000542490617406
1,Es-fenvalerate,DTXSID4032667,1.2850444546489304
1,Esketamine hydrochloride,DTXSID601027734,1.4956240213683032
1,Ethoprop,DTXSID4032611,1.1873468819993196
1,Etofenprox,DTXSID9032610,1.0848498802096596
1,Eugenol,DTXSID9020617,1.1301646305959956
1,Fenamiphos,DTXSID3024102,1.083479923940973
1,Fenitrothion,DTXSID4032613,0.7112450320707642
1,Fenpropathrin,DTXSID0024002,1.2893087572582922
1,Fipronil,DTXSID4034609,1.557933048864062
1,Firemaster 550,DTXSID70880073,0.9923030184972614
1,Fluconazole,DTXSID3020627,1.0864857878781398
1,Flufenacet,DTXSID2032552,0.9147419565015269
1,Fluorene,DTXSID8024105,0.6966748464976462
1,Fluoxastrobin,DTXSID2034625,1.123232344860141
1,Fluoxetine hydrochloride,DTXSID7020635,1.6991000482649987
1,Flusilazole,DTXSID3024235,1.2669996469335858
1,Folic acid,DTXSID0022519,1.2073905726438041
1,Fosthiazate,DTXSID0034930,1.034029293250658
1,Glycerol,DTXSID9020663,1.1513129737821317
1,Glyphosate,DTXSID1024122,1.5903030347601121
1,Haloperidol,DTXSID4034150,1.5629262358305558
1,Heptachlor epoxide B,DTXSID1024126,2.057174074862943
1,Hexachlorophene,DTXSID6020690,2.1603940336069085
1,Hydroxyurea,DTXSID6025438,1.2318424819719376
1,Imidacloprid,DTXSID5032442,1.392150595414464
1,Isodecyl diphenyl phosphate,DTXSID3025465,1.0316350260045302
1,Isoniazid,DTXSID8020755,1.194715159321817
1,Kepone,DTXSID1020770,1.4834924491100447
1,L-Ascorbic acid,DTXSID5020106,1.178283515653621
1,L-Domoic acid,DTXSID20274180,1.6432848744171693
1,Lactofen,DTXSID7024160,1.026363509430578
1,Lead(II) acetate trihydrate,DTXSID3031521,1.68028218668625
1,Lindane,DTXSID2020686,1.7857307613991338
1,Loperamide,DTXSID00880006,1.773741488621063
1,Lovastatin,DTXSID5020784,1.888095801388138
1,Malaoxon,DTXSID9020790,1.1509673718806022
1,Malathion,DTXSID4020791,0.880747276177568
1,Mancozeb,DTXSID0034695,0.9025910903952863
1,Maneb,DTXSID9020794,1.2783478180830836
1,Manganese dichloride,parent:DTXSID5027279,1.5700982914184738
1,Manganese(II) acetate,parent:DTXSID5027279,0.7744810270190247
1,Mercuric chloride,DTXSID5020811,1.6201965376532903
1,Methadone hydrochloride,DTXSID2020501,1.5489531119630144
1,Methamidophos,DTXSID6024177,1.1901159373094001
1,Methimazole,DTXSID4020820,1.1825422939049461
1,Methotrexate,DTXSID4020822,3.2058256976651363
1,Methoxychlor,DTXSID9020827,1.2904884250964124
1,Methylmercuric(II) chloride,DTXSID5020813,3.3097750182484815
1,Mevastatin,DTXSID4040684,1.9082445147392122
1,Mirex,DTXSID7020895,2.129297268580813
1,Molinate,DTXSID6024206,0.882073930523909
1,Naled,DTXSID1024209,1.4921628624023897
1,Naloxone hydrochloride dihydrate,DTXSID90199452,1.4615066588382164
1,Naphthalene,DTXSID8020913,1.2663581892282327
1,"Octachloro-4,7-methanotetrahydroindane",DTXSID7020267,1.1984649116385786
1,Octylbicycloheptenedicarboximide,DTXSID6032562,1.030476650605595
1,Omethoate,DTXSID4037580,1.1289479950432662
1,Oxidopamine hydrochloride,DTXSID0045838,1.2391488720359856
1,Paraquat dichloride,DTXSID7024243,2.5121626595501283
1,Parathion,DTXSID7021100,0.8877712924612633
1,Perfluoroundecanoic acid,DTXSID8047553,0.9828249949784265
1,Permethrin,DTXSID8022292,1.5643918122091276
1,PharmaGSID_47330,DTXSID9047330,1.1111062341874631
1,Phenanthrene,DTXSID6024254,0.7216761477787537
1,Phenobarbital,parent:DTXSID0021123,1.4870878523330195
1,Phenobarbital sodium,parent:DTXSID0021123,0.9524545534624993
1,Phenol,DTXSID5021124,1.267231322416282
1,Phenylmercuric acetate,DTXSID7021150,1.4851661360767416
1,Phorate,DTXSID4032459,1.1872679232307068
1,Phosmet,DTXSID5024261,1.4046158266245306
1,Picoxystrobin,DTXSID9047542,1.403044626073514
1,Piperonyl butoxide,DTXSID1021166,1.4686999154842122
1,Pirimiphos-methyl,DTXSID0024266,1.4555367673538144
1,Prallethrin,DTXSID0032572,0.9696238365053255
1,Pravastatin sodium,DTXSID6047525,1.8425264474559284
1,Profenofos,DTXSID3032464,1.4488289948895106
1,Pyraclostrobin,DTXSID7032638,1.8214000819371734
1,Pyrene,DTXSID3024289,0.7971094399973057
1,Reserpine,DTXSID7021237,1.9911643540490271
1,Resmethrin,DTXSID7022253,0.937920171180991
1,Retinoic acid,DTXSID7021239,1.5463971452104435
1,Rotenone,DTXSID6021248,1.5192315595388444
1,S-Bioallethrin,parent:DTXSID2039336,0.9599828375163512
1,S-Ethyl dipropylthiocarbamate,DTXSID1024091,1.088272277316587
1,Simvastatin,DTXSID0023581,1.6410270274107455
1,Sodium arsenite,DTXSID5020104,2.162022764376355
1,Sodium benzoate,DTXSID1020140,1.1009648835880164
1,Sodium fluoride,DTXSID2020630,0.9672834314922643
1,Sodium orthovanadate,DTXSID2037269,1.4199540646381326
1,Sodium saccharin hydrate,DTXSID7021992,1.426141687494739
1,Sodium valproate,DTXSID5037072,1.3185076905170958
1,Spirodiclofen,DTXSID6034928,0.6833943415394862
1,Spiroxamine,DTXSID1034212,1.9042827032632286
1,Tamoxifen,DTXSID1034187,1.5999800769184063
1,Tebuconazole,DTXSID9032113,2.734014815002247
1,Tebupirimfos,DTXSID1032482,1.4272652835086688
1,Tefluthrin,DTXSID5032577,1.1282699480567535
1,Terbufos,DTXSID2022254,1.1520694303088805
1,Terbutaline hemisulfate,DTXSID3045437,1.6424054321173656
1,Tetracycline,DTXSID7023645,1.1415548404630003
1,Tetraethylthiuram disulfide,DTXSID1021322,1.6979324173219985
1,Tetramethrin,DTXSID6032649,0.995132809879211
1,Thalidomide,DTXSID9022524,1.7041291598295465
1,Thiacloprid,DTXSID7034961,1.1208762507882966
1,Thiamethoxam,DTXSID2034962,1.0207848375465476
1,Tribufos,DTXSID1024174,1.5134182770593563
1,Tributyltin chloride,parent:DTXSID3027403,1.2897401149996035
1,Tributyltin methacrylate,parent:DTXSID3027403,1.42387189725048
1,Trichlorfon,DTXSID0021389,1.5846046250796602
1,Triclosan,DTXSID5032498,2.01045209841768
1,Triethyltin bromide,DTXSID9040712,2.55159126830858
1,Trifloxystrobin,DTXSID4032580,1.8088309818685642
1,Trimethyltin hydroxide,DTXSID9032240,2.5253907057947425
1,Triphenyl phosphate,DTXSID1021952,0.8978239664777135
1,Triphenyl phosphates isopropylated,DTXSID4028880,1.2220922577284266
1,Triphenyl phosphite,DTXSID0026252,1.0450481892294494
1,"Tris(1,3-dichloro-2-propyl) phosphate",DTXSID9026261,1.177246970030355
1,Tris(2-chloroethyl) phosphate,DTXSID5021411,1.5173527013848542
1,Tris(2-chloroisopropyl)phosphate,DTXSID5026259,1.1055901800599321
1,Tris(methylphenyl) phosphate,DTXSID4021391,0.9442942620078298
1,Valinomycin,DTXSID9041150,3.2902773568813677
1,Z-Tetrachlorvinphos,DTXSID1032648,1.455158460882253
1,"o,p'-DDT",parent:DTXSID4020375,1.6963933310349468
1,"p,p'-DDD",DTXSID4020373,1.0643081637488103
1,"p,p'-DDE",DTXSID9020374,1.087546503032154
1,tert-Butylhydroquinone,DTXSID6020220,1.2625241012230053
1,tert-Butylphenyl diphenyl phosphate,DTXSID6024701,1.3682440422150726
2,(-)-Nicotine,DTXSID1020930,1.4583216532284398
2,(Methylcyclopentadienyl)tricarbonylmanganese,DTXSID9027738,0.9067063837078694
2,"1,2-Propylene glycol",DTXSID0021206,1.6672841618675345
2,1-Ethyl-3-methyl-1H-imidazol-3-ium diethyl phosphate,DTXSID9047889,0.9261558523816659
2,1-Methyl-4-phenylpyridinium iodide,DTXSID40880040,1.0426022415671963
2,17beta-Estradiol,DTXSID0020573,0.678311515333385
2,"1H,1H,2H,2H-Perfluorooctyl iodide",DTXSID2047565,0.7324474841916372
2,"2,2',4,4',5,5'-Hexabromodiphenyl ether",DTXSID4030047,1.3170338364454361
2,"2,2',4,4',5-Pentabromodiphenyl ether",DTXSID9030048,1.5531205516431217
2,"2,2',4,4'-Tetrabromodiphenyl ether",DTXSID3030056,1.0708145057415703
2,"2,2-Bis(4-hydroxyphenyl)-1,1,1-trichloroethane",DTXSID8022325,1.1395239998124826
2,2-(m-Chlorophenoxy)propionic acid,DTXSID9034232,1.2631521100771437
2,"2-Ethylhexyl 2,3,4,5-tetrabromobenzoate",DTXSID9052686,1.449064269456741
2,2-Ethylhexyl diphenyl phosphate,DTXSID1025300,1.1379488543490586
2,2-Methoxyethanol,DTXSID5024182,1.0683157924592224
2,"3,3',5,5'-Tetrabromobisphenol A",DTXSID1026081,1.0377243736864732
2,"3,3'-Iminobispropanenitrile",DTXSID2041464,0.8341848165957917
2,3-Iodo-2-propynyl-N-butylcarbamate,DTXSID0028038,0.8991350089015263
2,"4,4'-Sulfonyldiphenol",DTXSID3022409,1.3939339112500029
2,4H-Cyclopenta(def)phenanthrene,DTXSID1024887,0.8110865226098237
2,"5,5-Diphenylhydantoin",DTXSID8020541,0.892702301703108
2,5-Chloro-2-methyl-3(2H)-isothiazolone,DTXSID9034286,1.470972089964801
2,5-Fluorouracil,DTXSID2020634,1.9202949339684579
2,6-Methyl-2-thiouracil,DTXSID2020890,1.01551317845427
2,6-Propyl-2-thiouracil,DTXSID5021209,1.4561600144229074
2,6-aminopyridine-3-carboxamide,DTXSID5051446,2.002297601333276
2,Abamectin,DTXSID8023892,1.4307015563614272
2,Acenaphthene,DTXSID3021774,0.82317300055578
2,Acenaphthylene,DTXSID3023845,0.6249328531759881
2,Acephate,DTXSID8023846,1.5541485020932941
2,Acetaminophen,DTXSID2020006,0.5484624867464033
2,Acetamiprid,DTXSID0034300,1.4265158642854876
2,Acrylamide,DTXSID5020027,0.7996951814671702
2,Aldicarb,DTXSID0039223,1.3954747254081559
2,Aldrin,DTXSID8020040,1.249102489846131
2,Allethrin,parent:DTXSID2039336,0.9565215708740029
2,Amoxicillin,DTXSID3037044,1.0236969347969853
2,Anthracene,DTXSID0023878,0.7599455254972918
2,Aspirin,DTXSID5020108,0.9646746918876314
2,Atrazine,DTXSID9020112,0.8290774284220801
2,Auramine hydrochloride,DTXSID9020114,1.7339628232899145
2,Azoxystrobin,DTXSID0032520,1.4466377173133849
2,Bensulide,DTXSID9032329,1.477452028761323
2,Benz(a)anthracene,DTXSID5023902,0.8765751167187433
2,Benzo(b)fluoranthene,DTXSID0023907,0.8347850086987234
2,Benzo[a]pyrene,DTXSID2020139,0.8674507603226382
2,Benzo[e]pyrene,DTXSID3023764,1.26283787923079
2,"Benzo[g,h,i]perylene",DTXSID5023908,1.0502948125413727
2,Benzo[k]fluoranthene,DTXSID0023909,0.9075464345465012
2,Berberine chloride,DTXSID8024602,1.2099131808052659
2,Bifenthrin,DTXSID9020160,1.2594349216150102
2,Bis(2-ethylhexyl) tetrabromophthalate,DTXSID7027887,1.45999828631939
2,Bis(tributyltin)oxide,parent:DTXSID3027403,2.9674475523742094
2,Bisindolylmaleimide I,DTXSID50157932,1.3170063142366295
2,Bisphenol A,DTXSID7020182,0.9330683021007316
2,Bisphenol AF,DTXSID7037717,1.0172772170378546
2,Bisphenol B,DTXSID4022442,1.0371116453581484
2,Boric acid (H3BO3),DTXSID1020194,0.8403504203166328
2,Boscalid,DTXSID6034392,0.6587371898261042
2,Busulfan,DTXSID3020910,1.0160003173533272
2,CP-409092,DTXSID2047276,1.0479599360782657
2,CP-457920,DTXSID4047254,0.989611195499591
2,Cadmium(II) chloride hydrate (2:5),DTXSID4040183,3.2270818400186108
2,Caffeine,DTXSID0020232,1.0286022856373376
2,Captan,DTXSID9020243,0.8989462507625721
2,Captopril,DTXSID1037197,1.2096409719837626
2,Carbamazepine,DTXSID4022731,0.980107116654904
2,Carbaryl,DTXSID9020247,2.2584309666128557
2,Carbofuran,DTXSID9020249,0.7915222324954023
2,Cariporide mesylate,DTXSID3047344,1.0369456239020662
2,Chloramben,DTXSID2020262,0.8191817381885258
2,Chlordiazepoxide hydrochloride,DTXSID40880060,1.7210237483556816
2,Chlorendic acid,DTXSID2020268,1.0128719794931496
2,Chlorethoxyfos,DTXSID2032344,1.4029229105682166
2,Chlorpromazine hydrochloride,DTXSID7024827,1.6897489593407549
2,Chlorpyrifos,DTXSID4020458,1.4538036400762244
2,Chlorpyrifos oxon,DTXSID1038666,1.6259158990795441
2,Chrysene,DTXSID0022432,0.7799939966107131
2,Clodinafop-propargyl,DTXSID6032354,0.8015349523056008
2,Clothianidin,DTXSID2034465,0.7465481563158358
2,Clove leaf oil,DTXSID8044175,1.2726498537581965
2,Cocaine,DTXSID2038443,1.0217802314937443
2,Colchicine,DTXSID5024845,2.235248159550546
2,Cotinine,DTXSID1047576,0.7241051770744352
2,Coumaphos,DTXSID2020347,1.4206758334068987
2,Cyclophosphamide monohydrate,DTXSID6024888,1.1844406793250672
2,Cyfluthrin,DTXSID5035957,0.8105675752081783
2,Cymoxanil,DTXSID6032358,0.6222036341803956
2,Cypermethrin,DTXSID1023998,1.220352687938879
2,Cytarabine,DTXSID3022877,1.8659020353731086
2,D-Glucitol,DTXSID5023588,1.0502517462482204
2,D-Mannitol,DTXSID1023235,1.1919362967569005
2,DDT,parent:DTXSID4020375,1.6325311009051648
2,Deltamethrin,DTXSID8020381,1.1632632930963005
2,Dexamethasone,DTXSID3020384,1.3007060330847182
2,Dextroamphetamine sulfate,DTXSID2057865,0.8705477357263505
2,Di(2-ethylhexyl) phthalate,DTXSID5020607,1.505546698545912
2,Diazepam,DTXSID4020406,1.528145530566464
2,Diazinon,DTXSID9020407,1.179949920365043
2,Diazoxon,DTXSID5037523,1.3936425418176488
2,"Dibenz[a,c]anthracene",DTXSID9049245,0.969697860007801
2,"Dibenz[a,h]anthracene",DTXSID9020409,1.220405927693704
2,Dichlorvos,DTXSID5020449,0.9674592103779467
2,Dicrotophos,DTXSID9023914,1.1656511278893376
2,Dieldrin,DTXSID9020453,1.7039906668638989
2,Diethylene glycol,DTXSID8020462,0.9219107464394642
2,Diethylstilbestrol,DTXSID3020465,1.1086311719124367
2,Difpas-pyrazole,DTXSID6048175,1.3619304012496642
2,Dimethoate,DTXSID7020479,0.8305651094517297
2,Diphenhydramine hydrochloride,DTXSID4020537,1.3109305836716783
2,Disulfoton,DTXSID0022018,0.8146380722461549
2,Emamectin benzoate,DTXSID0034566,2.573723073141048
2,Enadoline,DTXSID4047258,1.3454478745741065
2,Endosulfan,DTXSID1020560,1.7730196684216992
2,Endrin,DTXSID6020561,1.5576318774890805
2,Erythromycin,DTXSID4022991,0.9447692225641807
2,Es-fenvalerate,DTXSID4032667,1.2363024292787523
2,Esketamine hydrochloride,DTXSID601027734,1.2837568538346618
2,Ethoprop,DTXSID4032611,1.1464380505970786
2,Etofenprox,DTXSID9032610,1.0485731294386684
2,Eugenol,DTXSID9020617,1.0805943031535243
2,Fenamiphos,DTXSID3024102,1.0021253254541715
2,Fenitrothion,DTXSID4032613,0.6560612706667761
2,Fenpropathrin,DTXSID0024002,1.146953566841423
2,Fipronil,DTXSID4034609,1.555177965582979
2,Firemaster 550,DTXSID70880073,0.93133083465668
2,Fluconazole,DTXSID3020627,0.9737335940476541
2,Flufenacet,DTXSID2032552,0.9126664589256019
2,Fluorene,DTXSID8024105,0.5936190659355771
2,Fluoxastrobin,DTXSID2034625,0.8764199143856359
2,Fluoxetine hydrochloride,DTXSID7020635,1.269372925189721
2,Flusilazole,DTXSID3024235,1.2607925721119255
2,Folic acid,DTXSID0022519,1.2415031354888222
2,Fosthiazate,DTXSID0034930,0.9039721563314522
2,Glycerol,DTXSID9020663,0.911361980677257
2,Glyphosate,DTXSID1024122,1.5405770540107633
2,Haloperidol,DTXSID4034150,1.5201533255203452
2,Heptachlor epoxide B,DTXSID1024126,1.905923640339724
2,Hexachlorophene,DTXSID6020690,1.8163081379509916
2,Hydroxyurea,DTXSID6025438,1.229836722911171
2,Imidacloprid,DTXSID5032442,1.1497257643220393
2,Isodecyl diphenyl phosphate,DTXSID3025465,0.8385967998780564
2,Isoniazid,DTXSID8020755,1.117104993818141
2,Kepone,DTXSID1020770,1.081226622868979
2,L-Ascorbic acid,DTXSID5020106,1.1495309630552515
2,L-Domoic acid,DTXSID20274180,1.5899809610895488
2,Lactofen,DTXSID7024160,0.9363723566634844
2,Lead(II) acetate trihydrate,DTXSID3031521,1.6508572609876313
2,Lindane,DTXSID2020686,1.6313634316143162
2,Loperamide,DTXSID00880006,1.8118080917305164
2,Lovastatin,DTXSID5020784,2.0097335426490837
2,Malaoxon,DTXSID9020790,1.033342646249205
2,Malathion,DTXSID4020791,0.8471498630399044
2,Mancozeb,DTXSID0034695,0.8656193417437938
2,Maneb,DTXSID9020794,0.992663923068682
2,Manganese dichloride,parent:DTXSID5027279,1.4177194490023524
2,Manganese(II) acetate,parent:DTXSID5027279,0.7847788887064999
2,Mercuric chloride,DTXSID5020811,1.3507978122373263
2,Methadone hydrochloride,DTXSID2020501,1.3872219541213486
2,Methamidophos,DTXSID6024177,1.1359698047587128
2,Methimazole,DTXSID4020820,1.1356201630230063
2,Methotrexate,DTXSID4020822,2.7528091635517304
2,Methoxychlor,DTXSID9020827,1.356051984377427
2,Methylmercuric(II) chloride,DTXSID5020813,2.080456774636416
2,Mevastatin,DTXSID4040684,1.4868856465623357
2,Mirex,DTXSID7020895,2.1985667283443533
2,Molinate,DTXSID6024206,0.9056354490096601
2,Naled,DTXSID1024209,1.372981783503212
2,Naloxone hydrochloride dihydrate,DTXSID90199452,1.103667665136821
2,Naphthalene,DTXSID8020913,1.089239719758659
2,"Octachloro-4,7-methanotetrahydroindane",DTXSID7020267,1.2152816256062626
2,Octylbicycloheptenedicarboximide,DTXSID6032562,0.9955182936535699
2,Omethoate,DTXSID4037580,1.0578206403411046
2,Oxidopamine hydrochloride,DTXSID0045838,1.3627385546948882
2,Paraquat dichloride,DTXSID7024243,2.110569938725788
2,Parathion,DTXSID7021100,0.8068501554155005
2,Perfluoroundecanoic acid,DTXSID8047553,0.9560297233998943
2,Permethrin,DTXSID8022292,1.7306346500095156
2,PharmaGSID_47330,DTXSID9047330,1.100227212518193
2,Phenanthrene,DTXSID6024254,0.6370287715217068
2,Phenobarbital,parent:DTXSID0021123,0.8983634830461886
2,Phenobarbital sodium,parent:DTXSID0021123,1.0198706972407974
2,Phenol,DTXSID5021124,1.1152009270986263
2,Phenylmercuric acetate,DTXSID7021150,1.4292346931393474
2,Phorate,DTXSID4032459,1.1679963881944366
2,Phosmet,DTXSID5024261,1.3002042029115481
2,Picoxystrobin,DTXSID9047542,1.136562963142648
2,Piperonyl butoxide,DTXSID1021166,1.350763373089451
2,Pirimiphos-methyl,DTXSID0024266,1.3957898100380504
2,Prallethrin,DTXSID0032572,0.8416826389516906
2,Pravastatin sodium,DTXSID6047525,1.964429912436681
2,Profenofos,DTXSID3032464,1.4173568650038848
2,Pyraclostrobin,DTXSID7032638,1.71160096635329
2,Pyrene,DTXSID3024289,0.6792687513619935
2,Reserpine,DTXSID7021237,1.555358599308779
2,Resmethrin,DTXSID7022253,0.9495444774959326
2,Retinoic acid,DTXSID7021239,1.5584831957100593
2,Rotenone,DTXSID6021248,1.755026229005199
2,S-Bioallethrin,parent:DTXSID2039336,0.9818809824386548
2,S-Ethyl dipropylthiocarbamate,DTXSID1024091,0.8286990985223257
2,Simvastatin,DTXSID0023581,1.9615301931031492
2,Sodium arsenite,DTXSID5020104,2.0703204583981596
2,Sodium benzoate,DTXSID1020140,0.9295379002454336
2,Sodium fluoride,DTXSID2020630,0.7626068968401173
2,Sodium orthovanadate,DTXSID2037269,1.3029017830480025
2,Sodium saccharin hydrate,DTXSID7021992,1.0480439524968208
2,Sodium valproate,DTXSID5037072,1.2652269798335802
2,Spirodiclofen,DTXSID6034928,0.6281496003625968
2,Spiroxamine,DTXSID1034212,1.7186163441566726
2,Tamoxifen,DTXSID1034187,1.5104496688431703
2,Tebuconazole,DTXSID9032113,2.1751591979176466
2,Tebupirimfos,DTXSID1032482,1.2783996340598769
2,Tefluthrin,DTXSID5032577,1.2287438220526261
2,Terbufos,DTXSID2022254,1.0338263136741437
2,Terbutaline hemisulfate,DTXSID3045437,1.597444004095014
2,Tetracycline,DTXSID7023645,0.9928101832382407
2,Tetraethylthiuram disulfide,DTXSID1021322,1.5147162601177848
2,Tetramethrin,DTXSID6032649,1.1056086491258572
2,Thalidomide,DTXSID9022524,1.642258898871446
2,Thiacloprid,DTXSID7034961,1.019754099506991
2,Thiamethoxam,DTXSID2034962,0.8090177738140343
2,Tribufos,DTXSID1024174,1.5911851102930383
2,Tributyltin chloride,parent:DTXSID3027403,1.2142221382757747
2,Tributyltin methacrylate,parent:DTXSID3027403,1.2852261506526315
2,Trichlorfon,DTXSID0021389,1.5147484145744727
2,Triclosan,DTXSID5032498,1.7477011122625121
2,Triethyltin bromide,DTXSID9040712,2.028830517635641
2,Trifloxystrobin,DTXSID4032580,1.4377266343825517
2,Trimethyltin hydroxide,DTXSID9032240,2.6071658805426843
2,Triphenyl phosphate,DTXSID1021952,0.8260334274973822
2,Triphenyl phosphates isopropylated,DTXSID4028880,1.1725622167258138
2,Triphenyl phosphite,DTXSID0026252,0.899075833907602
2,"Tris(1,3-dichloro-2-propyl) phosphate",DTXSID9026261,1.0680022737429793
2,Tris(2-chloroethyl) phosphate,DTXSID5021411,1.429587992486944
2,Tris(2-chloroisopropyl)phosphate,DTXSID5026259,1.0410230762608557
2,Tris(methylphenyl) phosphate,DTXSID4021391,0.9391167983222288
2,Valinomycin,DTXSID9041150,2.6367439238281682
2,Z-Tetrachlorvinphos,DTXSID1032648,1.5325401612312823
2,"o,p'-DDT",parent:DTXSID4020375,1.4281861182641313
2,"p,p'-DDD",DTXSID4020373,0.9935902388777784
2,"p,p'-DDE",DTXSID9020374,0.9009205332251081
2,tert-Butylhydroquinone,DTXSID6020220,1.2690412408729546
2,tert-Butylphenyl diphenyl phosphate,DTXSID6024701,1.3521159155880962
3,(-)-Nicotine,DTXSID1020930,1.621855999893335
3,(Methylcyclopentadienyl)tricarbonylmanganese,DTXSID9027738,0.8908558003470549
3,"1,2-Propylene glycol",DTXSID0021206,1.5612709346829572
3,1-Ethyl-3-methyl-1H-imidazol-3-ium diethyl phosphate,DTXSID9047889,0.862056279429849
3,1-Methyl-4-phenylpyridinium iodide,DTXSID40880040,1.0986768507517346
3,17beta-Estradiol,DTXSID0020573,0.6853186297886705
3,"1H,1H,2H,2H-Perfluorooctyl iodide",DTXSID2047565,0.668261067686035
3,"2,2',4,4',5,5'-Hexabromodiphenyl ether",DTXSID4030047,1.2740755268462702
3,"2,2',4,4',5-Pentabromodiphenyl ether",DTXSID9030048,1.31793328407394
3,"2,2',4,4'-Tetrabromodiphenyl ether",DTXSID3030056,1.0466025629240139
3,"2,2-Bis(4-hydroxyphenyl)-1,1,1-trichloroethane",DTXSID8022325,1.1428829415404311
3,2-(m-Chlorophenoxy)propionic acid,DTXSID9034232,1.2368012181661157
3,"2-Ethylhexyl 2,3,4,5-tetrabromobenzoate",DTXSID9052686,1.4443892866544752
3,2-Ethylhexyl diphenyl phosphate,DTXSID1025300,1.0287856964840087
3,2-Methoxyethanol,DTXSID5024182,0.834719340052765
3,"3,3',5,5'-Tetrabromobisphenol A",DTXSID1026081,0.7992370988166508
3,"3,3'-Iminobispropanenitrile",DTXSID2041464,0.7316437929408339
3,3-Iodo-2-propynyl-N-butylcarbamate,DTXSID0028038,0.9344875184960488
3,"4,4'-Sulfonyldiphenol",DTXSID3022409,1.201020341662358
3,4H-Cyclopenta(def)phenanthrene,DTXSID1024887,0.7935566520670057
3,"5,5-Diphenylhydantoin",DTXSID8020541,0.8734311771999203
3,5-Chloro-2-methyl-3(2H)-isothiazolone,DTXSID9034286,1.125875077317294
3,5-Fluorouracil,DTXSID2020634,1.3087249459035917
3,6-Methyl-2-thiouracil,DTXSID2020890,0.9202649104835048
3,6-Propyl-2-thiouracil,DTXSID5021209,1.5925906390526523
3,6-aminopyridine-3-carboxamide,DTXSID5051446,1.6420934178295077
3,Abamectin,DTXSID8023892,1.5146944426782611
3,Acenaphthene,DTXSID3021774,0.7579670943164563
3,Acenaphthylene,DTXSID3023845,0.6691318632051716
3,Acephate,DTXSID8023846,1.4385914284621744
3,Acetaminophen,DTXSID2020006,0.45451397914889374
3,Acetamiprid,DTXSID0034300,1.3710712143842314
3,Acrylamide,DTXSID5020027,0.7746575584071749
3,Aldicarb,DTXSID0039223,1.0500496002314719
3,Aldrin,DTXSID8020040,1.1208300905376298
3,Allethrin,parent:DTXSID2039336,1.045022679005934
3,Amoxicillin,DTXSID3037044,1.050263489088025
3,Anthracene,DTXSID0023878,0.8073303592981986
3,Aspirin,DTXSID5020108,0.7805363109049416
3,Atrazine,DTXSID9020112,0.8802164890452682
3,Auramine hydrochloride,DTXSID9020114,1.2861091416870183
3,Azoxystrobin,DTXSID0032520,1.1715540120354486
3,Bensulide,DTXSID9032329,1.1201283131157904
3,Benz(a)anthracene,DTXSID5023902,0.8840539738702716
3,Benzo(b)fluoranthene,DTXSID0023907,0.9358844724702935
3,Benzo[a]pyrene,DTXSID2020139,0.7877299224999974
3,Benzo[e]pyrene,DTXSID3023764,1.1095098830896595
3,"Benzo[g,h,i]perylene",DTXSID5023908,0.9882795250749942
3,Benzo[k]fluoranthene,DTXSID0023909,0.9326460225840076
3,Berberine chloride,DTXSID8024602,1.1852879725639243
3,Bifenthrin,DTXSID9020160,1.5016321918086077
3,Bis(2-ethylhexyl) tetrabromophthalate,DTXSID7027887,1.2897394554168726
3,Bis(tributyltin)oxide,parent:DTXSID3027403,2.2864770003407804
3,Bisindolylmaleimide I,DTXSID50157932,1.047259857491863
3,Bisphenol A,DTXSID7020182,0.862816967362732
3,Bisphenol AF,DTXSID7037717,1.0300199342725986
3,Bisphenol B,DTXSID4022442,0.9763586390197148
3,Boric acid (H3BO3),DTXSID1020194,0.7783386179954823
3,Boscalid,DTXSID6034392,0.7788661056224685
3,Busulfan,DTXSID3020910,0.7717905479728457
3,CP-409092,DTXSID2047276,1.0147866621620667
3,CP-457920,DTXSID4047254,1.0324086062876714
3,Cadmium(II) chloride hydrate (2:5),DTXSID4040183,1.731252437231925
3,Caffeine,DTXSID0020232,1.1597450584042561
3,Captan,DTXSID9020243,0.9276386833409079
3,Captopril,DTXSID1037197,1.151056235448072
3,Carbamazepine,DTXSID4022731,0.9922926010870766
3,Carbaryl,DTXSID9020247,1.8470814229081465
3,Carbofuran,DTXSID9020249,0.9010843768832713
3,Cariporide mesylate,DTXSID3047344,1.0239287866233266
3,Chloramben,DTXSID2020262,0.8073786324077915
3,Chlordiazepoxide hydrochloride,DTXSID40880060,1.6221068053426553
3,Chlorendic acid,DTXSID2020268,0.8422178501349145
3,Chlorethoxyfos,DTXSID2032344,1.35870652671665
3,Chlorpromazine hydrochloride,DTXSID7024827,1.3620029824602038
3,Chlorpyrifos,DTXSID4020458,1.115141690550865
3,Chlorpyrifos oxon,DTXSID1038666,1.781509961740929
3,Chrysene,DTXSID0022432,0.9009879442642654
3,Clodinafop-propargyl,DTXSID6032354,0.7952924513740943
3,Clothianidin,DTXSID2034465,0.8346509885772742
3,Clove leaf oil,DTXSID8044175,1.267001178860387
3,Cocaine,DTXSID2038443,0.7098776775783079
3,Colchicine,DTXSID5024845,2.399309892883978
3,Cotinine,DTXSID1047576,0.716943551889807
3,Coumaphos,DTXSID2020347,1.3219219475170818
3,Cyclophosphamide monohydrate,DTXSID6024888,1.1451106849553352
3,Cyfluthrin,DTXSID5035957,0.8551601813815575
3,Cymoxanil,DTXSID6032358,0.9395952212183714
3,Cypermethrin,DTXSID1023998,1.2133768143049966
3,Cytarabine,DTXSID3022877,1.4317220585558148
3,D-Glucitol,DTXSID5023588,1.0680260681265767
3,D-Mannitol,DTXSID1023235,1.0405127504056328
3,DDT,parent:DTXSID4020375,0.9579530484217471
3,Deltamethrin,DTXSID8020381,1.135402469800837
3,Dexamethasone,DTXSID3020384,0.996825834025962
3,Dextroamphetamine sulfate,DTXSID2057865,0.9439814053339074
3,Di(2-ethylhexyl) phthalate,DTXSID5020607,1.6232359014056867
3,Diazepam,DTXSID4020406,1.4935535967607732
3,Diazinon,DTXSID9020407,1.1413370435239247
3,Diazoxon,DTXSID5037523,1.0017584603616954
3,"Dibenz[a,c]anthracene",DTXSID9049245,1.0507135263120588
3,"Dibenz[a,h]anthracene",DTXSID9020409,1.0175858926901964
3,Dichlorvos,DTXSID5020449,0.9607501338968694
3,Dicrotophos,DTXSID9023914,1.0655969128656149
3,Dieldrin,DTXSID9020453,1.6303038465762107
3,Diethylene glycol,DTXSID8020462,0.9667474822391389
3,Diethylstilbestrol,DTXSID3020465,1.2831909391758263
3,Difpas-pyrazole,DTXSID6048175,1.4635825834093312
3,Dimethoate,DTXSID7020479,0.8029706369100538
3,Diphenhydramine hydrochloride,DTXSID4020537,1.1036523725352319
3,Disulfoton,DTXSID0022018,0.5415955008200741
3,Emamectin benzoate,DTXSID0034566,1.8890175087445207
3,Enadoline,DTXSID4047258,1.2041352607822327
3,Endosulfan,DTXSID1020560,1.5228073401772932
3,Endrin,DTXSID6020561,1.4486336811784855
3,Erythromycin,DTXSID4022991,0.9080046745179413
3,Es-fenvalerate,DTXSID4032667,1.029088847870189
3,Esketamine hydrochloride,DTXSID601027734,1.1824429191811774
3,Ethoprop,DTXSID4032611,1.01880770929216
3,Etofenprox,DTXSID9032610,1.0401700643757548
3,Eugenol,DTXSID9020617,1.1963395766498588
3,Fenamiphos,DTXSID3024102,0.8980823405463877
3,Fenitrothion,DTXSID4032613,0.6643745429493463
3,Fenpropathrin,DTXSID0024002,0.9711278677500677
3,Fipronil,DTXSID4034609,1.4161141152804355
3,Firemaster 550,DTXSID70880073,0.9039445975878209
3,Fluconazole,DTXSID3020627,0.903646741421358
3,Flufenacet,DTXSID2032552,0.7848314677505036
3,Fluorene,DTXSID8024105,0.6481763975797323
3,Fluoxastrobin,DTXSID2034625,0.8219359527720889
3,Fluoxetine hydrochloride,DTXSID7020635,1.1449192904317094
3,Flusilazole,DTXSID3024235,1.264567553798588
3,Folic acid,DTXSID0022519,1.1107126183345142
3,Fosthiazate,DTXSID0034930,0.8790303891472423
3,Glycerol,DTXSID9020663,0.6318988488621493
3,Glyphosate,DTXSID1024122,1.449022837861136
3,Haloperidol,DTXSID4034150,1.5712062965104914
3,Heptachlor epoxide B,DTXSID1024126,1.9424985019032555
3,Hexachlorophene,DTXSID6020690,1.3211575535547484
3,Hydroxyurea,DTXSID6025438,1.1367121973499548
3,Imidacloprid,DTXSID5032442,1.0222383770528953
3,Isodecyl diphenyl phosphate,DTXSID3025465,0.7931023055839452
3,Isoniazid,DTXSID8020755,1.1155817639704197
3,Kepone,DTXSID1020770,1.0275066281076468
3,L-Ascorbic acid,DTXSID5020106,1.1352735364332092
3,L-Domoic acid,DTXSID20274180,1.3045857146110573
3,Lactofen,DTXSID7024160,0.8878950090302778
3,Lead(II) acetate trihydrate,DTXSID3031521,1.9181814364842737
3,Lindane,DTXSID2020686,1.6387284914611988
3,Loperamide,DTXSID00880006,1.2318198473928021
3,Lovastatin,DTXSID5020784,1.3845591339628465
3,Malaoxon,DTXSID9020790,0.9069521777718886
3,Malathion,DTXSID4020791,0.8901429715851752
3,Mancozeb,DTXSID0034695,0.7129930462497471
3,Maneb,DTXSID9020794,1.0731977284347765
3,Manganese dichloride,parent:DTXSID5027279,1.1306511318269803
3,Manganese(II) acetate,parent:DTXSID5027279,0.7856561030343056
3,Mercuric chloride,DTXSID5020811,1.29300421320022
3,Methadone hydrochloride,DTXSID2020501,1.1742946730942374
3,Methamidophos,DTXSID6024177,0.9076235921814076
3,Methimazole,DTXSID4020820,1.1932753379347734
3,Methotrexate,DTXSID4020822,1.4691483097468
3,Methoxychlor,DTXSID9020827,1.4274536157343563
3,Methylmercuric(II) chloride,DTXSID5020813,2.1353448925658745
3,Mevastatin,DTXSID4040684,1.3062989691766638
3,Mirex,DTXSID7020895,1.4987156256872671
3,Molinate,DTXSID6024206,0.9263201165539575
3,Naled,DTXSID1024209,1.4416297168821643
3,Naloxone hydrochloride dihydrate,DTXSID90199452,1.1534644969735521
3,Naphthalene,DTXSID8020913,1.0619495525323321
3,"Octachloro-4,7-methanotetrahydroindane",DTXSID7020267,1.0985755365263206
3,Octylbicycloheptenedicarboximide,DTXSID6032562,1.0133254635735875
3,Omethoate,DTXSID4037580,1.07679602791502
3,Oxidopamine hydrochloride,DTXSID0045838,1.0639301781198056
3,Paraquat dichloride,DTXSID7024243,1.2249441291930552
3,Parathion,DTXSID7021100,0.825883724549325
3,Perfluoroundecanoic acid,DTXSID8047553,0.9975390790186858
3,Permethrin,DTXSID8022292,1.3912504893105755
3,PharmaGSID_47330,DTXSID9047330,1.1078669808765158
3,Phenanthrene,DTXSID6024254,0.5248230518422475
3,Phenobarbital,parent:DTXSID0021123,1.1563264517245728
3,Phenobarbital sodium,parent:DTXSID0021123,0.7935992907574735
3,Phenol,DTXSID5021124,1.0944866645302445
3,Phenylmercuric acetate,DTXSID7021150,1.0578560821227754
3,Phorate,DTXSID4032459,1.2795380416359259
3,Phosmet,DTXSID5024261,1.3148990354817034
3,Picoxystrobin,DTXSID9047542,1.1934696414015251
3,Piperonyl butoxide,DTXSID1021166,1.247024862972296
3,Pirimiphos-methyl,DTXSID0024266,1.2935700112631223
3,Prallethrin,DTXSID0032572,0.8460055697967327
3,Pravastatin sodium,DTXSID6047525,1.5890660269865984
3,Profenofos,DTXSID3032464,1.237344684379171
3,Pyraclostrobin,DTXSID7032638,1.4112557103950465
3,Pyrene,DTXSID3024289,0.6604573922578645
3,Reserpine,DTXSID7021237,1.922879183733269
3,Resmethrin,DTXSID7022253,0.9264873029662427
3,Retinoic acid,DTXSID7021239,1.4474318136042268
3,Rotenone,DTXSID6021248,1.5926060467486078
3,S-Bioallethrin,parent:DTXSID2039336,1.0080040402288675
3,S-Ethyl dipropylthiocarbamate,DTXSID1024091,1.0180160514158838
3,Simvastatin,DTXSID0023581,1.7576487952042015
3,Sodium arsenite,DTXSID5020104,1.5164263105678033
3,Sodium benzoate,DTXSID1020140,0.9391353316089376
3,Sodium fluoride,DTXSID2020630,0.738646705372523
3,Sodium orthovanadate,DTXSID2037269,1.1006875104275244
3,Sodium saccharin hydrate,DTXSID7021992,1.2034640528194882
3,Sodium valproate,DTXSID5037072,1.1892518171583117
3,Spirodiclofen,DTXSID6034928,0.673859882710482
3,Spiroxamine,DTXSID1034212,1.7829533438721028
3,Tamoxifen,DTXSID1034187,1.3729554270695319
3,Tebuconazole,DTXSID9032113,2.1683313678879332
3,Tebupirimfos,DTXSID1032482,1.4947651930044352
3,Tefluthrin,DTXSID5032577,1.0307535568312636
3,Terbufos,DTXSID2022254,1.3702489172982346
3,Terbutaline hemisulfate,DTXSID3045437,1.1676109335432578
3,Tetracycline,DTXSID7023645,0.9502991747995001
3,Tetraethylthiuram disulfide,DTXSID1021322,1.4281232954733662
3,Tetramethrin,DTXSID6032649,0.8167603985624179
3,Thalidomide,DTXSID9022524,1.3209088535202467
3,Thiacloprid,DTXSID7034961,0.9767103409453302
3,Thiamethoxam,DTXSID2034962,0.7964690863707478
3,Tribufos,DTXSID1024174,1.3514343942536202
3,Tributyltin chloride,parent:DTXSID3027403,1.0965544651942127
3,Tributyltin methacrylate,parent:DTXSID3027403,1.2362681952856314
3,Trichlorfon,DTXSID0021389,1.2203898633437618
3,Triclosan,DTXSID5032498,1.2825890023115338
3,Triethyltin bromide,DTXSID9040712,1.98793066940463
3,Trifloxystrobin,DTXSID4032580,1.2507695615465018
3,Trimethyltin hydroxide,DTXSID9032240,2.6483300353082395
3,Triphenyl phosphate,DTXSID1021952,0.8136959963204774
3,Triphenyl phosphates isopropylated,DTXSID4028880,1.1418918840544419
3,Triphenyl phosphite,DTXSID0026252,0.8867141612572217
3,"Tris(1,3-dichloro-2-propyl) phosphate",DTXSID9026261,1.1667009492142055
3,Tris(2-chloroethyl) phosphate,DTXSID5021411,1.2694929995420012
3,Tris(2-chloroisopropyl)phosphate,DTXSID5026259,0.8229217083030964
3,Tris(methylphenyl) phosphate,DTXSID4021391,0.894604532099247
3,Valinomycin,DTXSID9041150,2.7715715061159445
3,Z-Tetrachlorvinphos,DTXSID1032648,1.3151980900913383
3,"o,p'-DDT",parent:DTXSID4020375,1.112654103158597
3,"p,p'-DDD",DTXSID4020373,0.9259295964656534
3,"p,p'-DDE",DTXSID9020374,1.0722755120715146
3,tert-Butylhydroquinone,DTXSID6020220,0.9096282464461736
3,tert-Butylphenyl diphenyl phosphate,DTXSID6024701,1.1900537065918044
4,(-)-Nicotine,DTXSID1020930,1.405774339547209
4,(Methylcyclopentadienyl)tricarbonylmanganese,DTXSID9027738,0.8627992189899718
4,"1,2-Propylene glycol",DTXSID0021206,1.585341438630579
4,1-Ethyl-3-methyl-1H-imidazol-3-ium diethyl phosphate,DTXSID9047889,0.889273622523899
4,1-Methyl-4-phenylpyridinium iodide,DTXSID40880040,1.0290597422965146
4,17beta-Estradiol,DTXSID0020573,0.6380250850606962
4,"1H,1H,2H,2H-Perfluorooctyl iodide",DTXSID2047565,0.661595141837908
4,"2,2',4,4',5,5'-Hexabromodiphenyl ether",DTXSID4030047,1.1385735061602307
4,"2,2',4,4',5-Pentabromodiphenyl ether",DTXSID9030048,1.7320522734638355
4,"2,2',4,4'-Tetrabromodiphenyl ether",DTXSID3030056,0.9595788448995186
4,"2,2-Bis(4-hydroxyphenyl)-1,1,1-trichloroethane",DTXSID8022325,1.120611267089521
4,2-(m-Chlorophenoxy)propionic acid,DTXSID9034232,1.2594442841980193
4,"2-Ethylhexyl 2,3,4,5-tetrabromobenzoate",DTXSID9052686,1.1477279160916045
4,2-Ethylhexyl diphenyl phosphate,DTXSID1025300,1.2888127773654312
4,2-Methoxyethanol,DTXSID5024182,0.8220814299981065
4,"3,3',5,5'-Tetrabromobisphenol A",DTXSID1026081,0.8015631277512305
4,"3,3'-Iminobispropanenitrile",DTXSID2041464,0.6454154785249597
4,3-Iodo-2-propynyl-N-butylcarbamate,DTXSID0028038,0.7774073600798552
4,"4,4'-Sulfonyldiphenol",DTXSID3022409,1.0326020895356405
4,4H-Cyclopenta(def)phenanthrene,DTXSID1024887,0.7675645764987017
4,"5,5-Diphenylhydantoin",DTXSID8020541,0.8244388219371619
4,5-Chloro-2-methyl-3(2H)-isothiazolone,DTXSID9034286,1.3497645282708022
4,5-Fluorouracil,DTXSID2020634,1.496252795820173
4,6-Methyl-2-thiouracil,DTXSID2020890,0.9161426103540741
4,6-Propyl-2-thiouracil,DTXSID5021209,1.3086776650007523
4,6-aminopyridine-3-carboxamide,DTXSID5051446,1.494675100098363
4,Abamectin,DTXSID8023892,1.523642925621717
4,Acenaphthene,DTXSID3021774,0.7580692594432791
4,Acenaphthylene,DTXSID3023845,0.6069515475773655
4,Acephate,DTXSID8023846,1.6728070360573812
4,Acetaminophen,DTXSID2020006,0.4121386476589867
4,Acetamiprid,DTXSID0034300,1.4078083259625067
4,Acrylamide,DTXSID5020027,0.7580500323068777
4,Aldicarb,DTXSID0039223,1.3114153182625023
4,Aldrin,DTXSID8020040,1.0278968166473352
4,Allethrin,parent:DTXSID2039336,0.9944627397462023
4,Amoxicillin,DTXSID3037044,1.0314717856097766
4,Anthracene,DTXSID0023878,0.7368572108613831
4,Aspirin,DTXSID5020108,0.6089179423344493
4,Atrazine,DTXSID9020112,0.7442597783134286
4,Auramine hydrochloride,DTXSID9020114,1.010973843336744
4,Azoxystrobin,DTXSID0032520,1.2413439853674106
4,Bensulide,DTXSID9032329,1.3738158449055295
4,Benz(a)anthracene,DTXSID5023902,0.952630334039163
4,Benzo(b)fluoranthene,DTXSID0023907,0.7877803648528852
4,Benzo[a]pyrene,DTXSID2020139,0.8372616775730485
4,Benzo[e]pyrene,DTXSID3023764,1.1900294228795092
4,"Benzo[g,h,i]perylene",DTXSID5023908,0.9981873207960028
4,Benzo[k]fluoranthene,DTXSID0023909,0.8808413131678172
4,Berberine chloride,DTXSID8024602,1.137631632614762
4,Bifenthrin,DTXSID9020160,1.1048642698743278
4,Bis(2-ethylhexyl) tetrabromophthalate,DTXSID7027887,1.4069014977593457
4,Bis(tributyltin)oxide,parent:DTXSID3027403,2.023952010980685
4,Bisindolylmaleimide I,DTXSID50157932,1.0185094241582577
4,Bisphenol A,DTXSID7020182,0.8664540078008166
4,Bisphenol AF,DTXSID7037717,0.9510559521071091
4,Bisphenol B,DTXSID4022442,0.953127366597996
4,Boric acid (H3BO3),DTXSID1020194,0.7725350070055623
4,Boscalid,DTXSID6034392,0.6269721554028016
4,Busulfan,DTXSID3020910,0.6801849204630823
4,CP-409092,DTXSID2047276,1.0434253603185846
4,CP-457920,DTXSID4047254,1.0433330942344436
4,Cadmium(II) chloride hydrate (2:5),DTXSID4040183,2.038889260497674
4,Caffeine,DTXSID0020232,1.0971725068694493
4,Captan,DTXSID9020243,0.7092840287267265
4,Captopril,DTXSID1037197,1.0785826197636479
4,Carbamazepine,DTXSID4022731,0.9809971329226539
4,Carbaryl,DTXSID9020247,1.7094139307265035
4,Carbofuran,DTXSID9020249,0.8280006953150745
4,Cariporide mesylate,DTXSID3047344,0.9987385862930342
4,Chloramben,DTXSID2020262,0.752296548543639
4,Chlordiazepoxide hydrochloride,DTXSID40880060,2.319570491975143
4,Chlorendic acid,DTXSID2020268,0.805585134787459
4,Chlorethoxyfos,DTXSID2032344,0.9548517306320313
4,Chlorpromazine hydrochloride,DTXSID7024827,1.0733581341593363
4,Chlorpyrifos,DTXSID4020458,1.2727905359094909
4,Chlorpyrifos oxon,DTXSID1038666,1.6207373654004342
4,Chrysene,DTXSID0022432,0.7850727592873745
4,Clodinafop-propargyl,DTXSID6032354,0.8112093578573834
4,Clothianidin,DTXSID2034465,0.7305620510379458
4,Clove leaf oil,DTXSID8044175,1.3084225458672143
4,Cocaine,DTXSID2038443,0.9857929461154693
4,Colchicine,DTXSID5024845,1.4653313298488595
4,Cotinine,DTXSID1047576,0.6691673336890777
4,Coumaphos,DTXSID2020347,1.3866820644506526
4,Cyclophosphamide monohydrate,DTXSID6024888,1.066112201491863
4,Cyfluthrin,DTXSID5035957,0.8386200859181056
4,Cymoxanil,DTXSID6032358,0.5708916142443881
4,Cypermethrin,DTXSID1023998,1.0015483208703801
4,Cytarabine,DTXSID3022877,1.6376432271999266
4,D-Glucitol,DTXSID5023588,0.9616215603505353
4,D-Mannitol,DTXSID1023235,0.8989154024391641
4,DDT,parent:DTXSID4020375,1.0613320618721969
4,Deltamethrin,DTXSID8020381,1.1851828577049945
4,Dexamethasone,DTXSID3020384,1.201327890834259
4,Dextroamphetamine sulfate,DTXSID2057865,0.8102105644788182
4,Di(2-ethylhexyl) phthalate,DTXSID5020607,1.480730323721151
4,Diazepam,DTXSID4020406,1.5735439103869566
4,Diazinon,DTXSID9020407,1.1136867884991042
4,Diazoxon,DTXSID5037523,1.5766108101849552
4,"Dibenz[a,c]anthracene",DTXSID9049245,0.9260999500805707
4,"Dibenz[a,h]anthracene",DTXSID9020409,0.8484715448331268
4,Dichlorvos,DTXSID5020449,1.039049277010493
4,Dicrotophos,DTXSID9023914,0.9167042784230928
4,Dieldrin,DTXSID9020453,2.1902337121782236
4,Diethylene glycol,DTXSID8020462,0.9769642869847124
4,Diethylstilbestrol,DTXSID3020465,1.4080563804672184
4,Difpas-pyrazole,DTXSID6048175,1.390889358555507
4,Dimethoate,DTXSID7020479,0.8563665166081599
4,Diphenhydramine hydrochloride,DTXSID4020537,1.0709707599797154
4,Disulfoton,DTXSID0022018,0.5940672927189163
4,Emamectin benzoate,DTXSID0034566,1.821611153226409
4,Enadoline,DTXSID4047258,1.3332494290896828
4,Endosulfan,DTXSID1020560,1.4839266477768431
4,Endrin,DTXSID6020561,1.1904856591559276
4,Erythromycin,DTXSID4022991,0.8461198011614833
4,Es-fenvalerate,DTXSID4032667,1.0805553059248632
4,Esketamine hydrochloride,DTXSID601027734,1.0167676777691346
4,Ethoprop,DTXSID4032611,1.0489207526594835
4,Etofenprox,DTXSID9032610,0.8941436414581514
4,Eugenol,DTXSID9020617,1.0671155302760638
4,Fenamiphos,DTXSID3024102,0.9216875934938035
4,Fenitrothion,DTXSID4032613,0.6343348821852809
4,Fenpropathrin,DTXSID0024002,1.0737482211867255
4,Fipronil,DTXSID4034609,1.0486524538002264
4,Firemaster 550,DTXSID70880073,0.8926035056810978
4,Fluconazole,DTXSID3020627,1.0227652267314895
4,Flufenacet,DTXSID2032552,0.76945802279235
4,Fluorene,DTXSID8024105,0.6687493482843502
4,Fluoxastrobin,DTXSID2034625,0.8969588673520722
4,Fluoxetine hydrochloride,DTXSID7020635,1.2624519156362841
4,Flusilazole,DTXSID3024235,1.1710874579511348
4,Folic acid,DTXSID0022519,1.0988308636884858
4,Fosthiazate,DTXSID0034930,0.8939453365346095
4,Glycerol,DTXSID9020663,0.6569715193644059
4,Glyphosate,DTXSID1024122,1.3137610613786972
4,Haloperidol,DTXSID4034150,1.2806549950742725
4,Heptachlor epoxide B,DTXSID1024126,1.7916883774731711
4,Hexachlorophene,DTXSID6020690,1.4788517533284686
4,Hydroxyurea,DTXSID6025438,1.1281730310872709
4,Imidacloprid,DTXSID5032442,1.1900415253527297
4,Isodecyl diphenyl phosphate,DTXSID3025465,0.8265143202406261
4,Isoniazid,DTXSID8020755,1.09978864630845
4,Kepone,DTXSID1020770,0.8611488196799548
4,L-Ascorbic acid,DTXSID5020106,0.8560277565205621
4,L-Domoic acid,DTXSID20274180,1.4008792750255092
4,Lactofen,DTXSID7024160,0.7618409723587796
4,Lead(II) acetate trihydrate,DTXSID3031521,1.4861822903663797
4,Lindane,DTXSID2020686,1.4690922597388618
4,Loperamide,DTXSID00880006,1.2505599566464956
4,Lovastatin,DTXSID5020784,1.361605194478167
4,Malaoxon,DTXSID9020790,0.9413156497844559
4,Malathion,DTXSID4020791,0.8208763552305118
4,Mancozeb,DTXSID0034695,0.714719294300452
4,Maneb,DTXSID9020794,0.9586609841398106
4,Manganese dichloride,parent:DTXSID5027279,1.288341811955156
4,Manganese(II) acetate,parent:DTXSID5027279,0.7478255596279102
4,Mercuric chloride,DTXSID5020811,1.170110551886188
4,Methadone hydrochloride,DTXSID2020501,1.2352573033623813
4,Methamidophos,DTXSID6024177,0.9027951643548879
4,Methimazole,DTXSID4020820,1.1965759777820417
4,Methotrexate,DTXSID4020822,1.6904911558938287
4,Methoxychlor,DTXSID9020827,1.4906064746296668
4,Methylmercuric(II) chloride,DTXSID5020813,1.6723508546788657
4,Mevastatin,DTXSID4040684,1.4600054423356017
4,Mirex,DTXSID7020895,1.8826914514319355
4,Molinate,DTXSID6024206,0.837625355009278
4,Naled,DTXSID1024209,1.665745930900919
4,Naloxone hydrochloride dihydrate,DTXSID90199452,0.9266703860223438
4,Naphthalene,DTXSID8020913,1.3364581566451132
4,"Octachloro-4,7-methanotetrahydroindane",DTXSID7020267,1.0391265604770745
4,Octylbicycloheptenedicarboximide,DTXSID6032562,0.9955913543383282
4,Omethoate,DTXSID4037580,1.1356450150212605
4,Oxidopamine hydrochloride,DTXSID0045838,1.1058535972684946
4,Paraquat dichloride,DTXSID7024243,1.6443523772230537
4,Parathion,DTXSID7021100,0.82386163126224
4,Perfluoroundecanoic acid,DTXSID8047553,0.8736416820163676
4,Permethrin,DTXSID8022292,1.3561942592291953
4,PharmaGSID_47330,DTXSID9047330,1.050208471236049
4,Phenanthrene,DTXSID6024254,0.4522622088110981
4,Phenobarbital,parent:DTXSID0021123,1.122716018945161
4,Phenobarbital sodium,parent:DTXSID0021123,0.9453563898530563
4,Phenol,DTXSID5021124,0.9529815300005111
4,Phenylmercuric acetate,DTXSID7021150,1.0489255913818905
4,Phorate,DTXSID4032459,1.2585258573848248
4,Phosmet,DTXSID5024261,1.0200382955349443
4,Picoxystrobin,DTXSID9047542,1.0089984028788996
4,Piperonyl butoxide,DTXSID1021166,1.4458122980924062
4,Pirimiphos-methyl,DTXSID0024266,1.1889229413202131
4,Prallethrin,DTXSID0032572,0.832522525513569
4,Pravastatin sodium,DTXSID6047525,1.3786597714612934
4,Profenofos,DTXSID3032464,1.3166671388875328
4,Pyraclostrobin,DTXSID7032638,1.5381530742059888
4,Pyrene,DTXSID3024289,0.6819083149742058
4,Reserpine,DTXSID7021237,1.4960643628994634
4,Resmethrin,DTXSID7022253,0.7916122476024905
4,Retinoic acid,DTXSID7021239,1.4178457705483114
4,Rotenone,DTXSID6021248,1.277003401372273
4,S-Bioallethrin,parent:DTXSID2039336,0.9277410668668177
4,S-Ethyl dipropylthiocarbamate,DTXSID1024091,0.6814569828540711
4,Simvastatin,DTXSID0023581,1.6855576834062589
4,Sodium arsenite,DTXSID5020104,1.5069882847855423
4,Sodium benzoate,DTXSID1020140,0.8529440441918572
4,Sodium fluoride,DTXSID2020630,0.8320064582138557
4,Sodium orthovanadate,DTXSID2037269,1.1357373714991759
4,Sodium saccharin hydrate,DTXSID7021992,0.9020224667860293
4,Sodium valproate,DTXSID5037072,0.9845439102486697
4,Spirodiclofen,DTXSID6034928,0.5838319550443023
4,Spiroxamine,DTXSID1034212,1.5125974972813192
4,Tamoxifen,DTXSID1034187,1.3628705229838751
4,Tebuconazole,DTXSID9032113,2.2419096227237807
4,Tebupirimfos,DTXSID1032482,1.5598053524298794
4,Tefluthrin,DTXSID5032577,0.9873316573502597
4,Terbufos,DTXSID2022254,0.9501209729508581
4,Terbutaline hemisulfate,DTXSID3045437,1.0691619803579513
4,Tetracycline,DTXSID7023645,0.9685038013223195
4,Tetraethylthiuram disulfide,DTXSID1021322,0.9974090677808125
4,Tetramethrin,DTXSID6032649,0.7376480419684075
4,Thalidomide,DTXSID9022524,1.439580650106405
4,Thiacloprid,DTXSID7034961,0.9786587014162151
4,Thiamethoxam,DTXSID2034962,0.8630466388981952
4,Tribufos,DTXSID1024174,1.1154539980685796
4,Tributyltin chloride,parent:DTXSID3027403,0.9832545379102753
4,Tributyltin methacrylate,parent:DTXSID3027403,1.3239463700168799
4,Trichlorfon,DTXSID0021389,1.2123429424138754
4,Triclosan,DTXSID5032498,1.1546061797732328
4,Triethyltin bromide,DTXSID9040712,1.6691855277998175
4,Trifloxystrobin,DTXSID4032580,1.1213237003872618
4,Trimethyltin hydroxide,DTXSID9032240,2.0073461080123054
4,Triphenyl phosphate,DTXSID1021952,0.8496806514102035
4,Triphenyl phosphates isopropylated,DTXSID4028880,1.2151656175477497
4,Triphenyl phosphite,DTXSID0026252,0.8188931727278692
4,"Tris(1,3-dichloro-2-propyl) phosphate",DTXSID9026261,1.009499517189708
4,Tris(2-chloroethyl) phosphate,DTXSID5021411,1.3846058880268397
4,Tris(2-chloroisopropyl)phosphate,DTXSID5026259,0.8516178451146651
4,Tris(methylphenyl) phosphate,DTXSID4021391,0.8760079148155946
4,Valinomycin,DTXSID9041150,2.6974020462441914
4,Z-Tetrachlorvinphos,DTXSID1032648,1.347829073384537
4,"o,p'-DDT",parent:DTXSID4020375,1.1017796319066258
4,"p,p'-DDD",DTXSID4020373,0.9158310582798679
4,"p,p'-DDE",DTXSID9020374,0.8521922498397864
4,tert-Butylhydroquinone,DTXSID6020220,1.1372664279879026
4,tert-Butylphenyl diphenyl phosphate,DTXSID6024701,1.278419666080899
