patient,readout1,readout2,baseline_readout,response
Patient8,0.5862,0.1408,0.1292,1
Patient26,0.0134,0.5752,0.0316,1
Patient1,0.1732,0.1245,0.0779,1
Patient35,0.247,0.9842,0.0291,1
Patient69,6.3307,0.1623,0.1182,1
Patient79,8.8329,1.2211,0.5536,0
Patient23,2.7133,0.1318,0.0666,1
Patient39,4.3328,0.1484,0.1635,1
Patient65,3.6419,1.1073,0.5112,0
Patient92,1.3194,0.5599,0.7524,0
Patient44,10.7701,0.1794,0.1885,1
Patient110,1.5705,1.3677,0.7442,0
Patient87,0.2364,0.1724,0.0547,1
Patient37,2.9111,0.3449,0.3476,0
Patient4,1.3869,0.0449,0.0426,1
Patient115,6.1799,2.9776,1.1169,0
Patient2,1.602,0.9826,0.4014,0
Patient16,0.0615,0.4441,0.2211,1
Patient41,8.9479,1.5382,0.9244,0
Patient54,0.4593,0.7663,0.2157,1
Patient63,3.3909,0.7168,0.6753,0
Patient91,19.8914,2.1416,1.0986,0
Patient12,0.1331,0.3925,0.0406,1
Patient67,1.401,0.9609,0.3429,0
Patient101,1.0608,0.3499,0.0576,1
Patient108,4.5186,0.0901,0.0304,1
Patient13,0.6687,0.8629,0.3573,0
Patient61,4.7457,0.3593,0.4942,0
Patient97,7.8834,3.7457,0.0314,1
Patient89,2.5151,1.914,0.2828,1
Patient121,2.5753,0.8419,0.498,0
Patient32,0.0092,0.1414,0.0203,1
Patient20,2.021,1.8163,0.5838,0
Patient86,0.0487,0.0761,0.032,1
Patient94,2.5292,1.8019,1.5187,0
Patient49,7.943,1.3261,0.1197,1
Patient36,0.1601,0.7266,0.0733,1
Patient113,1.2093,1.0782,0.7589,0
Patient60,1.1626,0.1873,0.1017,1
Patient21,0.3915,0.6838,0.4927,0
Patient122,4.2256,3.8528,1.7538,0
Patient71,4.9398,0.6673,0.5014,0
Patient105,0.602,0.5201,0.6035,1
