chemical,identity_group,fold,k,method,mae
(-)-Nicotine,DTXSID1020930,4,1,n2_autonn,1.8731849587055163
(Methylcyclopentadienyl)tricarbonylmanganese,DTXSID9027738,1,1,n2_autonn,1.2147210426771715
"1,2-Propylene glycol",DTXSID0021206,1,1,n2_autonn,1.7621748156599637
1-Methyl-4-phenylpyridinium iodide,DTXSID40880040,3,1,n2_autonn,1.2654811970249624
17beta-Estradiol,DTXSID0020573,4,1,n2_autonn,0.9848962244402915
"2,2-Bis(4-hydroxyphenyl)-1,1,1-trichloroethane",DTXSID8022325,4,1,n2_autonn,1.5478893184671865
2-(m-Chlorophenoxy)propionic acid,DTXSID9034232,2,1,n2_autonn,1.5761960847485772
"2-Ethylhexyl 2,3,4,5-tetrabromobenzoate",DTXSID9052686,3,1,n2_autonn,1.8369348158605359
2-Ethylhexyl diphenyl phosphate,DTXSID1025300,2,1,n2_autonn,1.4667950852614804
"3,3',5,5'-Tetrabromobisphenol A",DTXSID1026081,2,1,n2_autonn,1.018587376903233
3-Iodo-2-propynyl-N-butylcarbamate,DTXSID0028038,3,1,n2_autonn,1.5036138093521203
"4,4'-Sulfonyldiphenol",DTXSID3022409,4,1,n2_autonn,1.3146036352667108
"5,5-Diphenylhydantoin",DTXSID8020541,3,1,n2_autonn,1.1932890364123379
5-Chloro-2-methyl-3(2H)-isothiazolone,DTXSID9034286,1,1,n2_autonn,1.9618091380606983
5-Fluorouracil,DTXSID2020634,1,1,n2_autonn,2.4509983140452176
6-Methyl-2-thiouracil,DTXSID2020890,3,1,n2_autonn,1.3583439108719155
6-aminopyridine-3-carboxamide,DTXSID5051446,4,1,n2_autonn,3.109843339716366
Abamectin,DTXSID8023892,2,1,n2_autonn,3.018065760833734
Acenaphthene,DTXSID3021774,3,1,n2_autonn,1.0288409574312383
Acenaphthylene,DTXSID3023845,2,1,n2_autonn,0.783724188031045
Acephate,DTXSID8023846,1,1,n2_autonn,1.5569604065488085
Acetaminophen,DTXSID2020006,1,1,n2_autonn,1.0619596673913227
Acetamiprid,DTXSID0034300,4,1,n2_autonn,1.4289940997723334
Aldicarb,DTXSID0039223,2,1,n2_autonn,1.57259403689301
Allethrin,parent:DTXSID2039336,3,1,n2_autonn,1.27512965692
Amoxicillin,DTXSID3037044,2,1,n2_autonn,1.305279585034752
Anthracene,DTXSID0023878,3,1,n2_autonn,1.1314659075758757
Aspirin,DTXSID5020108,1,1,n2_autonn,1.204453487056964
Atrazine,DTXSID9020112,4,1,n2_autonn,0.9226983384530053
Auramine hydrochloride,DTXSID9020114,1,1,n2_autonn,1.872225673402744
Azoxystrobin,DTXSID0032520,2,1,n2_autonn,2.1062045453896445
Bensulide,DTXSID9032329,4,1,n2_autonn,1.8559000029294377
Benzo(b)fluoranthene,DTXSID0023907,3,1,n2_autonn,1.3773996687023777
Benzo[a]pyrene,DTXSID2020139,2,1,n2_autonn,1.1974683706184317
Benzo[e]pyrene,DTXSID3023764,2,1,n2_autonn,1.297449704796581
Benzo[k]fluoranthene,DTXSID0023909,1,1,n2_autonn,1.1446089594333555
Berberine chloride,DTXSID8024602,1,1,n2_autonn,2.4460165638741787
Bifenthrin,DTXSID9020160,1,1,n2_autonn,1.8459354547131155
Bis(2-ethylhexyl) tetrabromophthalate,DTXSID7027887,2,1,n2_autonn,1.6194723930562618
Bis(tributyltin)oxide,parent:DTXSID3027403,1,1,n2_autonn,3.3772170887027833
Bisindolylmaleimide I,DTXSID50157932,1,1,n2_autonn,1.4545287302107743
Bisphenol A,DTXSID7020182,1,1,n2_autonn,1.3217479111446069
Bisphenol AF,DTXSID7037717,2,1,n2_autonn,1.1848118822195404
Bisphenol B,DTXSID4022442,2,1,n2_autonn,1.2826450277308752
Busulfan,DTXSID3020910,1,1,n2_autonn,1.0152516857804255
CP-409092,DTXSID2047276,4,1,n2_autonn,1.4197183754538556
Cadmium(II) chloride hydrate (2:5),DTXSID4040183,2,1,n2_autonn,2.201438403399128
Caffeine,DTXSID0020232,1,1,n2_autonn,1.4844099053074875
Captan,DTXSID9020243,2,1,n2_autonn,1.0532242525446738
Captopril,DTXSID1037197,4,1,n2_autonn,1.6824278739397296
Carbamazepine,DTXSID4022731,2,1,n2_autonn,1.2830168648571245
Carbaryl,DTXSID9020247,2,1,n2_autonn,2.625953246861254
Carbofuran,DTXSID9020249,3,1,n2_autonn,0.9959614351137788
Cariporide mesylate,DTXSID3047344,2,1,n2_autonn,1.1858242286098322
Chloramben,DTXSID2020262,2,1,n2_autonn,1.1127585373215836
Chlordiazepoxide hydrochloride,DTXSID40880060,1,1,n2_autonn,2.3145342837544507
Chlorendic acid,DTXSID2020268,3,1,n2_autonn,1.2689599557509428
Chlorethoxyfos,DTXSID2032344,4,1,n2_autonn,1.6958426303644487
Chlorpromazine hydrochloride,DTXSID7024827,2,1,n2_autonn,1.9894120745744768
Chlorpyrifos oxon,DTXSID1038666,4,1,n2_autonn,1.3454599020834497
Chrysene,DTXSID0022432,4,1,n2_autonn,0.8155102665839953
Clodinafop-propargyl,DTXSID6032354,3,1,n2_autonn,0.8694562848431964
Clothianidin,DTXSID2034465,2,1,n2_autonn,1.1370669057276497
Clove leaf oil,DTXSID8044175,4,1,n2_autonn,1.9580961411997815
Cocaine,DTXSID2038443,3,1,n2_autonn,1.5279694049501522
Colchicine,DTXSID5024845,3,1,n2_autonn,4.39193715927584
Cotinine,DTXSID1047576,4,1,n2_autonn,1.0332711109409243
Coumaphos,DTXSID2020347,4,1,n2_autonn,1.7660696797553943
Cyclophosphamide monohydrate,DTXSID6024888,1,1,n2_autonn,1.2711114542279618
Cymoxanil,DTXSID6032358,1,1,n2_autonn,0.8554106154633832
Cypermethrin,DTXSID1023998,4,1,n2_autonn,1.9197289172554384
D-Glucitol,DTXSID5023588,4,1,n2_autonn,1.368513938588444
D-Mannitol,DTXSID1023235,3,1,n2_autonn,1.2207006420229427
DDT,parent:DTXSID4020375,3,1,n2_autonn,1.8475436128572107
Deltamethrin,DTXSID8020381,3,1,n2_autonn,1.8561254085026533
Dexamethasone,DTXSID3020384,3,1,n2_autonn,1.5505622627888225
Dextroamphetamine sulfate,DTXSID2057865,4,1,n2_autonn,1.2673448019541969
Di(2-ethylhexyl) phthalate,DTXSID5020607,4,1,n2_autonn,1.5394671162165465
Diazepam,DTXSID4020406,1,1,n2_autonn,1.9287643365287857
Diazinon,DTXSID9020407,4,1,n2_autonn,1.9413480983357858
Diazoxon,DTXSID5037523,1,1,n2_autonn,1.2880233732335071
"Dibenz[a,c]anthracene",DTXSID9049245,3,1,n2_autonn,1.2725437847811427
Dichlorvos,DTXSID5020449,2,1,n2_autonn,1.1826751036269392
Dicrotophos,DTXSID9023914,3,1,n2_autonn,0.9710869999622705
Dieldrin,DTXSID9020453,4,1,n2_autonn,2.4309806471526256
Diethylene glycol,DTXSID8020462,1,1,n2_autonn,1.0054941328123157
Diethylstilbestrol,DTXSID3020465,1,1,n2_autonn,1.600389517831799
Difpas-pyrazole,DTXSID6048175,1,1,n2_autonn,1.5801590368621936
Dimethoate,DTXSID7020479,1,1,n2_autonn,1.3391487394333357
Diphenhydramine hydrochloride,DTXSID4020537,4,1,n2_autonn,1.4256999709741316
Emamectin benzoate,DTXSID0034566,3,1,n2_autonn,2.2305766259144875
Endosulfan,DTXSID1020560,1,1,n2_autonn,2.4344936694389494
Endrin,DTXSID6020561,1,1,n2_autonn,1.7640732155608858
Es-fenvalerate,DTXSID4032667,3,1,n2_autonn,1.5781294928497778
Esketamine hydrochloride,DTXSID601027734,3,1,n2_autonn,1.5417991717288737
Etofenprox,DTXSID9032610,3,1,n2_autonn,1.333657148681556
Eugenol,DTXSID9020617,2,1,n2_autonn,1.283202816372251
Fenitrothion,DTXSID4032613,1,1,n2_autonn,0.9133402603019951
Fenpropathrin,DTXSID0024002,3,1,n2_autonn,1.637317926203906
Fipronil,DTXSID4034609,2,1,n2_autonn,1.69476829854164
Firemaster 550,DTXSID70880073,3,1,n2_autonn,1.256107959484405
Fluorene,DTXSID8024105,2,1,n2_autonn,0.7557005414082759
Folic acid,DTXSID0022519,3,1,n2_autonn,1.307488525644871
Fosthiazate,DTXSID0034930,4,1,n2_autonn,1.1775047128764418
Glycerol,DTXSID9020663,2,1,n2_autonn,1.0503873530077101
Haloperidol,DTXSID4034150,3,1,n2_autonn,1.9974155575100003
Heptachlor epoxide B,DTXSID1024126,4,1,n2_autonn,1.9274627366978883
Hexachlorophene,DTXSID6020690,3,1,n2_autonn,2.4602097141663917
Imidacloprid,DTXSID5032442,4,1,n2_autonn,1.4211764140659444
Isodecyl diphenyl phosphate,DTXSID3025465,4,1,n2_autonn,1.06965630687303
Kepone,DTXSID1020770,4,1,n2_autonn,1.908307186362779
L-Ascorbic acid,DTXSID5020106,2,1,n2_autonn,1.2823704838342787
Lead(II) acetate trihydrate,DTXSID3031521,3,1,n2_autonn,1.8397853022561672
Lindane,DTXSID2020686,2,1,n2_autonn,1.8146291535048804
Loperamide,DTXSID00880006,1,1,n2_autonn,2.1327763201725203
Malaoxon,DTXSID9020790,1,1,n2_autonn,1.2825097129969134
Malathion,DTXSID4020791,3,1,n2_autonn,1.4134988121632819
Mancozeb,DTXSID0034695,3,1,n2_autonn,0.9206467347493426
Maneb,DTXSID9020794,2,1,n2_autonn,1.16992426914793
Manganese dichloride,parent:DTXSID5027279,2,1,n2_autonn,1.5736853745397537
Manganese(II) acetate,parent:DTXSID5027279,3,1,n2_autonn,0.8532463522630561
Mercuric chloride,DTXSID5020811,2,1,n2_autonn,2.0137255476092983
Methamidophos,DTXSID6024177,2,1,n2_autonn,1.279528965091771
Methimazole,DTXSID4020820,4,1,n2_autonn,1.3751238577938227
Methoxychlor,DTXSID9020827,1,1,n2_autonn,1.7992404156869781
Methylmercuric(II) chloride,DTXSID5020813,2,1,n2_autonn,2.933520816642557
Mevastatin,DTXSID4040684,2,1,n2_autonn,2.4671444729099195
Mirex,DTXSID7020895,2,1,n2_autonn,2.7782555723575193
Molinate,DTXSID6024206,4,1,n2_autonn,1.0664358602631432
Naled,DTXSID1024209,1,1,n2_autonn,1.9363792567170268
Naloxone hydrochloride dihydrate,DTXSID90199452,3,1,n2_autonn,1.392887150267693
"Octachloro-4,7-methanotetrahydroindane",DTXSID7020267,2,1,n2_autonn,1.6136916052521162
Octylbicycloheptenedicarboximide,DTXSID6032562,4,1,n2_autonn,1.2140664335838902
Oxidopamine hydrochloride,DTXSID0045838,1,1,n2_autonn,1.6753920675302698
Paraquat dichloride,DTXSID7024243,4,1,n2_autonn,2.8465203838673863
Parathion,DTXSID7021100,2,1,n2_autonn,0.9791248490447181
Perfluoroundecanoic acid,DTXSID8047553,4,1,n2_autonn,1.1485181219435778
Permethrin,DTXSID8022292,1,1,n2_autonn,1.7742162853410721
PharmaGSID_47330,DTXSID9047330,1,1,n2_autonn,1.360725186139366
Phenanthrene,DTXSID6024254,1,1,n2_autonn,0.8674734503770246
Phenobarbital,parent:DTXSID0021123,4,1,n2_autonn,1.1799548353695655
Phenol,DTXSID5021124,3,1,n2_autonn,1.4408430453597931
Phenylmercuric acetate,DTXSID7021150,4,1,n2_autonn,1.5733224210404895
Phorate,DTXSID4032459,3,1,n2_autonn,1.6014941378560448
Phosmet,DTXSID5024261,4,1,n2_autonn,1.8178838307838974
Picoxystrobin,DTXSID9047542,4,1,n2_autonn,2.034327397226299
Piperonyl butoxide,DTXSID1021166,3,1,n2_autonn,1.53900210349682
Prallethrin,DTXSID0032572,2,1,n2_autonn,1.1962862193542616
Pravastatin sodium,DTXSID6047525,1,1,n2_autonn,2.4334582478103566
Profenofos,DTXSID3032464,3,1,n2_autonn,1.5667047261144442
Pyrene,DTXSID3024289,3,1,n2_autonn,0.983430058447377
Reserpine,DTXSID7021237,2,1,n2_autonn,2.337107636172288
Resmethrin,DTXSID7022253,4,1,n2_autonn,1.0364816201641678
Retinoic acid,DTXSID7021239,4,1,n2_autonn,2.008389503692004
Rotenone,DTXSID6021248,4,1,n2_autonn,2.0960022412367882
S-Bioallethrin,parent:DTXSID2039336,3,1,n2_autonn,1.122946679655077
S-Ethyl dipropylthiocarbamate,DTXSID1024091,1,1,n2_autonn,1.0320262160463458
Simvastatin,DTXSID0023581,3,1,n2_autonn,1.81813568792353
Sodium arsenite,DTXSID5020104,2,1,n2_autonn,2.674509449350032
Sodium fluoride,DTXSID2020630,3,1,n2_autonn,1.5129447604509128
Sodium orthovanadate,DTXSID2037269,4,1,n2_autonn,1.6228930096397503
Sodium saccharin hydrate,DTXSID7021992,1,1,n2_autonn,1.5761710808083056
Sodium valproate,DTXSID5037072,1,1,n2_autonn,1.5809007270191135
Spiroxamine,DTXSID1034212,3,1,n2_autonn,2.481692725347312
Tamoxifen,DTXSID1034187,3,1,n2_autonn,2.068258462938462
Tebuconazole,DTXSID9032113,2,1,n2_autonn,2.7069938878096607
Tebupirimfos,DTXSID1032482,4,1,n2_autonn,1.584551892843862
Tefluthrin,DTXSID5032577,3,1,n2_autonn,1.4254458660846043
Terbufos,DTXSID2022254,1,1,n2_autonn,1.3443973902075803
Terbutaline hemisulfate,DTXSID3045437,2,1,n2_autonn,1.3944459724913838
Tetracycline,DTXSID7023645,3,1,n2_autonn,1.3304890580087743
Tetraethylthiuram disulfide,DTXSID1021322,2,1,n2_autonn,1.9368013127771568
Tetramethrin,DTXSID6032649,2,1,n2_autonn,1.0269112654164199
Thalidomide,DTXSID9022524,1,1,n2_autonn,1.4202199420824115
Thiamethoxam,DTXSID2034962,3,1,n2_autonn,1.1194751407534618
Tribufos,DTXSID1024174,2,1,n2_autonn,1.695380770863451
Tributyltin chloride,parent:DTXSID3027403,3,1,n2_autonn,2.0046011282685057
Tributyltin methacrylate,parent:DTXSID3027403,1,1,n2_autonn,1.864626747868336
Trichlorfon,DTXSID0021389,2,1,n2_autonn,2.059674302829521
Trifloxystrobin,DTXSID4032580,2,1,n2_autonn,2.230063072798081
Trimethyltin hydroxide,DTXSID9032240,1,1,n2_autonn,2.9112956684916753
Triphenyl phosphate,DTXSID1021952,4,1,n2_autonn,1.1524824647153777
Triphenyl phosphates isopropylated,DTXSID4028880,3,1,n2_autonn,1.5118954756434273
Triphenyl phosphite,DTXSID0026252,4,1,n2_autonn,1.3972131882059444
"Tris(1,3-dichloro-2-propyl) phosphate",DTXSID9026261,1,1,n2_autonn,1.2517045538326408
Tris(2-chloroethyl) phosphate,DTXSID5021411,1,1,n2_autonn,1.4904712107167526
Tris(2-chloroisopropyl)phosphate,DTXSID5026259,4,1,n2_autonn,1.1543079703110422
Tris(methylphenyl) phosphate,DTXSID4021391,2,1,n2_autonn,1.1736470630181985
Valinomycin,DTXSID9041150,4,1,n2_autonn,3.5672500320613603
Z-Tetrachlorvinphos,DTXSID1032648,1,1,n2_autonn,1.5496300708157817
"o,p'-DDT",parent:DTXSID4020375,2,1,n2_autonn,1.9220965604158287
"p,p'-DDD",DTXSID4020373,1,1,n2_autonn,1.596346954441889
tert-Butylhydroquinone,DTXSID6020220,1,1,n2_autonn,1.4444481361833161
tert-Butylphenyl diphenyl phosphate,DTXSID6024701,4,1,n2_autonn,1.623515226188718
