sheet,source_row,compound,concentration_as_published,replicate_within_endpoint,value_as_published
ALBUMIN,2,Clozapine,1,1,135.709948005764
ALBUMIN,3,Clozapine,1,2,113.769799561393
ALBUMIN,4,Clozapine,3,1,134.233207172339
ALBUMIN,5,Clozapine,3,2,158.282985283381
ALBUMIN,6,Clozapine,10,1,125.161799672409
ALBUMIN,7,Clozapine,10,2,151.110244505707
ALBUMIN,8,Clozapine,30,1,140.140170283521
ALBUMIN,9,Clozapine,30,2,119.465799728161
ALBUMIN,10,Clozapine,100,1,100.057206839291
ALBUMIN,11,Clozapine,100,2,74.7416510617572
ALBUMIN,12,Clozapine,300,1,69.6785397282349
ALBUMIN,13,Clozapine,300,2,43.730095117456
ALBUMIN,14,Olanzapine,1,1,151.743133338953
ALBUMIN,15,Olanzapine,1,2,129.802984894581
ALBUMIN,16,Olanzapine,3,1,105.331280894708
ALBUMIN,17,Olanzapine,3,2,127.904318172325
ALBUMIN,18,Olanzapine,10,1,155.118540894634
ALBUMIN,19,Olanzapine,10,2,112.925947783732
ALBUMIN,20,Olanzapine,30,1,113.769799561393
ALBUMIN,21,Olanzapine,30,2,112.293058727967
ALBUMIN,22,Olanzapine,100,1,122.208318228077
ALBUMIN,23,Olanzapine,100,2,141.194985005597
ALBUMIN,24,Olanzapine,300,1,132.334540450083
ALBUMIN,25,Olanzapine,300,2,118.20002183915
ALBUMIN,26,Troglitazone,0.98,1,86.9413297363926
ALBUMIN,27,Troglitazone,0.98,2,104.619181352019
ALBUMIN,28,Troglitazone,2.95,1,93.4542223314824
ALBUMIN,29,Troglitazone,2.95,2,107.596503757495
ALBUMIN,30,Troglitazone,9.82,1,106.666090561414
ALBUMIN,31,Troglitazone,9.82,2,72.6129657156675
ALBUMIN,32,Troglitazone,29.47,1,65.5418248914015
ALBUMIN,33,Troglitazone,29.47,2,85.4526685336544
ALBUMIN,34,Troglitazone,98.2,1,96.2454621422464
ALBUMIN,35,Troglitazone,98.2,2,126.576933981147
ALBUMIN,36,Troglitazone,294.72,1,0
ALBUMIN,37,Troglitazone,294.72,2,0
ALBUMIN,38,Pioglitazone,1,1,105.363511953388
ALBUMIN,39,Pioglitazone,1,2,
ALBUMIN,40,Pioglitazone,3,1,126.390851386435
ALBUMIN,41,Pioglitazone,3,2,
ALBUMIN,42,Pioglitazone,10,1,99.4088671424351
ALBUMIN,43,Pioglitazone,10,2,96.6176273316712
ALBUMIN,44,Pioglitazone,30,1,119.691875974113
ALBUMIN,45,Pioglitazone,30,2,108.526916953577
ALBUMIN,46,Pioglitazone,100,1,84.8944205269977
ALBUMIN,47,Pioglitazone,100,2,78.0093625199635
ALBUMIN,48,Pioglitazone,300,1,60.1454280871055
ALBUMIN,49,Pioglitazone,300,2,38.3737580526897
ALBUMIN,50,Trovafloxacin,1,1,125.68987893106
ALBUMIN,51,Trovafloxacin,1,2,103.881661404813
ALBUMIN,52,Trovafloxacin,3,1,113.930545863958
ALBUMIN,53,Trovafloxacin,3,2,100.46076463394
ALBUMIN,54,Trovafloxacin,10,1,86.1357590999432
ALBUMIN,55,Trovafloxacin,10,2,105.16449786078
ALBUMIN,56,Trovafloxacin,30,1,111.151067321069
ALBUMIN,57,Trovafloxacin,30,2,102.385019095371
ALBUMIN,58,Trovafloxacin,100,1,56.4167176519772
ALBUMIN,59,Trovafloxacin,100,2,33.7532758217525
ALBUMIN,60,Trovafloxacin,300,1,23.4905852866127
ALBUMIN,61,Trovafloxacin,300,2,33.5394699682774
ALBUMIN,62,Levofloxacin,1,1,141.194985005597
ALBUMIN,63,Levofloxacin,1,2,69.0456508949894
ALBUMIN,64,Levofloxacin,3,1,136.34283683901
ALBUMIN,65,Levofloxacin,3,2,110.183429061296
ALBUMIN,66,Levofloxacin,10,1,168.198244560971
ALBUMIN,67,Levofloxacin,10,2,120.309651505821
ALBUMIN,68,Levofloxacin,15,1,141.616910894428
ALBUMIN,69,Levofloxacin,15,2,122.419281172492
ALBUMIN,70,Levofloxacin,45,1,137.18668883919
ALBUMIN,71,Levofloxacin,45,2,138.452466505681
ALT,2,Clozapine,1,1,0
ALT,3,Clozapine,1,2,0.719912528
ALT,4,Clozapine,3,1,0
ALT,5,Clozapine,3,2,0
ALT,6,Clozapine,10,1,0
ALT,7,Clozapine,10,2,0
ALT,8,Clozapine,30,1,0.31812959
ALT,9,Clozapine,30,2,0
ALT,10,Clozapine,100,1,0
ALT,11,Clozapine,100,2,0
ALT,12,Clozapine,300,1,2.260080454
ALT,13,Clozapine,300,2,3.108288877
ALT,14,Olanzapine,1,1,0
ALT,15,Olanzapine,1,2,0
ALT,16,Olanzapine,3,1,0
ALT,17,Olanzapine,3,2,0
ALT,18,Olanzapine,10,1,0.608306156
ALT,19,Olanzapine,10,2,0
ALT,20,Olanzapine,30,1,2.86275486
ALT,21,Olanzapine,30,2,0
ALT,22,Olanzapine,100,1,0
ALT,23,Olanzapine,100,2,1.233301836
ALT,24,Olanzapine,300,1,0
ALT,25,Olanzapine,300,2,0
ALT,26,Troglitazone,0.98,1,0
ALT,27,Troglitazone,0.98,2,0
ALT,28,Troglitazone,2.95,1,0
ALT,29,Troglitazone,2.95,2,0.66379174
ALT,30,Troglitazone,9.82,1,0
ALT,31,Troglitazone,9.82,2,0
ALT,32,Troglitazone,29.47,1,0
ALT,33,Troglitazone,29.47,2,0.159513103
ALT,34,Troglitazone,98.2,1,0
ALT,35,Troglitazone,98.2,2,0
ALT,36,Troglitazone,294.72,1,
ALT,37,Troglitazone,294.72,2,
ALT,38,Pioglitazone,1,1,0
ALT,39,Pioglitazone,1,2,0
ALT,40,Pioglitazone,3,1,0.159513103
ALT,41,Pioglitazone,3,2,1.189995536
ALT,42,Pioglitazone,10,1,0.006036996
ALT,43,Pioglitazone,10,2,0
ALT,44,Pioglitazone,30,1,0.291064052
ALT,45,Pioglitazone,30,2,0
ALT,46,Pioglitazone,100,1,0.422615001
ALT,47,Pioglitazone,100,2,0
ALT,48,Pioglitazone,300,1,0
ALT,49,Pioglitazone,300,2,0.751492373
ALT,50,Trovafloxacin,1,1,2.232551412
ALT,51,Trovafloxacin,1,2,0.695136107
ALT,52,Trovafloxacin,3,1,0.947547575
ALT,53,Trovafloxacin,3,2,1.154066049
ALT,54,Trovafloxacin,10,1,0.718082604
ALT,55,Trovafloxacin,10,2,1.704781979
ALT,56,Trovafloxacin,30,1,1.177012546
ALT,57,Trovafloxacin,30,2,1.93424695
ALT,58,Trovafloxacin,100,1,30.06665238
ALT,59,Trovafloxacin,100,2,13.3616025
ALT,60,Trovafloxacin,300,1,19.37358473
ALT,61,Trovafloxacin,300,2,15.61035921
ALT,62,Levofloxacin,1,1,0
ALT,63,Levofloxacin,1,2,0
ALT,64,Levofloxacin,3,1,0
ALT,65,Levofloxacin,3,2,0
ALT,66,Levofloxacin,10,1,1.322586934
ALT,67,Levofloxacin,10,2,0.340450865
ALT,68,Levofloxacin,15,1,0
ALT,69,Levofloxacin,15,2,0.072595573
ALT,70,Levofloxacin,45,1,0
ALT,71,Levofloxacin,45,2,0
Morphology,2,Clozapine,1,1,1.333333333
Morphology,3,Clozapine,1,2,1.666666667
Morphology,4,Clozapine,3,1,1.666666667
Morphology,5,Clozapine,3,2,0.666666667
Morphology,6,Clozapine,10,1,1.666666667
Morphology,7,Clozapine,10,2,1
Morphology,8,Clozapine,30,1,1.666666667
Morphology,9,Clozapine,30,2,1.333333333
Morphology,10,Clozapine,100,1,2.5
Morphology,11,Clozapine,100,2,3
Morphology,12,Clozapine,300,1,4
Morphology,13,Clozapine,300,2,3
Morphology,14,Olanzapine,1,1,2
Morphology,15,Olanzapine,1,2,1
Morphology,16,Olanzapine,3,1,1.333333333
Morphology,17,Olanzapine,3,2,1
Morphology,18,Olanzapine,10,1,2
Morphology,19,Olanzapine,10,2,1
Morphology,20,Olanzapine,30,1,2
Morphology,21,Olanzapine,30,2,2
Morphology,22,Olanzapine,100,1,1.666666667
Morphology,23,Olanzapine,100,2,1.333333333
Morphology,24,Olanzapine,300,1,1.333333333
Morphology,25,Olanzapine,300,2,2
Morphology,26,Troglitazone,0.98,1,2
Morphology,27,Troglitazone,0.98,2,1.333333333
Morphology,28,Troglitazone,2.95,1,1.333333333
Morphology,29,Troglitazone,2.95,2,1.333333333
Morphology,30,Troglitazone,9.82,1,2
Morphology,31,Troglitazone,9.82,2,1.333333333
Morphology,32,Troglitazone,29.47,1,1.333333333
Morphology,33,Troglitazone,29.47,2,2
Morphology,34,Troglitazone,98.2,1,2
Morphology,35,Troglitazone,98.2,2,2
Morphology,36,Troglitazone,294.72,1,
Morphology,37,Troglitazone,294.72,2,
Morphology,38,Pioglitazone,1,1,1.166666667
Morphology,39,Pioglitazone,1,2,1
Morphology,40,Pioglitazone,3,1,1.166666667
Morphology,41,Pioglitazone,3,2,1.333333333
Morphology,42,Pioglitazone,10,1,2
Morphology,43,Pioglitazone,10,2,1.333333333
Morphology,44,Pioglitazone,30,1,1.833333333
Morphology,45,Pioglitazone,30,2,1.333333333
Morphology,46,Pioglitazone,100,1,2
Morphology,47,Pioglitazone,100,2,1
Morphology,48,Pioglitazone,300,1,2
Morphology,49,Pioglitazone,300,2,2
Morphology,50,Trovafloxacin,1,1,1.166666667
Morphology,51,Trovafloxacin,1,2,1.333333333
Morphology,52,Trovafloxacin,3,1,1
Morphology,53,Trovafloxacin,3,2,1
Morphology,54,Trovafloxacin,10,1,1.333333333
Morphology,55,Trovafloxacin,10,2,2.166666667
Morphology,56,Trovafloxacin,30,1,2
Morphology,57,Trovafloxacin,30,2,2.166666667
Morphology,58,Trovafloxacin,100,1,4
Morphology,59,Trovafloxacin,100,2,2.333333333
Morphology,60,Trovafloxacin,300,1,3
Morphology,61,Trovafloxacin,300,2,3.166666667
Morphology,62,Levofloxacin,1,1,2
Morphology,63,Levofloxacin,1,2,1
Morphology,64,Levofloxacin,3,1,1.833333333
Morphology,65,Levofloxacin,3,2,1.333333333
Morphology,66,Levofloxacin,10,1,1.666666667
Morphology,67,Levofloxacin,10,2,1.666666667
Morphology,68,Levofloxacin,15,1,1.333333333
Morphology,69,Levofloxacin,15,2,1.333333333
Morphology,70,Levofloxacin,45,1,1.666666667
Morphology,71,Levofloxacin,45,2,1.666666667
