compound,endpoint,method,n_query,mae,curve_covered,decision,truth_reduction,reported,wrong_report,next_point_id,next_absolute_error
Theophylline,ALBUMIN,selected,3,49.8691847185515,True,measure_next,False,False,False,Bircsak2021_S6_Theophylline_06,44.60965249440926
Theophylline,ALBUMIN,fixed50,3,312.04828070532534,True,measure_next,False,False,False,Bircsak2021_S6_Theophylline_06,432.56043038557294
Theophylline,ALBUMIN,interpolation,3,49.8691847185515,True,measure_next,False,False,False,Bircsak2021_S6_Theophylline_06,44.60965249440926
Ketoconazole,ALBUMIN,selected,4,396.0219658745659,True,measure_next,True,False,False,Bircsak2021_S6_Ketoconazole_07,933.3333536783854
Ketoconazole,ALBUMIN,fixed50,4,277.7071176832524,True,measure_next,True,False,False,Bircsak2021_S6_Ketoconazole_07,424.93066961455213
Ketoconazole,ALBUMIN,interpolation,4,396.0219658745659,True,measure_next,True,False,False,Bircsak2021_S6_Ketoconazole_07,933.3333536783854
Glafenine,ALBUMIN,selected,4,302.9113193088108,True,measure_next,True,False,False,Bircsak2021_S6_Glafenine_07,533.3333197699653
Glafenine,ALBUMIN,fixed50,4,289.79073832178443,True,measure_next,True,False,False,Bircsak2021_S6_Glafenine_07,476.49066283379767
Glafenine,ALBUMIN,interpolation,4,302.9113193088108,True,measure_next,True,False,False,Bircsak2021_S6_Glafenine_07,533.3333197699653
Dexamethasone,ALBUMIN,selected,4,206.2653498863106,True,measure_next,True,False,False,Bircsak2021_S6_Dexamethasone_07,425.37317258920245
Dexamethasone,ALBUMIN,fixed50,4,123.45314188138042,True,measure_next,True,False,False,Bircsak2021_S6_Dexamethasone_07,289.52865370541633
Dexamethasone,ALBUMIN,interpolation,4,206.2653498863106,True,measure_next,True,False,False,Bircsak2021_S6_Dexamethasone_07,425.37317258920245
Chlorpromazine,ALBUMIN,selected,4,80.26175265842011,True,measure_next,False,False,False,Bircsak2021_S6_Chlorpromazine_07,288.888916015625
Chlorpromazine,ALBUMIN,fixed50,4,536.6305795705064,True,measure_next,False,False,False,Bircsak2021_S6_Chlorpromazine_07,868.2198296394363
Chlorpromazine,ALBUMIN,interpolation,4,80.26175265842011,True,measure_next,False,False,False,Bircsak2021_S6_Chlorpromazine_07,288.888916015625
Tamoxifen,ALBUMIN,selected,4,645.2533535427517,True,measure_next,True,False,False,Bircsak2021_S6_Tamoxifen_07,1122.2222629123264
Tamoxifen,ALBUMIN,fixed50,4,393.0278349710286,True,measure_next,True,False,False,Bircsak2021_S6_Tamoxifen_07,34.697428623815966
Tamoxifen,ALBUMIN,interpolation,4,645.2533535427517,True,measure_next,True,False,False,Bircsak2021_S6_Tamoxifen_07,1122.2222629123264
Theophylline,VIABILITY,selected,3,1.6244431929710668,True,measure_next,False,False,False,Bircsak2021_S5_Theophylline_06,0.8675091263132373
Theophylline,VIABILITY,fixed50,3,2.753856132239349,True,measure_next,False,False,False,Bircsak2021_S5_Theophylline_06,4.66949216849568
Theophylline,VIABILITY,interpolation,3,2.9715757936778338,True,measure_next,False,False,False,Bircsak2021_S5_Theophylline_06,2.713176224582881
Ketoconazole,VIABILITY,selected,4,23.038822990160746,True,measure_next,True,False,False,Bircsak2021_S5_Ketoconazole_07,64.1965148364923
Ketoconazole,VIABILITY,fixed50,4,15.483353487897626,True,measure_next,True,False,False,Bircsak2021_S5_Ketoconazole_07,35.195139157758966
Ketoconazole,VIABILITY,interpolation,4,25.621525619969223,True,measure_next,True,False,False,Bircsak2021_S5_Ketoconazole_07,73.86364006273675
Glafenine,VIABILITY,selected,4,7.564720029939105,True,measure_next,False,False,False,Bircsak2021_S5_Glafenine_07,4.724410499933754
Glafenine,VIABILITY,fixed50,4,10.096048063806338,True,measure_next,False,False,False,Bircsak2021_S5_Glafenine_07,22.83168733174189
Glafenine,VIABILITY,interpolation,4,10.526225240607014,True,measure_next,False,False,False,Bircsak2021_S5_Glafenine_07,13.909776443825635
Dexamethasone,VIABILITY,selected,4,1.4062303684522632,True,measure_next,False,False,False,Bircsak2021_S5_Dexamethasone_07,2.8413697352203684
Dexamethasone,VIABILITY,fixed50,4,5.813877532410501,True,measure_next,False,False,False,Bircsak2021_S5_Dexamethasone_07,14.71120878294333
Dexamethasone,VIABILITY,interpolation,4,0.5286678399295184,True,measure_next,False,False,False,Bircsak2021_S5_Dexamethasone_07,1.1152432806872952
Chlorpromazine,VIABILITY,selected,4,40.95670691137484,True,measure_next,True,False,False,Bircsak2021_S5_Chlorpromazine_07,76.60645159651963
Chlorpromazine,VIABILITY,fixed50,4,33.200757263039264,False,measure_next,True,False,False,Bircsak2021_S5_Chlorpromazine_07,50.57674935045242
Chlorpromazine,VIABILITY,interpolation,4,43.54202346082003,True,measure_next,True,False,False,Bircsak2021_S5_Chlorpromazine_07,85.28301901187537
Tamoxifen,VIABILITY,selected,4,40.034006030186895,True,measure_next,True,False,False,Bircsak2021_S5_Tamoxifen_07,76.19724834270609
Tamoxifen,VIABILITY,fixed50,4,36.88517802559111,False,measure_next,True,False,False,Bircsak2021_S5_Tamoxifen_07,65.69124987038015
Tamoxifen,VIABILITY,interpolation,4,41.111372883158516,True,measure_next,True,False,False,Bircsak2021_S5_Tamoxifen_07,79.69924783348141
