dataset,compound,endpoint,configuration,time,concentration,concentration_unit,point_id,curve_id,value_unit,method,candidate,prediction,lower,upper,context_point_ids,model_hash,protocol_hash,reference,absolute_error,covered
Bircsak2021,Theophylline,ALBUMIN,human iHep/HMEC-1/THP-1; OrganoPlate 2-lane; rocker perfusion; endpoint unit=ng/mL,72h,12.91549665014884,uM,Bircsak2021_S6_Theophylline_03,Bircsak2021_S6_Theophylline,ng/mL,selected,interpolation,997.1912231445312,-98.3392082129269,2092.721654501989,Bircsak2021_S6_Theophylline_01|Bircsak2021_S6_Theophylline_02|Bircsak2021_S6_Theophylline_04,3d02dd3a1bc57e8c53f701a6005c8d5e9d8ad6a15a57cdec3f22b27066015897,8213c89526adfad2ef5f5702634520b931010436ff8317bf5c5ded3e06a286fb,903.3457249070633,93.84549823746795,True
Bircsak2021,Theophylline,ALBUMIN,human iHep/HMEC-1/THP-1; OrganoPlate 2-lane; rocker perfusion; endpoint unit=ng/mL,72h,126.97075549188031,uM,Bircsak2021_S6_Theophylline_05,Bircsak2021_S6_Theophylline,ng/mL,selected,interpolation,869.8884887695312,-225.6419425879269,1965.4189201269894,Bircsak2021_S6_Theophylline_01|Bircsak2021_S6_Theophylline_02|Bircsak2021_S6_Theophylline_04,3d02dd3a1bc57e8c53f701a6005c8d5e9d8ad6a15a57cdec3f22b27066015897,8213c89526adfad2ef5f5702634520b931010436ff8317bf5c5ded3e06a286fb,881.0408921933085,11.152403423777287,True
Bircsak2021,Theophylline,ALBUMIN,human iHep/HMEC-1/THP-1; OrganoPlate 2-lane; rocker perfusion; endpoint unit=ng/mL,72h,398.1071705534973,uM,Bircsak2021_S6_Theophylline_06,Bircsak2021_S6_Theophylline,ng/mL,selected,interpolation,869.8884887695312,-225.6419425879269,1965.4189201269894,Bircsak2021_S6_Theophylline_01|Bircsak2021_S6_Theophylline_02|Bircsak2021_S6_Theophylline_04,3d02dd3a1bc57e8c53f701a6005c8d5e9d8ad6a15a57cdec3f22b27066015897,8213c89526adfad2ef5f5702634520b931010436ff8317bf5c5ded3e06a286fb,914.4981412639405,44.60965249440926,True
Bircsak2021,Theophylline,ALBUMIN,human iHep/HMEC-1/THP-1; OrganoPlate 2-lane; rocker perfusion; endpoint unit=ng/mL,72h,12.91549665014884,uM,Bircsak2021_S6_Theophylline_03,Bircsak2021_S6_Theophylline,ng/mL,fixed50,fixed50_a1,993.16888120439,66.70331744813654,1919.6344449606436,Bircsak2021_S6_Theophylline_01|Bircsak2021_S6_Theophylline_02|Bircsak2021_S6_Theophylline_04,b4333f24e02654341ce36f55267a3d40ce7bde756b3388aadb07990920b72901,8213c89526adfad2ef5f5702634520b931010436ff8317bf5c5ded3e06a286fb,903.3457249070633,89.8231562973267,True
Bircsak2021,Theophylline,ALBUMIN,human iHep/HMEC-1/THP-1; OrganoPlate 2-lane; rocker perfusion; endpoint unit=ng/mL,72h,126.97075549188031,uM,Bircsak2021_S6_Theophylline_05,Bircsak2021_S6_Theophylline,ng/mL,fixed50,fixed50_a1,467.27963676023217,-459.1859269960213,1393.7452005164855,Bircsak2021_S6_Theophylline_01|Bircsak2021_S6_Theophylline_02|Bircsak2021_S6_Theophylline_04,b4333f24e02654341ce36f55267a3d40ce7bde756b3388aadb07990920b72901,8213c89526adfad2ef5f5702634520b931010436ff8317bf5c5ded3e06a286fb,881.0408921933085,413.76125543307637,True
Bircsak2021,Theophylline,ALBUMIN,human iHep/HMEC-1/THP-1; OrganoPlate 2-lane; rocker perfusion; endpoint unit=ng/mL,72h,398.1071705534973,uM,Bircsak2021_S6_Theophylline_06,Bircsak2021_S6_Theophylline,ng/mL,fixed50,fixed50_a1,481.93771087836757,-444.5278528778859,1408.403274634621,Bircsak2021_S6_Theophylline_01|Bircsak2021_S6_Theophylline_02|Bircsak2021_S6_Theophylline_04,b4333f24e02654341ce36f55267a3d40ce7bde756b3388aadb07990920b72901,8213c89526adfad2ef5f5702634520b931010436ff8317bf5c5ded3e06a286fb,914.4981412639405,432.56043038557294,True
Bircsak2021,Theophylline,ALBUMIN,human iHep/HMEC-1/THP-1; OrganoPlate 2-lane; rocker perfusion; endpoint unit=ng/mL,72h,12.91549665014884,uM,Bircsak2021_S6_Theophylline_03,Bircsak2021_S6_Theophylline,ng/mL,interpolation,interpolation,997.1912231445312,-98.3392082129269,2092.721654501989,Bircsak2021_S6_Theophylline_01|Bircsak2021_S6_Theophylline_02|Bircsak2021_S6_Theophylline_04,3d02dd3a1bc57e8c53f701a6005c8d5e9d8ad6a15a57cdec3f22b27066015897,8213c89526adfad2ef5f5702634520b931010436ff8317bf5c5ded3e06a286fb,903.3457249070633,93.84549823746795,True
Bircsak2021,Theophylline,ALBUMIN,human iHep/HMEC-1/THP-1; OrganoPlate 2-lane; rocker perfusion; endpoint unit=ng/mL,72h,126.97075549188031,uM,Bircsak2021_S6_Theophylline_05,Bircsak2021_S6_Theophylline,ng/mL,interpolation,interpolation,869.8884887695312,-225.6419425879269,1965.4189201269894,Bircsak2021_S6_Theophylline_01|Bircsak2021_S6_Theophylline_02|Bircsak2021_S6_Theophylline_04,3d02dd3a1bc57e8c53f701a6005c8d5e9d8ad6a15a57cdec3f22b27066015897,8213c89526adfad2ef5f5702634520b931010436ff8317bf5c5ded3e06a286fb,881.0408921933085,11.152403423777287,True
Bircsak2021,Theophylline,ALBUMIN,human iHep/HMEC-1/THP-1; OrganoPlate 2-lane; rocker perfusion; endpoint unit=ng/mL,72h,398.1071705534973,uM,Bircsak2021_S6_Theophylline_06,Bircsak2021_S6_Theophylline,ng/mL,interpolation,interpolation,869.8884887695312,-225.6419425879269,1965.4189201269894,Bircsak2021_S6_Theophylline_01|Bircsak2021_S6_Theophylline_02|Bircsak2021_S6_Theophylline_04,3d02dd3a1bc57e8c53f701a6005c8d5e9d8ad6a15a57cdec3f22b27066015897,8213c89526adfad2ef5f5702634520b931010436ff8317bf5c5ded3e06a286fb,914.4981412639405,44.60965249440926,True
Bircsak2021,Ketoconazole,ALBUMIN,human iHep/HMEC-1/THP-1; OrganoPlate 2-lane; rocker perfusion; endpoint unit=ng/mL,72h,0.30302710828663965,uM,Bircsak2021_S6_Ketoconazole_02,Bircsak2021_S6_Ketoconazole,ng/mL,selected,interpolation,1235.3909912109375,-43.506561354648966,2514.288543776524,Bircsak2021_S6_Ketoconazole_01|Bircsak2021_S6_Ketoconazole_03|Bircsak2021_S6_Ketoconazole_05,3d02dd3a1bc57e8c53f701a6005c8d5e9d8ad6a15a57cdec3f22b27066015897,8213c89526adfad2ef5f5702634520b931010436ff8317bf5c5ded3e06a286fb,1088.888888888889,146.5021023220486,True
Bircsak2021,Ketoconazole,ALBUMIN,human iHep/HMEC-1/THP-1; OrganoPlate 2-lane; rocker perfusion; endpoint unit=ng/mL,72h,3.1176485826448554,uM,Bircsak2021_S6_Ketoconazole_04,Bircsak2021_S6_Ketoconazole,ng/mL,selected,interpolation,1073.525390625,-205.37216194058647,2352.4229431905865,Bircsak2021_S6_Ketoconazole_01|Bircsak2021_S6_Ketoconazole_03|Bircsak2021_S6_Ketoconazole_05,3d02dd3a1bc57e8c53f701a6005c8d5e9d8ad6a15a57cdec3f22b27066015897,8213c89526adfad2ef5f5702634520b931010436ff8317bf5c5ded3e06a286fb,1144.4444444444443,70.91905381944434,True
Bircsak2021,Ketoconazole,ALBUMIN,human iHep/HMEC-1/THP-1; OrganoPlate 2-lane; rocker perfusion; endpoint unit=ng/mL,72h,32.07545602050028,uM,Bircsak2021_S6_Ketoconazole_06,Bircsak2021_S6_Ketoconazole,ng/mL,selected,interpolation,966.6666870117188,-312.2308655538677,2245.564239577305,Bircsak2021_S6_Ketoconazole_01|Bircsak2021_S6_Ketoconazole_03|Bircsak2021_S6_Ketoconazole_05,3d02dd3a1bc57e8c53f701a6005c8d5e9d8ad6a15a57cdec3f22b27066015897,8213c89526adfad2ef5f5702634520b931010436ff8317bf5c5ded3e06a286fb,533.3333333333334,433.3333536783854,True
Bircsak2021,Ketoconazole,ALBUMIN,human iHep/HMEC-1/THP-1; OrganoPlate 2-lane; rocker perfusion; endpoint unit=ng/mL,72h,100.0,uM,Bircsak2021_S6_Ketoconazole_07,Bircsak2021_S6_Ketoconazole,ng/mL,selected,interpolation,966.6666870117188,-312.2308655538677,2245.564239577305,Bircsak2021_S6_Ketoconazole_01|Bircsak2021_S6_Ketoconazole_03|Bircsak2021_S6_Ketoconazole_05,3d02dd3a1bc57e8c53f701a6005c8d5e9d8ad6a15a57cdec3f22b27066015897,8213c89526adfad2ef5f5702634520b931010436ff8317bf5c5ded3e06a286fb,33.333333333333336,933.3333536783854,True
Bircsak2021,Ketoconazole,ALBUMIN,human iHep/HMEC-1/THP-1; OrganoPlate 2-lane; rocker perfusion; endpoint unit=ng/mL,72h,0.30302710828663965,uM,Bircsak2021_S6_Ketoconazole_02,Bircsak2021_S6_Ketoconazole,ng/mL,fixed50,fixed50_a1,1268.8166500016478,187.2816162773629,2350.3516837259326,Bircsak2021_S6_Ketoconazole_01|Bircsak2021_S6_Ketoconazole_03|Bircsak2021_S6_Ketoconazole_05,b4333f24e02654341ce36f55267a3d40ce7bde756b3388aadb07990920b72901,8213c89526adfad2ef5f5702634520b931010436ff8317bf5c5ded3e06a286fb,1088.888888888889,179.92776111275884,True
Bircsak2021,Ketoconazole,ALBUMIN,human iHep/HMEC-1/THP-1; OrganoPlate 2-lane; rocker perfusion; endpoint unit=ng/mL,72h,3.1176485826448554,uM,Bircsak2021_S6_Ketoconazole_04,Bircsak2021_S6_Ketoconazole,ng/mL,fixed50,fixed50_a1,1168.0423824378386,86.50734871355371,2249.5774161621234,Bircsak2021_S6_Ketoconazole_01|Bircsak2021_S6_Ketoconazole_03|Bircsak2021_S6_Ketoconazole_05,b4333f24e02654341ce36f55267a3d40ce7bde756b3388aadb07990920b72901,8213c89526adfad2ef5f5702634520b931010436ff8317bf5c5ded3e06a286fb,1144.4444444444443,23.597937993394225,True
Bircsak2021,Ketoconazole,ALBUMIN,human iHep/HMEC-1/THP-1; OrganoPlate 2-lane; rocker perfusion; endpoint unit=ng/mL,72h,32.07545602050028,uM,Bircsak2021_S6_Ketoconazole_06,Bircsak2021_S6_Ketoconazole,ng/mL,fixed50,fixed50_a1,1015.7054353456379,-65.829598378647,2097.2404690699227,Bircsak2021_S6_Ketoconazole_01|Bircsak2021_S6_Ketoconazole_03|Bircsak2021_S6_Ketoconazole_05,b4333f24e02654341ce36f55267a3d40ce7bde756b3388aadb07990920b72901,8213c89526adfad2ef5f5702634520b931010436ff8317bf5c5ded3e06a286fb,533.3333333333334,482.3721020123045,True
Bircsak2021,Ketoconazole,ALBUMIN,human iHep/HMEC-1/THP-1; OrganoPlate 2-lane; rocker perfusion; endpoint unit=ng/mL,72h,100.0,uM,Bircsak2021_S6_Ketoconazole_07,Bircsak2021_S6_Ketoconazole,ng/mL,fixed50,fixed50_a1,458.26400294788544,-623.2710307763994,1539.7990366721704,Bircsak2021_S6_Ketoconazole_01|Bircsak2021_S6_Ketoconazole_03|Bircsak2021_S6_Ketoconazole_05,b4333f24e02654341ce36f55267a3d40ce7bde756b3388aadb07990920b72901,8213c89526adfad2ef5f5702634520b931010436ff8317bf5c5ded3e06a286fb,33.333333333333336,424.93066961455213,True
Bircsak2021,Ketoconazole,ALBUMIN,human iHep/HMEC-1/THP-1; OrganoPlate 2-lane; rocker perfusion; endpoint unit=ng/mL,72h,0.30302710828663965,uM,Bircsak2021_S6_Ketoconazole_02,Bircsak2021_S6_Ketoconazole,ng/mL,interpolation,interpolation,1235.3909912109375,-43.506561354648966,2514.288543776524,Bircsak2021_S6_Ketoconazole_01|Bircsak2021_S6_Ketoconazole_03|Bircsak2021_S6_Ketoconazole_05,3d02dd3a1bc57e8c53f701a6005c8d5e9d8ad6a15a57cdec3f22b27066015897,8213c89526adfad2ef5f5702634520b931010436ff8317bf5c5ded3e06a286fb,1088.888888888889,146.5021023220486,True
Bircsak2021,Ketoconazole,ALBUMIN,human iHep/HMEC-1/THP-1; OrganoPlate 2-lane; rocker perfusion; endpoint unit=ng/mL,72h,3.1176485826448554,uM,Bircsak2021_S6_Ketoconazole_04,Bircsak2021_S6_Ketoconazole,ng/mL,interpolation,interpolation,1073.525390625,-205.37216194058647,2352.4229431905865,Bircsak2021_S6_Ketoconazole_01|Bircsak2021_S6_Ketoconazole_03|Bircsak2021_S6_Ketoconazole_05,3d02dd3a1bc57e8c53f701a6005c8d5e9d8ad6a15a57cdec3f22b27066015897,8213c89526adfad2ef5f5702634520b931010436ff8317bf5c5ded3e06a286fb,1144.4444444444443,70.91905381944434,True
Bircsak2021,Ketoconazole,ALBUMIN,human iHep/HMEC-1/THP-1; OrganoPlate 2-lane; rocker perfusion; endpoint unit=ng/mL,72h,32.07545602050028,uM,Bircsak2021_S6_Ketoconazole_06,Bircsak2021_S6_Ketoconazole,ng/mL,interpolation,interpolation,966.6666870117188,-312.2308655538677,2245.564239577305,Bircsak2021_S6_Ketoconazole_01|Bircsak2021_S6_Ketoconazole_03|Bircsak2021_S6_Ketoconazole_05,3d02dd3a1bc57e8c53f701a6005c8d5e9d8ad6a15a57cdec3f22b27066015897,8213c89526adfad2ef5f5702634520b931010436ff8317bf5c5ded3e06a286fb,533.3333333333334,433.3333536783854,True
Bircsak2021,Ketoconazole,ALBUMIN,human iHep/HMEC-1/THP-1; OrganoPlate 2-lane; rocker perfusion; endpoint unit=ng/mL,72h,100.0,uM,Bircsak2021_S6_Ketoconazole_07,Bircsak2021_S6_Ketoconazole,ng/mL,interpolation,interpolation,966.6666870117188,-312.2308655538677,2245.564239577305,Bircsak2021_S6_Ketoconazole_01|Bircsak2021_S6_Ketoconazole_03|Bircsak2021_S6_Ketoconazole_05,3d02dd3a1bc57e8c53f701a6005c8d5e9d8ad6a15a57cdec3f22b27066015897,8213c89526adfad2ef5f5702634520b931010436ff8317bf5c5ded3e06a286fb,33.333333333333336,933.3333536783854,True
Bircsak2021,Glafenine,ALBUMIN,human iHep/HMEC-1/THP-1; OrganoPlate 2-lane; rocker perfusion; endpoint unit=ng/mL,72h,1.0172024731297098,uM,Bircsak2021_S6_Glafenine_02,Bircsak2021_S6_Glafenine,ng/mL,selected,interpolation,927.2435913085938,-20.904594214168696,1875.3917768313563,Bircsak2021_S6_Glafenine_01|Bircsak2021_S6_Glafenine_03|Bircsak2021_S6_Glafenine_05,3d02dd3a1bc57e8c53f701a6005c8d5e9d8ad6a15a57cdec3f22b27066015897,8213c89526adfad2ef5f5702634520b931010436ff8317bf5c5ded3e06a286fb,944.4444444444445,17.200853135850707,True
Bircsak2021,Glafenine,ALBUMIN,human iHep/HMEC-1/THP-1; OrganoPlate 2-lane; rocker perfusion; endpoint unit=ng/mL,72h,10.11435683750891,uM,Bircsak2021_S6_Glafenine_04,Bircsak2021_S6_Glafenine,ng/mL,selected,interpolation,927.7777709960938,-20.370414526668696,1875.9259565188563,Bircsak2021_S6_Glafenine_01|Bircsak2021_S6_Glafenine_03|Bircsak2021_S6_Glafenine_05,3d02dd3a1bc57e8c53f701a6005c8d5e9d8ad6a15a57cdec3f22b27066015897,8213c89526adfad2ef5f5702634520b931010436ff8317bf5c5ded3e06a286fb,1111.111111111111,183.33334011501734,True
Bircsak2021,Glafenine,ALBUMIN,human iHep/HMEC-1/THP-1; OrganoPlate 2-lane; rocker perfusion; endpoint unit=ng/mL,72h,100.57015878235909,uM,Bircsak2021_S6_Glafenine_06,Bircsak2021_S6_Glafenine,ng/mL,selected,interpolation,955.5555419921875,7.4073564694250535,1903.70372751495,Bircsak2021_S6_Glafenine_01|Bircsak2021_S6_Glafenine_03|Bircsak2021_S6_Glafenine_05,3d02dd3a1bc57e8c53f701a6005c8d5e9d8ad6a15a57cdec3f22b27066015897,8213c89526adfad2ef5f5702634520b931010436ff8317bf5c5ded3e06a286fb,477.7777777777778,477.7777642144097,True
Bircsak2021,Glafenine,ALBUMIN,human iHep/HMEC-1/THP-1; OrganoPlate 2-lane; rocker perfusion; endpoint unit=ng/mL,72h,320.7545602050025,uM,Bircsak2021_S6_Glafenine_07,Bircsak2021_S6_Glafenine,ng/mL,selected,interpolation,955.5555419921875,7.4073564694250535,1903.70372751495,Bircsak2021_S6_Glafenine_01|Bircsak2021_S6_Glafenine_03|Bircsak2021_S6_Glafenine_05,3d02dd3a1bc57e8c53f701a6005c8d5e9d8ad6a15a57cdec3f22b27066015897,8213c89526adfad2ef5f5702634520b931010436ff8317bf5c5ded3e06a286fb,422.22222222222223,533.3333197699653,True
Bircsak2021,Glafenine,ALBUMIN,human iHep/HMEC-1/THP-1; OrganoPlate 2-lane; rocker perfusion; endpoint unit=ng/mL,72h,1.0172024731297098,uM,Bircsak2021_S6_Glafenine_02,Bircsak2021_S6_Glafenine,ng/mL,fixed50,fixed50_a1,943.0002419201262,141.17254450384598,1744.8279393364064,Bircsak2021_S6_Glafenine_01|Bircsak2021_S6_Glafenine_03|Bircsak2021_S6_Glafenine_05,b4333f24e02654341ce36f55267a3d40ce7bde756b3388aadb07990920b72901,8213c89526adfad2ef5f5702634520b931010436ff8317bf5c5ded3e06a286fb,944.4444444444445,1.444202524318257,True
Bircsak2021,Glafenine,ALBUMIN,human iHep/HMEC-1/THP-1; OrganoPlate 2-lane; rocker perfusion; endpoint unit=ng/mL,72h,10.11435683750891,uM,Bircsak2021_S6_Glafenine_04,Bircsak2021_S6_Glafenine,ng/mL,fixed50,fixed50_a1,943.9951044978112,142.167407081531,1745.8228019140915,Bircsak2021_S6_Glafenine_01|Bircsak2021_S6_Glafenine_03|Bircsak2021_S6_Glafenine_05,b4333f24e02654341ce36f55267a3d40ce7bde756b3388aadb07990920b72901,8213c89526adfad2ef5f5702634520b931010436ff8317bf5c5ded3e06a286fb,1111.111111111111,167.11600661329987,True
Bircsak2021,Glafenine,ALBUMIN,human iHep/HMEC-1/THP-1; OrganoPlate 2-lane; rocker perfusion; endpoint unit=ng/mL,72h,100.57015878235909,uM,Bircsak2021_S6_Glafenine_06,Bircsak2021_S6_Glafenine,ng/mL,fixed50,fixed50_a1,991.8898590934998,190.0621616772196,1793.71755650978,Bircsak2021_S6_Glafenine_01|Bircsak2021_S6_Glafenine_03|Bircsak2021_S6_Glafenine_05,b4333f24e02654341ce36f55267a3d40ce7bde756b3388aadb07990920b72901,8213c89526adfad2ef5f5702634520b931010436ff8317bf5c5ded3e06a286fb,477.7777777777778,514.112081315722,True
Bircsak2021,Glafenine,ALBUMIN,human iHep/HMEC-1/THP-1; OrganoPlate 2-lane; rocker perfusion; endpoint unit=ng/mL,72h,320.7545602050025,uM,Bircsak2021_S6_Glafenine_07,Bircsak2021_S6_Glafenine,ng/mL,fixed50,fixed50_a1,898.7128850560199,96.88518763973968,1700.5405824723002,Bircsak2021_S6_Glafenine_01|Bircsak2021_S6_Glafenine_03|Bircsak2021_S6_Glafenine_05,b4333f24e02654341ce36f55267a3d40ce7bde756b3388aadb07990920b72901,8213c89526adfad2ef5f5702634520b931010436ff8317bf5c5ded3e06a286fb,422.22222222222223,476.49066283379767,True
Bircsak2021,Glafenine,ALBUMIN,human iHep/HMEC-1/THP-1; OrganoPlate 2-lane; rocker perfusion; endpoint unit=ng/mL,72h,1.0172024731297098,uM,Bircsak2021_S6_Glafenine_02,Bircsak2021_S6_Glafenine,ng/mL,interpolation,interpolation,927.2435913085938,-20.904594214168696,1875.3917768313563,Bircsak2021_S6_Glafenine_01|Bircsak2021_S6_Glafenine_03|Bircsak2021_S6_Glafenine_05,3d02dd3a1bc57e8c53f701a6005c8d5e9d8ad6a15a57cdec3f22b27066015897,8213c89526adfad2ef5f5702634520b931010436ff8317bf5c5ded3e06a286fb,944.4444444444445,17.200853135850707,True
Bircsak2021,Glafenine,ALBUMIN,human iHep/HMEC-1/THP-1; OrganoPlate 2-lane; rocker perfusion; endpoint unit=ng/mL,72h,10.11435683750891,uM,Bircsak2021_S6_Glafenine_04,Bircsak2021_S6_Glafenine,ng/mL,interpolation,interpolation,927.7777709960938,-20.370414526668696,1875.9259565188563,Bircsak2021_S6_Glafenine_01|Bircsak2021_S6_Glafenine_03|Bircsak2021_S6_Glafenine_05,3d02dd3a1bc57e8c53f701a6005c8d5e9d8ad6a15a57cdec3f22b27066015897,8213c89526adfad2ef5f5702634520b931010436ff8317bf5c5ded3e06a286fb,1111.111111111111,183.33334011501734,True
Bircsak2021,Glafenine,ALBUMIN,human iHep/HMEC-1/THP-1; OrganoPlate 2-lane; rocker perfusion; endpoint unit=ng/mL,72h,100.57015878235909,uM,Bircsak2021_S6_Glafenine_06,Bircsak2021_S6_Glafenine,ng/mL,interpolation,interpolation,955.5555419921875,7.4073564694250535,1903.70372751495,Bircsak2021_S6_Glafenine_01|Bircsak2021_S6_Glafenine_03|Bircsak2021_S6_Glafenine_05,3d02dd3a1bc57e8c53f701a6005c8d5e9d8ad6a15a57cdec3f22b27066015897,8213c89526adfad2ef5f5702634520b931010436ff8317bf5c5ded3e06a286fb,477.7777777777778,477.7777642144097,True
Bircsak2021,Glafenine,ALBUMIN,human iHep/HMEC-1/THP-1; OrganoPlate 2-lane; rocker perfusion; endpoint unit=ng/mL,72h,320.7545602050025,uM,Bircsak2021_S6_Glafenine_07,Bircsak2021_S6_Glafenine,ng/mL,interpolation,interpolation,955.5555419921875,7.4073564694250535,1903.70372751495,Bircsak2021_S6_Glafenine_01|Bircsak2021_S6_Glafenine_03|Bircsak2021_S6_Glafenine_05,3d02dd3a1bc57e8c53f701a6005c8d5e9d8ad6a15a57cdec3f22b27066015897,8213c89526adfad2ef5f5702634520b931010436ff8317bf5c5ded3e06a286fb,422.22222222222223,533.3333197699653,True
Bircsak2021,Dexamethasone,ALBUMIN,human iHep/HMEC-1/THP-1; OrganoPlate 2-lane; rocker perfusion; endpoint unit=ng/mL,72h,0.4003770135496092,uM,Bircsak2021_S6_Dexamethasone_02,Bircsak2021_S6_Dexamethasone,ng/mL,selected,interpolation,1670.2105712890625,-317.98804925567447,3658.4091918337995,Bircsak2021_S6_Dexamethasone_01|Bircsak2021_S6_Dexamethasone_03|Bircsak2021_S6_Dexamethasone_05,3d02dd3a1bc57e8c53f701a6005c8d5e9d8ad6a15a57cdec3f22b27066015897,8213c89526adfad2ef5f5702634520b931010436ff8317bf5c5ded3e06a286fb,1455.223880597015,214.98669069204743,True
Bircsak2021,Dexamethasone,ALBUMIN,human iHep/HMEC-1/THP-1; OrganoPlate 2-lane; rocker perfusion; endpoint unit=ng/mL,72h,3.31885022930779,uM,Bircsak2021_S6_Dexamethasone_04,Bircsak2021_S6_Dexamethasone,ng/mL,selected,interpolation,1192.1641845703125,-796.0344359744245,3180.3628051150495,Bircsak2021_S6_Dexamethasone_01|Bircsak2021_S6_Dexamethasone_03|Bircsak2021_S6_Dexamethasone_05,3d02dd3a1bc57e8c53f701a6005c8d5e9d8ad6a15a57cdec3f22b27066015897,8213c89526adfad2ef5f5702634520b931010436ff8317bf5c5ded3e06a286fb,1074.6268656716418,117.53731889867072,True
Bircsak2021,Dexamethasone,ALBUMIN,human iHep/HMEC-1/THP-1; OrganoPlate 2-lane; rocker perfusion; endpoint unit=ng/mL,72h,31.533010258823953,uM,Bircsak2021_S6_Dexamethasone_06,Bircsak2021_S6_Dexamethasone,ng/mL,selected,interpolation,1220.1492919921875,-768.0493285525495,3208.3479125369245,Bircsak2021_S6_Dexamethasone_01|Bircsak2021_S6_Dexamethasone_03|Bircsak2021_S6_Dexamethasone_05,3d02dd3a1bc57e8c53f701a6005c8d5e9d8ad6a15a57cdec3f22b27066015897,8213c89526adfad2ef5f5702634520b931010436ff8317bf5c5ded3e06a286fb,1152.9850746268658,67.16421736532175,True
Bircsak2021,Dexamethasone,ALBUMIN,human iHep/HMEC-1/THP-1; OrganoPlate 2-lane; rocker perfusion; endpoint unit=ng/mL,72h,100.57015878235909,uM,Bircsak2021_S6_Dexamethasone_07,Bircsak2021_S6_Dexamethasone,ng/mL,selected,interpolation,1220.1492919921875,-768.0493285525495,3208.3479125369245,Bircsak2021_S6_Dexamethasone_01|Bircsak2021_S6_Dexamethasone_03|Bircsak2021_S6_Dexamethasone_05,3d02dd3a1bc57e8c53f701a6005c8d5e9d8ad6a15a57cdec3f22b27066015897,8213c89526adfad2ef5f5702634520b931010436ff8317bf5c5ded3e06a286fb,794.776119402985,425.37317258920245,True
Bircsak2021,Dexamethasone,ALBUMIN,human iHep/HMEC-1/THP-1; OrganoPlate 2-lane; rocker perfusion; endpoint unit=ng/mL,72h,0.4003770135496092,uM,Bircsak2021_S6_Dexamethasone_02,Bircsak2021_S6_Dexamethasone,ng/mL,fixed50,fixed50_a1,1486.765327971953,-194.60974214817975,3168.140398092086,Bircsak2021_S6_Dexamethasone_01|Bircsak2021_S6_Dexamethasone_03|Bircsak2021_S6_Dexamethasone_05,b4333f24e02654341ce36f55267a3d40ce7bde756b3388aadb07990920b72901,8213c89526adfad2ef5f5702634520b931010436ff8317bf5c5ded3e06a286fb,1455.223880597015,31.54144737493789,True
Bircsak2021,Dexamethasone,ALBUMIN,human iHep/HMEC-1/THP-1; OrganoPlate 2-lane; rocker perfusion; endpoint unit=ng/mL,72h,3.31885022930779,uM,Bircsak2021_S6_Dexamethasone_04,Bircsak2021_S6_Dexamethasone,ng/mL,fixed50,fixed50_a1,1078.1930723476762,-603.1819977724565,2759.5681424678087,Bircsak2021_S6_Dexamethasone_01|Bircsak2021_S6_Dexamethasone_03|Bircsak2021_S6_Dexamethasone_05,b4333f24e02654341ce36f55267a3d40ce7bde756b3388aadb07990920b72901,8213c89526adfad2ef5f5702634520b931010436ff8317bf5c5ded3e06a286fb,1074.6268656716418,3.566206676034426,True
Bircsak2021,Dexamethasone,ALBUMIN,human iHep/HMEC-1/THP-1; OrganoPlate 2-lane; rocker perfusion; endpoint unit=ng/mL,72h,31.533010258823953,uM,Bircsak2021_S6_Dexamethasone_06,Bircsak2021_S6_Dexamethasone,ng/mL,fixed50,fixed50_a1,983.8088148577327,-697.5662552624,2665.1838849778655,Bircsak2021_S6_Dexamethasone_01|Bircsak2021_S6_Dexamethasone_03|Bircsak2021_S6_Dexamethasone_05,b4333f24e02654341ce36f55267a3d40ce7bde756b3388aadb07990920b72901,8213c89526adfad2ef5f5702634520b931010436ff8317bf5c5ded3e06a286fb,1152.9850746268658,169.17625976913303,True
Bircsak2021,Dexamethasone,ALBUMIN,human iHep/HMEC-1/THP-1; OrganoPlate 2-lane; rocker perfusion; endpoint unit=ng/mL,72h,100.57015878235909,uM,Bircsak2021_S6_Dexamethasone_07,Bircsak2021_S6_Dexamethasone,ng/mL,fixed50,fixed50_a1,505.2474656975687,-1176.127604422564,2186.6225358177016,Bircsak2021_S6_Dexamethasone_01|Bircsak2021_S6_Dexamethasone_03|Bircsak2021_S6_Dexamethasone_05,b4333f24e02654341ce36f55267a3d40ce7bde756b3388aadb07990920b72901,8213c89526adfad2ef5f5702634520b931010436ff8317bf5c5ded3e06a286fb,794.776119402985,289.52865370541633,True
Bircsak2021,Dexamethasone,ALBUMIN,human iHep/HMEC-1/THP-1; OrganoPlate 2-lane; rocker perfusion; endpoint unit=ng/mL,72h,0.4003770135496092,uM,Bircsak2021_S6_Dexamethasone_02,Bircsak2021_S6_Dexamethasone,ng/mL,interpolation,interpolation,1670.2105712890625,-317.98804925567447,3658.4091918337995,Bircsak2021_S6_Dexamethasone_01|Bircsak2021_S6_Dexamethasone_03|Bircsak2021_S6_Dexamethasone_05,3d02dd3a1bc57e8c53f701a6005c8d5e9d8ad6a15a57cdec3f22b27066015897,8213c89526adfad2ef5f5702634520b931010436ff8317bf5c5ded3e06a286fb,1455.223880597015,214.98669069204743,True
Bircsak2021,Dexamethasone,ALBUMIN,human iHep/HMEC-1/THP-1; OrganoPlate 2-lane; rocker perfusion; endpoint unit=ng/mL,72h,3.31885022930779,uM,Bircsak2021_S6_Dexamethasone_04,Bircsak2021_S6_Dexamethasone,ng/mL,interpolation,interpolation,1192.1641845703125,-796.0344359744245,3180.3628051150495,Bircsak2021_S6_Dexamethasone_01|Bircsak2021_S6_Dexamethasone_03|Bircsak2021_S6_Dexamethasone_05,3d02dd3a1bc57e8c53f701a6005c8d5e9d8ad6a15a57cdec3f22b27066015897,8213c89526adfad2ef5f5702634520b931010436ff8317bf5c5ded3e06a286fb,1074.6268656716418,117.53731889867072,True
Bircsak2021,Dexamethasone,ALBUMIN,human iHep/HMEC-1/THP-1; OrganoPlate 2-lane; rocker perfusion; endpoint unit=ng/mL,72h,31.533010258823953,uM,Bircsak2021_S6_Dexamethasone_06,Bircsak2021_S6_Dexamethasone,ng/mL,interpolation,interpolation,1220.1492919921875,-768.0493285525495,3208.3479125369245,Bircsak2021_S6_Dexamethasone_01|Bircsak2021_S6_Dexamethasone_03|Bircsak2021_S6_Dexamethasone_05,3d02dd3a1bc57e8c53f701a6005c8d5e9d8ad6a15a57cdec3f22b27066015897,8213c89526adfad2ef5f5702634520b931010436ff8317bf5c5ded3e06a286fb,1152.9850746268658,67.16421736532175,True
Bircsak2021,Dexamethasone,ALBUMIN,human iHep/HMEC-1/THP-1; OrganoPlate 2-lane; rocker perfusion; endpoint unit=ng/mL,72h,100.57015878235909,uM,Bircsak2021_S6_Dexamethasone_07,Bircsak2021_S6_Dexamethasone,ng/mL,interpolation,interpolation,1220.1492919921875,-768.0493285525495,3208.3479125369245,Bircsak2021_S6_Dexamethasone_01|Bircsak2021_S6_Dexamethasone_03|Bircsak2021_S6_Dexamethasone_05,3d02dd3a1bc57e8c53f701a6005c8d5e9d8ad6a15a57cdec3f22b27066015897,8213c89526adfad2ef5f5702634520b931010436ff8317bf5c5ded3e06a286fb,794.776119402985,425.37317258920245,True
Bircsak2021,Chlorpromazine,ALBUMIN,human iHep/HMEC-1/THP-1; OrganoPlate 2-lane; rocker perfusion; endpoint unit=ng/mL,72h,1.0172024731297098,uM,Bircsak2021_S6_Chlorpromazine_02,Bircsak2021_S6_Chlorpromazine,ng/mL,selected,interpolation,1715.491455078125,-48.505169150269694,3479.4880793065195,Bircsak2021_S6_Chlorpromazine_01|Bircsak2021_S6_Chlorpromazine_03|Bircsak2021_S6_Chlorpromazine_05,3d02dd3a1bc57e8c53f701a6005c8d5e9d8ad6a15a57cdec3f22b27066015897,8213c89526adfad2ef5f5702634520b931010436ff8317bf5c5ded3e06a286fb,1688.888888888889,26.602566189236086,True
Bircsak2021,Chlorpromazine,ALBUMIN,human iHep/HMEC-1/THP-1; OrganoPlate 2-lane; rocker perfusion; endpoint unit=ng/mL,72h,10.11435683750891,uM,Bircsak2021_S6_Chlorpromazine_04,Bircsak2021_S6_Chlorpromazine,ng/mL,selected,interpolation,1672.22216796875,-91.7744562596447,3436.2187921971445,Bircsak2021_S6_Chlorpromazine_01|Bircsak2021_S6_Chlorpromazine_03|Bircsak2021_S6_Chlorpromazine_05,3d02dd3a1bc57e8c53f701a6005c8d5e9d8ad6a15a57cdec3f22b27066015897,8213c89526adfad2ef5f5702634520b931010436ff8317bf5c5ded3e06a286fb,1666.6666666666667,5.5555013020832575,True
Bircsak2021,Chlorpromazine,ALBUMIN,human iHep/HMEC-1/THP-1; OrganoPlate 2-lane; rocker perfusion; endpoint unit=ng/mL,72h,100.57015878235909,uM,Bircsak2021_S6_Chlorpromazine_06,Bircsak2021_S6_Chlorpromazine,ng/mL,selected,interpolation,1688.888916015625,-75.1077082127697,3452.8855402440195,Bircsak2021_S6_Chlorpromazine_01|Bircsak2021_S6_Chlorpromazine_03|Bircsak2021_S6_Chlorpromazine_05,3d02dd3a1bc57e8c53f701a6005c8d5e9d8ad6a15a57cdec3f22b27066015897,8213c89526adfad2ef5f5702634520b931010436ff8317bf5c5ded3e06a286fb,1688.888888888889,2.712673608584737e-05,True
Bircsak2021,Chlorpromazine,ALBUMIN,human iHep/HMEC-1/THP-1; OrganoPlate 2-lane; rocker perfusion; endpoint unit=ng/mL,72h,313.54241298418987,uM,Bircsak2021_S6_Chlorpromazine_07,Bircsak2021_S6_Chlorpromazine,ng/mL,selected,interpolation,1688.888916015625,-75.1077082127697,3452.8855402440195,Bircsak2021_S6_Chlorpromazine_01|Bircsak2021_S6_Chlorpromazine_03|Bircsak2021_S6_Chlorpromazine_05,3d02dd3a1bc57e8c53f701a6005c8d5e9d8ad6a15a57cdec3f22b27066015897,8213c89526adfad2ef5f5702634520b931010436ff8317bf5c5ded3e06a286fb,1400.0,288.888916015625,True
Bircsak2021,Chlorpromazine,ALBUMIN,human iHep/HMEC-1/THP-1; OrganoPlate 2-lane; rocker perfusion; endpoint unit=ng/mL,72h,1.0172024731297098,uM,Bircsak2021_S6_Chlorpromazine_02,Bircsak2021_S6_Chlorpromazine,ng/mL,fixed50,fixed50_a1,1509.020466989725,17.248006680366643,3000.792927299083,Bircsak2021_S6_Chlorpromazine_01|Bircsak2021_S6_Chlorpromazine_03|Bircsak2021_S6_Chlorpromazine_05,b4333f24e02654341ce36f55267a3d40ce7bde756b3388aadb07990920b72901,8213c89526adfad2ef5f5702634520b931010436ff8317bf5c5ded3e06a286fb,1688.888888888889,179.86842189916388,True
Bircsak2021,Chlorpromazine,ALBUMIN,human iHep/HMEC-1/THP-1; OrganoPlate 2-lane; rocker perfusion; endpoint unit=ng/mL,72h,10.11435683750891,uM,Bircsak2021_S6_Chlorpromazine_04,Bircsak2021_S6_Chlorpromazine,ng/mL,fixed50,fixed50_a1,1336.4604973967405,-155.3119629126179,2828.232957706099,Bircsak2021_S6_Chlorpromazine_01|Bircsak2021_S6_Chlorpromazine_03|Bircsak2021_S6_Chlorpromazine_05,b4333f24e02654341ce36f55267a3d40ce7bde756b3388aadb07990920b72901,8213c89526adfad2ef5f5702634520b931010436ff8317bf5c5ded3e06a286fb,1666.6666666666667,330.20616926992625,True
Bircsak2021,Chlorpromazine,ALBUMIN,human iHep/HMEC-1/THP-1; OrganoPlate 2-lane; rocker perfusion; endpoint unit=ng/mL,72h,100.57015878235909,uM,Bircsak2021_S6_Chlorpromazine_06,Bircsak2021_S6_Chlorpromazine,ng/mL,fixed50,fixed50_a1,920.6609914153897,-571.1114688939687,2412.433451724748,Bircsak2021_S6_Chlorpromazine_01|Bircsak2021_S6_Chlorpromazine_03|Bircsak2021_S6_Chlorpromazine_05,b4333f24e02654341ce36f55267a3d40ce7bde756b3388aadb07990920b72901,8213c89526adfad2ef5f5702634520b931010436ff8317bf5c5ded3e06a286fb,1688.888888888889,768.2278974734992,True
Bircsak2021,Chlorpromazine,ALBUMIN,human iHep/HMEC-1/THP-1; OrganoPlate 2-lane; rocker perfusion; endpoint unit=ng/mL,72h,313.54241298418987,uM,Bircsak2021_S6_Chlorpromazine_07,Bircsak2021_S6_Chlorpromazine,ng/mL,fixed50,fixed50_a1,531.7801703605637,-959.9922899487947,2023.552630669922,Bircsak2021_S6_Chlorpromazine_01|Bircsak2021_S6_Chlorpromazine_03|Bircsak2021_S6_Chlorpromazine_05,b4333f24e02654341ce36f55267a3d40ce7bde756b3388aadb07990920b72901,8213c89526adfad2ef5f5702634520b931010436ff8317bf5c5ded3e06a286fb,1400.0,868.2198296394363,True
Bircsak2021,Chlorpromazine,ALBUMIN,human iHep/HMEC-1/THP-1; OrganoPlate 2-lane; rocker perfusion; endpoint unit=ng/mL,72h,1.0172024731297098,uM,Bircsak2021_S6_Chlorpromazine_02,Bircsak2021_S6_Chlorpromazine,ng/mL,interpolation,interpolation,1715.491455078125,-48.505169150269694,3479.4880793065195,Bircsak2021_S6_Chlorpromazine_01|Bircsak2021_S6_Chlorpromazine_03|Bircsak2021_S6_Chlorpromazine_05,3d02dd3a1bc57e8c53f701a6005c8d5e9d8ad6a15a57cdec3f22b27066015897,8213c89526adfad2ef5f5702634520b931010436ff8317bf5c5ded3e06a286fb,1688.888888888889,26.602566189236086,True
Bircsak2021,Chlorpromazine,ALBUMIN,human iHep/HMEC-1/THP-1; OrganoPlate 2-lane; rocker perfusion; endpoint unit=ng/mL,72h,10.11435683750891,uM,Bircsak2021_S6_Chlorpromazine_04,Bircsak2021_S6_Chlorpromazine,ng/mL,interpolation,interpolation,1672.22216796875,-91.7744562596447,3436.2187921971445,Bircsak2021_S6_Chlorpromazine_01|Bircsak2021_S6_Chlorpromazine_03|Bircsak2021_S6_Chlorpromazine_05,3d02dd3a1bc57e8c53f701a6005c8d5e9d8ad6a15a57cdec3f22b27066015897,8213c89526adfad2ef5f5702634520b931010436ff8317bf5c5ded3e06a286fb,1666.6666666666667,5.5555013020832575,True
Bircsak2021,Chlorpromazine,ALBUMIN,human iHep/HMEC-1/THP-1; OrganoPlate 2-lane; rocker perfusion; endpoint unit=ng/mL,72h,100.57015878235909,uM,Bircsak2021_S6_Chlorpromazine_06,Bircsak2021_S6_Chlorpromazine,ng/mL,interpolation,interpolation,1688.888916015625,-75.1077082127697,3452.8855402440195,Bircsak2021_S6_Chlorpromazine_01|Bircsak2021_S6_Chlorpromazine_03|Bircsak2021_S6_Chlorpromazine_05,3d02dd3a1bc57e8c53f701a6005c8d5e9d8ad6a15a57cdec3f22b27066015897,8213c89526adfad2ef5f5702634520b931010436ff8317bf5c5ded3e06a286fb,1688.888888888889,2.712673608584737e-05,True
Bircsak2021,Chlorpromazine,ALBUMIN,human iHep/HMEC-1/THP-1; OrganoPlate 2-lane; rocker perfusion; endpoint unit=ng/mL,72h,313.54241298418987,uM,Bircsak2021_S6_Chlorpromazine_07,Bircsak2021_S6_Chlorpromazine,ng/mL,interpolation,interpolation,1688.888916015625,-75.1077082127697,3452.8855402440195,Bircsak2021_S6_Chlorpromazine_01|Bircsak2021_S6_Chlorpromazine_03|Bircsak2021_S6_Chlorpromazine_05,3d02dd3a1bc57e8c53f701a6005c8d5e9d8ad6a15a57cdec3f22b27066015897,8213c89526adfad2ef5f5702634520b931010436ff8317bf5c5ded3e06a286fb,1400.0,288.888916015625,True
Bircsak2021,Tamoxifen,ALBUMIN,human iHep/HMEC-1/THP-1; OrganoPlate 2-lane; rocker perfusion; endpoint unit=ng/mL,72h,0.30302710828663965,uM,Bircsak2021_S6_Tamoxifen_02,Bircsak2021_S6_Tamoxifen,ng/mL,selected,interpolation,1274.485595703125,-191.83659818672845,2740.807789592978,Bircsak2021_S6_Tamoxifen_01|Bircsak2021_S6_Tamoxifen_03|Bircsak2021_S6_Tamoxifen_05,3d02dd3a1bc57e8c53f701a6005c8d5e9d8ad6a15a57cdec3f22b27066015897,8213c89526adfad2ef5f5702634520b931010436ff8317bf5c5ded3e06a286fb,1144.4444444444443,130.04115125868066,True
Bircsak2021,Tamoxifen,ALBUMIN,human iHep/HMEC-1/THP-1; OrganoPlate 2-lane; rocker perfusion; endpoint unit=ng/mL,72h,3.207545602050025,uM,Bircsak2021_S6_Tamoxifen_04,Bircsak2021_S6_Tamoxifen,ng/mL,selected,interpolation,1095.4166259765625,-370.90556791329095,2561.7388198664157,Bircsak2021_S6_Tamoxifen_01|Bircsak2021_S6_Tamoxifen_03|Bircsak2021_S6_Tamoxifen_05,3d02dd3a1bc57e8c53f701a6005c8d5e9d8ad6a15a57cdec3f22b27066015897,8213c89526adfad2ef5f5702634520b931010436ff8317bf5c5ded3e06a286fb,888.8888888888888,206.5277370876737,True
Bircsak2021,Tamoxifen,ALBUMIN,human iHep/HMEC-1/THP-1; OrganoPlate 2-lane; rocker perfusion; endpoint unit=ng/mL,72h,32.07545602050028,uM,Bircsak2021_S6_Tamoxifen_06,Bircsak2021_S6_Tamoxifen,ng/mL,selected,interpolation,1133.3333740234375,-332.98881986641595,2599.6555679132907,Bircsak2021_S6_Tamoxifen_01|Bircsak2021_S6_Tamoxifen_03|Bircsak2021_S6_Tamoxifen_05,3d02dd3a1bc57e8c53f701a6005c8d5e9d8ad6a15a57cdec3f22b27066015897,8213c89526adfad2ef5f5702634520b931010436ff8317bf5c5ded3e06a286fb,11.11111111111111,1122.2222629123264,True
Bircsak2021,Tamoxifen,ALBUMIN,human iHep/HMEC-1/THP-1; OrganoPlate 2-lane; rocker perfusion; endpoint unit=ng/mL,72h,102.88348789230457,uM,Bircsak2021_S6_Tamoxifen_07,Bircsak2021_S6_Tamoxifen,ng/mL,selected,interpolation,1133.3333740234375,-332.98881986641595,2599.6555679132907,Bircsak2021_S6_Tamoxifen_01|Bircsak2021_S6_Tamoxifen_03|Bircsak2021_S6_Tamoxifen_05,3d02dd3a1bc57e8c53f701a6005c8d5e9d8ad6a15a57cdec3f22b27066015897,8213c89526adfad2ef5f5702634520b931010436ff8317bf5c5ded3e06a286fb,11.11111111111111,1122.2222629123264,True
Bircsak2021,Tamoxifen,ALBUMIN,human iHep/HMEC-1/THP-1; OrganoPlate 2-lane; rocker perfusion; endpoint unit=ng/mL,72h,0.30302710828663965,uM,Bircsak2021_S6_Tamoxifen_02,Bircsak2021_S6_Tamoxifen,ng/mL,fixed50,fixed50_a1,1347.3435684384262,107.3077108062721,2587.3794260705804,Bircsak2021_S6_Tamoxifen_01|Bircsak2021_S6_Tamoxifen_03|Bircsak2021_S6_Tamoxifen_05,b4333f24e02654341ce36f55267a3d40ce7bde756b3388aadb07990920b72901,8213c89526adfad2ef5f5702634520b931010436ff8317bf5c5ded3e06a286fb,1144.4444444444443,202.8991239939819,True
Bircsak2021,Tamoxifen,ALBUMIN,human iHep/HMEC-1/THP-1; OrganoPlate 2-lane; rocker perfusion; endpoint unit=ng/mL,72h,3.207545602050025,uM,Bircsak2021_S6_Tamoxifen_04,Bircsak2021_S6_Tamoxifen,ng/mL,fixed50,fixed50_a1,1241.3070183313625,1.2711606992083944,2481.3428759635167,Bircsak2021_S6_Tamoxifen_01|Bircsak2021_S6_Tamoxifen_03|Bircsak2021_S6_Tamoxifen_05,b4333f24e02654341ce36f55267a3d40ce7bde756b3388aadb07990920b72901,8213c89526adfad2ef5f5702634520b931010436ff8317bf5c5ded3e06a286fb,888.8888888888888,352.41812944247374,True
Bircsak2021,Tamoxifen,ALBUMIN,human iHep/HMEC-1/THP-1; OrganoPlate 2-lane; rocker perfusion; endpoint unit=ng/mL,72h,32.07545602050028,uM,Bircsak2021_S6_Tamoxifen_06,Bircsak2021_S6_Tamoxifen,ng/mL,fixed50,fixed50_a1,993.2077689349538,-246.82808869720031,2233.243626567108,Bircsak2021_S6_Tamoxifen_01|Bircsak2021_S6_Tamoxifen_03|Bircsak2021_S6_Tamoxifen_05,b4333f24e02654341ce36f55267a3d40ce7bde756b3388aadb07990920b72901,8213c89526adfad2ef5f5702634520b931010436ff8317bf5c5ded3e06a286fb,11.11111111111111,982.0966578238427,True
Bircsak2021,Tamoxifen,ALBUMIN,human iHep/HMEC-1/THP-1; OrganoPlate 2-lane; rocker perfusion; endpoint unit=ng/mL,72h,102.88348789230457,uM,Bircsak2021_S6_Tamoxifen_07,Bircsak2021_S6_Tamoxifen,ng/mL,fixed50,fixed50_a1,45.80853973492708,-1194.227317897227,1285.8443973670812,Bircsak2021_S6_Tamoxifen_01|Bircsak2021_S6_Tamoxifen_03|Bircsak2021_S6_Tamoxifen_05,b4333f24e02654341ce36f55267a3d40ce7bde756b3388aadb07990920b72901,8213c89526adfad2ef5f5702634520b931010436ff8317bf5c5ded3e06a286fb,11.11111111111111,34.697428623815966,True
Bircsak2021,Tamoxifen,ALBUMIN,human iHep/HMEC-1/THP-1; OrganoPlate 2-lane; rocker perfusion; endpoint unit=ng/mL,72h,0.30302710828663965,uM,Bircsak2021_S6_Tamoxifen_02,Bircsak2021_S6_Tamoxifen,ng/mL,interpolation,interpolation,1274.485595703125,-191.83659818672845,2740.807789592978,Bircsak2021_S6_Tamoxifen_01|Bircsak2021_S6_Tamoxifen_03|Bircsak2021_S6_Tamoxifen_05,3d02dd3a1bc57e8c53f701a6005c8d5e9d8ad6a15a57cdec3f22b27066015897,8213c89526adfad2ef5f5702634520b931010436ff8317bf5c5ded3e06a286fb,1144.4444444444443,130.04115125868066,True
Bircsak2021,Tamoxifen,ALBUMIN,human iHep/HMEC-1/THP-1; OrganoPlate 2-lane; rocker perfusion; endpoint unit=ng/mL,72h,3.207545602050025,uM,Bircsak2021_S6_Tamoxifen_04,Bircsak2021_S6_Tamoxifen,ng/mL,interpolation,interpolation,1095.4166259765625,-370.90556791329095,2561.7388198664157,Bircsak2021_S6_Tamoxifen_01|Bircsak2021_S6_Tamoxifen_03|Bircsak2021_S6_Tamoxifen_05,3d02dd3a1bc57e8c53f701a6005c8d5e9d8ad6a15a57cdec3f22b27066015897,8213c89526adfad2ef5f5702634520b931010436ff8317bf5c5ded3e06a286fb,888.8888888888888,206.5277370876737,True
Bircsak2021,Tamoxifen,ALBUMIN,human iHep/HMEC-1/THP-1; OrganoPlate 2-lane; rocker perfusion; endpoint unit=ng/mL,72h,32.07545602050028,uM,Bircsak2021_S6_Tamoxifen_06,Bircsak2021_S6_Tamoxifen,ng/mL,interpolation,interpolation,1133.3333740234375,-332.98881986641595,2599.6555679132907,Bircsak2021_S6_Tamoxifen_01|Bircsak2021_S6_Tamoxifen_03|Bircsak2021_S6_Tamoxifen_05,3d02dd3a1bc57e8c53f701a6005c8d5e9d8ad6a15a57cdec3f22b27066015897,8213c89526adfad2ef5f5702634520b931010436ff8317bf5c5ded3e06a286fb,11.11111111111111,1122.2222629123264,True
Bircsak2021,Tamoxifen,ALBUMIN,human iHep/HMEC-1/THP-1; OrganoPlate 2-lane; rocker perfusion; endpoint unit=ng/mL,72h,102.88348789230457,uM,Bircsak2021_S6_Tamoxifen_07,Bircsak2021_S6_Tamoxifen,ng/mL,interpolation,interpolation,1133.3333740234375,-332.98881986641595,2599.6555679132907,Bircsak2021_S6_Tamoxifen_01|Bircsak2021_S6_Tamoxifen_03|Bircsak2021_S6_Tamoxifen_05,3d02dd3a1bc57e8c53f701a6005c8d5e9d8ad6a15a57cdec3f22b27066015897,8213c89526adfad2ef5f5702634520b931010436ff8317bf5c5ded3e06a286fb,11.11111111111111,1122.2222629123264,True
Bircsak2021,Theophylline,VIABILITY,human iHep/HMEC-1/THP-1; OrganoPlate 2-lane; rocker perfusion; endpoint unit=percent live iHep,72h,12.814223889440841,uM,Bircsak2021_S5_Theophylline_03,Bircsak2021_S5_Theophylline,percent live iHep,selected,adaptive10_a0.25,86.01707065242103,1.0221751681604303,171.01196613668162,Bircsak2021_S5_Theophylline_01|Bircsak2021_S5_Theophylline_02|Bircsak2021_S5_Theophylline_04,e94ec7721fd57c3015fd2a2e0bc227f581810294e127c3a81fa1b0d823ad8d8b,8213c89526adfad2ef5f5702634520b931010436ff8317bf5c5ded3e06a286fb,86.43410852713178,0.4170378747107577,True
Bircsak2021,Theophylline,VIABILITY,human iHep/HMEC-1/THP-1; OrganoPlate 2-lane; rocker perfusion; endpoint unit=percent live iHep,72h,128.14223889440828,uM,Bircsak2021_S5_Theophylline_05,Bircsak2021_S5_Theophylline,percent live iHep,selected,adaptive10_a0.25,83.43374381819928,-1.5611516660613205,168.42863930245989,Bircsak2021_S5_Theophylline_01|Bircsak2021_S5_Theophylline_02|Bircsak2021_S5_Theophylline_04,e94ec7721fd57c3015fd2a2e0bc227f581810294e127c3a81fa1b0d823ad8d8b,8213c89526adfad2ef5f5702634520b931010436ff8317bf5c5ded3e06a286fb,79.84496124031007,3.588782577889205,True
Bircsak2021,Theophylline,VIABILITY,human iHep/HMEC-1/THP-1; OrganoPlate 2-lane; rocker perfusion; endpoint unit=percent live iHep,72h,405.2213393797473,uM,Bircsak2021_S5_Theophylline_06,Bircsak2021_S5_Theophylline,percent live iHep,selected,adaptive10_a0.25,83.81324556042176,-1.1816499238388332,168.80814104468237,Bircsak2021_S5_Theophylline_01|Bircsak2021_S5_Theophylline_02|Bircsak2021_S5_Theophylline_04,e94ec7721fd57c3015fd2a2e0bc227f581810294e127c3a81fa1b0d823ad8d8b,8213c89526adfad2ef5f5702634520b931010436ff8317bf5c5ded3e06a286fb,82.94573643410853,0.8675091263132373,True
Bircsak2021,Theophylline,VIABILITY,human iHep/HMEC-1/THP-1; OrganoPlate 2-lane; rocker perfusion; endpoint unit=percent live iHep,72h,12.814223889440841,uM,Bircsak2021_S5_Theophylline_03,Bircsak2021_S5_Theophylline,percent live iHep,fixed50,fixed50_a1,85.9287562424966,14.050475633114004,157.80703685187922,Bircsak2021_S5_Theophylline_01|Bircsak2021_S5_Theophylline_02|Bircsak2021_S5_Theophylline_04,e94ec7721fd57c3015fd2a2e0bc227f581810294e127c3a81fa1b0d823ad8d8b,8213c89526adfad2ef5f5702634520b931010436ff8317bf5c5ded3e06a286fb,86.43410852713178,0.5053522846351797,True
Bircsak2021,Theophylline,VIABILITY,human iHep/HMEC-1/THP-1; OrganoPlate 2-lane; rocker perfusion; endpoint unit=percent live iHep,72h,128.14223889440828,uM,Bircsak2021_S5_Theophylline_05,Bircsak2021_S5_Theophylline,percent live iHep,fixed50,fixed50_a1,76.75823729672288,4.879956687340282,148.6365179061055,Bircsak2021_S5_Theophylline_01|Bircsak2021_S5_Theophylline_02|Bircsak2021_S5_Theophylline_04,e94ec7721fd57c3015fd2a2e0bc227f581810294e127c3a81fa1b0d823ad8d8b,8213c89526adfad2ef5f5702634520b931010436ff8317bf5c5ded3e06a286fb,79.84496124031007,3.086723943587188,True
Bircsak2021,Theophylline,VIABILITY,human iHep/HMEC-1/THP-1; OrganoPlate 2-lane; rocker perfusion; endpoint unit=percent live iHep,72h,405.2213393797473,uM,Bircsak2021_S5_Theophylline_06,Bircsak2021_S5_Theophylline,percent live iHep,fixed50,fixed50_a1,78.27624426561285,6.397963656230246,150.15452487499545,Bircsak2021_S5_Theophylline_01|Bircsak2021_S5_Theophylline_02|Bircsak2021_S5_Theophylline_04,e94ec7721fd57c3015fd2a2e0bc227f581810294e127c3a81fa1b0d823ad8d8b,8213c89526adfad2ef5f5702634520b931010436ff8317bf5c5ded3e06a286fb,82.94573643410853,4.66949216849568,True
Bircsak2021,Theophylline,VIABILITY,human iHep/HMEC-1/THP-1; OrganoPlate 2-lane; rocker perfusion; endpoint unit=percent live iHep,72h,12.814223889440841,uM,Bircsak2021_S5_Theophylline_03,Bircsak2021_S5_Theophylline,percent live iHep,interpolation,interpolation,86.0465087890625,1.0516133048019043,171.0414042733231,Bircsak2021_S5_Theophylline_01|Bircsak2021_S5_Theophylline_02|Bircsak2021_S5_Theophylline_04,3d02dd3a1bc57e8c53f701a6005c8d5e9d8ad6a15a57cdec3f22b27066015897,8213c89526adfad2ef5f5702634520b931010436ff8317bf5c5ded3e06a286fb,86.43410852713178,0.3875997380692837,True
Bircsak2021,Theophylline,VIABILITY,human iHep/HMEC-1/THP-1; OrganoPlate 2-lane; rocker perfusion; endpoint unit=percent live iHep,72h,128.14223889440828,uM,Bircsak2021_S5_Theophylline_05,Bircsak2021_S5_Theophylline,percent live iHep,interpolation,interpolation,85.6589126586914,0.6640171744308105,170.65380814295202,Bircsak2021_S5_Theophylline_01|Bircsak2021_S5_Theophylline_02|Bircsak2021_S5_Theophylline_04,3d02dd3a1bc57e8c53f701a6005c8d5e9d8ad6a15a57cdec3f22b27066015897,8213c89526adfad2ef5f5702634520b931010436ff8317bf5c5ded3e06a286fb,79.84496124031007,5.813951418381336,True
Bircsak2021,Theophylline,VIABILITY,human iHep/HMEC-1/THP-1; OrganoPlate 2-lane; rocker perfusion; endpoint unit=percent live iHep,72h,405.2213393797473,uM,Bircsak2021_S5_Theophylline_06,Bircsak2021_S5_Theophylline,percent live iHep,interpolation,interpolation,85.6589126586914,0.6640171744308105,170.65380814295202,Bircsak2021_S5_Theophylline_01|Bircsak2021_S5_Theophylline_02|Bircsak2021_S5_Theophylline_04,3d02dd3a1bc57e8c53f701a6005c8d5e9d8ad6a15a57cdec3f22b27066015897,8213c89526adfad2ef5f5702634520b931010436ff8317bf5c5ded3e06a286fb,82.94573643410853,2.713176224582881,True
Bircsak2021,Ketoconazole,VIABILITY,human iHep/HMEC-1/THP-1; OrganoPlate 2-lane; rocker perfusion; endpoint unit=percent live iHep,72h,0.30109028437025925,uM,Bircsak2021_S5_Ketoconazole_02,Bircsak2021_S5_Ketoconazole,percent live iHep,selected,adaptive10_a0.25,89.612321028581,0.5355028590931568,178.68913919806883,Bircsak2021_S5_Ketoconazole_01|Bircsak2021_S5_Ketoconazole_03|Bircsak2021_S5_Ketoconazole_05,e94ec7721fd57c3015fd2a2e0bc227f581810294e127c3a81fa1b0d823ad8d8b,8213c89526adfad2ef5f5702634520b931010436ff8317bf5c5ded3e06a286fb,88.63636363636364,0.975957392217353,True
Bircsak2021,Ketoconazole,VIABILITY,human iHep/HMEC-1/THP-1; OrganoPlate 2-lane; rocker perfusion; endpoint unit=percent live iHep,72h,3.2082312454210773,uM,Bircsak2021_S5_Ketoconazole_04,Bircsak2021_S5_Ketoconazole,percent live iHep,selected,adaptive10_a0.25,88.49594196626033,-0.5808762032275041,177.57276013574818,Bircsak2021_S5_Ketoconazole_01|Bircsak2021_S5_Ketoconazole_03|Bircsak2021_S5_Ketoconazole_05,e94ec7721fd57c3015fd2a2e0bc227f581810294e127c3a81fa1b0d823ad8d8b,8213c89526adfad2ef5f5702634520b931010436ff8317bf5c5ded3e06a286fb,89.39393939393939,0.8979974276790585,True
Bircsak2021,Ketoconazole,VIABILITY,human iHep/HMEC-1/THP-1; OrganoPlate 2-lane; rocker perfusion; endpoint unit=percent live iHep,72h,32.26799119945808,uM,Bircsak2021_S5_Ketoconazole_06,Bircsak2021_S5_Ketoconazole,percent live iHep,selected,adaptive10_a0.25,86.69088291031488,-2.3859352591729532,175.76770107980272,Bircsak2021_S5_Ketoconazole_01|Bircsak2021_S5_Ketoconazole_03|Bircsak2021_S5_Ketoconazole_05,e94ec7721fd57c3015fd2a2e0bc227f581810294e127c3a81fa1b0d823ad8d8b,8213c89526adfad2ef5f5702634520b931010436ff8317bf5c5ded3e06a286fb,60.60606060606061,26.084822304254274,True
Bircsak2021,Ketoconazole,VIABILITY,human iHep/HMEC-1/THP-1; OrganoPlate 2-lane; rocker perfusion; endpoint unit=percent live iHep,72h,102.33520470972576,uM,Bircsak2021_S5_Ketoconazole_07,Bircsak2021_S5_Ketoconazole,percent live iHep,selected,adaptive10_a0.25,77.45409059406805,-11.622727575419788,166.53090876355589,Bircsak2021_S5_Ketoconazole_01|Bircsak2021_S5_Ketoconazole_03|Bircsak2021_S5_Ketoconazole_05,e94ec7721fd57c3015fd2a2e0bc227f581810294e127c3a81fa1b0d823ad8d8b,8213c89526adfad2ef5f5702634520b931010436ff8317bf5c5ded3e06a286fb,13.257575757575758,64.1965148364923,True
Bircsak2021,Ketoconazole,VIABILITY,human iHep/HMEC-1/THP-1; OrganoPlate 2-lane; rocker perfusion; endpoint unit=percent live iHep,72h,0.30109028437025925,uM,Bircsak2021_S5_Ketoconazole_02,Bircsak2021_S5_Ketoconazole,percent live iHep,fixed50,fixed50_a1,90.19553808160914,14.865266825930604,165.52580933728768,Bircsak2021_S5_Ketoconazole_01|Bircsak2021_S5_Ketoconazole_03|Bircsak2021_S5_Ketoconazole_05,e94ec7721fd57c3015fd2a2e0bc227f581810294e127c3a81fa1b0d823ad8d8b,8213c89526adfad2ef5f5702634520b931010436ff8317bf5c5ded3e06a286fb,88.63636363636364,1.5591744452455032,True
Bircsak2021,Ketoconazole,VIABILITY,human iHep/HMEC-1/THP-1; OrganoPlate 2-lane; rocker perfusion; endpoint unit=percent live iHep,72h,3.2082312454210773,uM,Bircsak2021_S5_Ketoconazole_04,Bircsak2021_S5_Ketoconazole,percent live iHep,fixed50,fixed50_a1,89.77921616826397,14.448944912585432,165.1094874239425,Bircsak2021_S5_Ketoconazole_01|Bircsak2021_S5_Ketoconazole_03|Bircsak2021_S5_Ketoconazole_05,e94ec7721fd57c3015fd2a2e0bc227f581810294e127c3a81fa1b0d823ad8d8b,8213c89526adfad2ef5f5702634520b931010436ff8317bf5c5ded3e06a286fb,89.39393939393939,0.38527677432458063,True
Bircsak2021,Ketoconazole,VIABILITY,human iHep/HMEC-1/THP-1; OrganoPlate 2-lane; rocker perfusion; endpoint unit=percent live iHep,72h,32.26799119945808,uM,Bircsak2021_S5_Ketoconazole_06,Bircsak2021_S5_Ketoconazole,percent live iHep,fixed50,fixed50_a1,85.39988418032206,10.069612924643522,160.7301554360006,Bircsak2021_S5_Ketoconazole_01|Bircsak2021_S5_Ketoconazole_03|Bircsak2021_S5_Ketoconazole_05,e94ec7721fd57c3015fd2a2e0bc227f581810294e127c3a81fa1b0d823ad8d8b,8213c89526adfad2ef5f5702634520b931010436ff8317bf5c5ded3e06a286fb,60.60606060606061,24.793823574261452,True
Bircsak2021,Ketoconazole,VIABILITY,human iHep/HMEC-1/THP-1; OrganoPlate 2-lane; rocker perfusion; endpoint unit=percent live iHep,72h,102.33520470972576,uM,Bircsak2021_S5_Ketoconazole_07,Bircsak2021_S5_Ketoconazole,percent live iHep,fixed50,fixed50_a1,48.452714915334724,-26.877556340343816,123.78298617101326,Bircsak2021_S5_Ketoconazole_01|Bircsak2021_S5_Ketoconazole_03|Bircsak2021_S5_Ketoconazole_05,e94ec7721fd57c3015fd2a2e0bc227f581810294e127c3a81fa1b0d823ad8d8b,8213c89526adfad2ef5f5702634520b931010436ff8317bf5c5ded3e06a286fb,13.257575757575758,35.195139157758966,True
Bircsak2021,Ketoconazole,VIABILITY,human iHep/HMEC-1/THP-1; OrganoPlate 2-lane; rocker perfusion; endpoint unit=percent live iHep,72h,0.30109028437025925,uM,Bircsak2021_S5_Ketoconazole_02,Bircsak2021_S5_Ketoconazole,percent live iHep,interpolation,interpolation,89.41791534423828,0.34109717475044476,178.49473351372612,Bircsak2021_S5_Ketoconazole_01|Bircsak2021_S5_Ketoconazole_03|Bircsak2021_S5_Ketoconazole_05,3d02dd3a1bc57e8c53f701a6005c8d5e9d8ad6a15a57cdec3f22b27066015897,8213c89526adfad2ef5f5702634520b931010436ff8317bf5c5ded3e06a286fb,88.63636363636364,0.781551707874641,True
Bircsak2021,Ketoconazole,VIABILITY,human iHep/HMEC-1/THP-1; OrganoPlate 2-lane; rocker perfusion; endpoint unit=percent live iHep,72h,3.2082312454210773,uM,Bircsak2021_S5_Ketoconazole_04,Bircsak2021_S5_Ketoconazole,percent live iHep,interpolation,interpolation,88.06818389892578,-1.0086342705620552,177.14500206841362,Bircsak2021_S5_Ketoconazole_01|Bircsak2021_S5_Ketoconazole_03|Bircsak2021_S5_Ketoconazole_05,3d02dd3a1bc57e8c53f701a6005c8d5e9d8ad6a15a57cdec3f22b27066015897,8213c89526adfad2ef5f5702634520b931010436ff8317bf5c5ded3e06a286fb,89.39393939393939,1.3257554950136097,True
Bircsak2021,Ketoconazole,VIABILITY,human iHep/HMEC-1/THP-1; OrganoPlate 2-lane; rocker perfusion; endpoint unit=percent live iHep,72h,32.26799119945808,uM,Bircsak2021_S5_Ketoconazole_06,Bircsak2021_S5_Ketoconazole,percent live iHep,interpolation,interpolation,87.1212158203125,-1.9556023491753365,176.19803398980034,Bircsak2021_S5_Ketoconazole_01|Bircsak2021_S5_Ketoconazole_03|Bircsak2021_S5_Ketoconazole_05,3d02dd3a1bc57e8c53f701a6005c8d5e9d8ad6a15a57cdec3f22b27066015897,8213c89526adfad2ef5f5702634520b931010436ff8317bf5c5ded3e06a286fb,60.60606060606061,26.51515521425189,True
Bircsak2021,Ketoconazole,VIABILITY,human iHep/HMEC-1/THP-1; OrganoPlate 2-lane; rocker perfusion; endpoint unit=percent live iHep,72h,102.33520470972576,uM,Bircsak2021_S5_Ketoconazole_07,Bircsak2021_S5_Ketoconazole,percent live iHep,interpolation,interpolation,87.1212158203125,-1.9556023491753365,176.19803398980034,Bircsak2021_S5_Ketoconazole_01|Bircsak2021_S5_Ketoconazole_03|Bircsak2021_S5_Ketoconazole_05,3d02dd3a1bc57e8c53f701a6005c8d5e9d8ad6a15a57cdec3f22b27066015897,8213c89526adfad2ef5f5702634520b931010436ff8317bf5c5ded3e06a286fb,13.257575757575758,73.86364006273675,True
Bircsak2021,Glafenine,VIABILITY,human iHep/HMEC-1/THP-1; OrganoPlate 2-lane; rocker perfusion; endpoint unit=percent live iHep,72h,1.0,uM,Bircsak2021_S5_Glafenine_02,Bircsak2021_S5_Glafenine,percent live iHep,selected,adaptive10_a0.25,88.8110559239378,0.03096266507449741,177.5911491828011,Bircsak2021_S5_Glafenine_01|Bircsak2021_S5_Glafenine_03|Bircsak2021_S5_Glafenine_05,e94ec7721fd57c3015fd2a2e0bc227f581810294e127c3a81fa1b0d823ad8d8b,8213c89526adfad2ef5f5702634520b931010436ff8317bf5c5ded3e06a286fb,90.22556390977444,1.4145079858366358,True
Bircsak2021,Glafenine,VIABILITY,human iHep/HMEC-1/THP-1; OrganoPlate 2-lane; rocker perfusion; endpoint unit=percent live iHep,72h,10.0,uM,Bircsak2021_S5_Glafenine_04,Bircsak2021_S5_Glafenine,percent live iHep,selected,adaptive10_a0.25,88.67457532412391,-0.10551793473939597,177.4546685829872,Bircsak2021_S5_Glafenine_01|Bircsak2021_S5_Glafenine_03|Bircsak2021_S5_Glafenine_05,e94ec7721fd57c3015fd2a2e0bc227f581810294e127c3a81fa1b0d823ad8d8b,8213c89526adfad2ef5f5702634520b931010436ff8317bf5c5ded3e06a286fb,88.34586466165413,0.3287106624697742,True
Bircsak2021,Glafenine,VIABILITY,human iHep/HMEC-1/THP-1; OrganoPlate 2-lane; rocker perfusion; endpoint unit=percent live iHep,72h,100.0,uM,Bircsak2021_S5_Glafenine_06,Bircsak2021_S5_Glafenine,percent live iHep,selected,adaptive10_a0.25,86.94914570835836,-1.8309475505049448,175.72923896722165,Bircsak2021_S5_Glafenine_01|Bircsak2021_S5_Glafenine_03|Bircsak2021_S5_Glafenine_05,e94ec7721fd57c3015fd2a2e0bc227f581810294e127c3a81fa1b0d823ad8d8b,8213c89526adfad2ef5f5702634520b931010436ff8317bf5c5ded3e06a286fb,63.1578947368421,23.791250971516256,True
Bircsak2021,Glafenine,VIABILITY,human iHep/HMEC-1/THP-1; OrganoPlate 2-lane; rocker perfusion; endpoint unit=percent live iHep,72h,316.22776601683796,uM,Bircsak2021_S5_Glafenine_07,Bircsak2021_S5_Glafenine,percent live iHep,selected,adaptive10_a0.25,80.28832027436984,-8.491772984493466,169.06841353323313,Bircsak2021_S5_Glafenine_01|Bircsak2021_S5_Glafenine_03|Bircsak2021_S5_Glafenine_05,e94ec7721fd57c3015fd2a2e0bc227f581810294e127c3a81fa1b0d823ad8d8b,8213c89526adfad2ef5f5702634520b931010436ff8317bf5c5ded3e06a286fb,75.56390977443608,4.724410499933754,True
Bircsak2021,Glafenine,VIABILITY,human iHep/HMEC-1/THP-1; OrganoPlate 2-lane; rocker perfusion; endpoint unit=percent live iHep,72h,1.0,uM,Bircsak2021_S5_Glafenine_02,Bircsak2021_S5_Glafenine,percent live iHep,fixed50,fixed50_a1,89.67008886909102,14.590751228521327,164.7494265096607,Bircsak2021_S5_Glafenine_01|Bircsak2021_S5_Glafenine_03|Bircsak2021_S5_Glafenine_05,e94ec7721fd57c3015fd2a2e0bc227f581810294e127c3a81fa1b0d823ad8d8b,8213c89526adfad2ef5f5702634520b931010436ff8317bf5c5ded3e06a286fb,90.22556390977444,0.5554750406834188,True
Bircsak2021,Glafenine,VIABILITY,human iHep/HMEC-1/THP-1; OrganoPlate 2-lane; rocker perfusion; endpoint unit=percent live iHep,72h,10.0,uM,Bircsak2021_S5_Glafenine_04,Bircsak2021_S5_Glafenine,percent live iHep,fixed50,fixed50_a1,89.125265102648,14.04592746207831,164.2046027432177,Bircsak2021_S5_Glafenine_01|Bircsak2021_S5_Glafenine_03|Bircsak2021_S5_Glafenine_05,e94ec7721fd57c3015fd2a2e0bc227f581810294e127c3a81fa1b0d823ad8d8b,8213c89526adfad2ef5f5702634520b931010436ff8317bf5c5ded3e06a286fb,88.34586466165413,0.779400440993868,True
Bircsak2021,Glafenine,VIABILITY,human iHep/HMEC-1/THP-1; OrganoPlate 2-lane; rocker perfusion; endpoint unit=percent live iHep,72h,100.0,uM,Bircsak2021_S5_Glafenine_06,Bircsak2021_S5_Glafenine,percent live iHep,fixed50,fixed50_a1,79.37552417864828,4.296186538078587,154.45486181921797,Bircsak2021_S5_Glafenine_01|Bircsak2021_S5_Glafenine_03|Bircsak2021_S5_Glafenine_05,e94ec7721fd57c3015fd2a2e0bc227f581810294e127c3a81fa1b0d823ad8d8b,8213c89526adfad2ef5f5702634520b931010436ff8317bf5c5ded3e06a286fb,63.1578947368421,16.217629441806174,True
Bircsak2021,Glafenine,VIABILITY,human iHep/HMEC-1/THP-1; OrganoPlate 2-lane; rocker perfusion; endpoint unit=percent live iHep,72h,316.22776601683796,uM,Bircsak2021_S5_Glafenine_07,Bircsak2021_S5_Glafenine,percent live iHep,fixed50,fixed50_a1,52.732222442694194,-22.347115197875496,127.81156008326388,Bircsak2021_S5_Glafenine_01|Bircsak2021_S5_Glafenine_03|Bircsak2021_S5_Glafenine_05,e94ec7721fd57c3015fd2a2e0bc227f581810294e127c3a81fa1b0d823ad8d8b,8213c89526adfad2ef5f5702634520b931010436ff8317bf5c5ded3e06a286fb,75.56390977443608,22.83168733174189,True
Bircsak2021,Glafenine,VIABILITY,human iHep/HMEC-1/THP-1; OrganoPlate 2-lane; rocker perfusion; endpoint unit=percent live iHep,72h,1.0,uM,Bircsak2021_S5_Glafenine_02,Bircsak2021_S5_Glafenine,percent live iHep,interpolation,interpolation,88.52471160888672,-0.2553816499765844,177.30480486775002,Bircsak2021_S5_Glafenine_01|Bircsak2021_S5_Glafenine_03|Bircsak2021_S5_Glafenine_05,3d02dd3a1bc57e8c53f701a6005c8d5e9d8ad6a15a57cdec3f22b27066015897,8213c89526adfad2ef5f5702634520b931010436ff8317bf5c5ded3e06a286fb,90.22556390977444,1.7008523008877177,True
Bircsak2021,Glafenine,VIABILITY,human iHep/HMEC-1/THP-1; OrganoPlate 2-lane; rocker perfusion; endpoint unit=percent live iHep,72h,10.0,uM,Bircsak2021_S5_Glafenine_04,Bircsak2021_S5_Glafenine,percent live iHep,interpolation,interpolation,88.52434539794922,-0.2557478609140844,177.30443865681252,Bircsak2021_S5_Glafenine_01|Bircsak2021_S5_Glafenine_03|Bircsak2021_S5_Glafenine_05,3d02dd3a1bc57e8c53f701a6005c8d5e9d8ad6a15a57cdec3f22b27066015897,8213c89526adfad2ef5f5702634520b931010436ff8317bf5c5ded3e06a286fb,88.34586466165413,0.17848073629508576,True
Bircsak2021,Glafenine,VIABILITY,human iHep/HMEC-1/THP-1; OrganoPlate 2-lane; rocker perfusion; endpoint unit=percent live iHep,72h,100.0,uM,Bircsak2021_S5_Glafenine_06,Bircsak2021_S5_Glafenine,percent live iHep,interpolation,interpolation,89.47368621826172,0.6935929593984156,178.25377947712502,Bircsak2021_S5_Glafenine_01|Bircsak2021_S5_Glafenine_03|Bircsak2021_S5_Glafenine_05,3d02dd3a1bc57e8c53f701a6005c8d5e9d8ad6a15a57cdec3f22b27066015897,8213c89526adfad2ef5f5702634520b931010436ff8317bf5c5ded3e06a286fb,63.1578947368421,26.315791481419616,True
Bircsak2021,Glafenine,VIABILITY,human iHep/HMEC-1/THP-1; OrganoPlate 2-lane; rocker perfusion; endpoint unit=percent live iHep,72h,316.22776601683796,uM,Bircsak2021_S5_Glafenine_07,Bircsak2021_S5_Glafenine,percent live iHep,interpolation,interpolation,89.47368621826172,0.6935929593984156,178.25377947712502,Bircsak2021_S5_Glafenine_01|Bircsak2021_S5_Glafenine_03|Bircsak2021_S5_Glafenine_05,3d02dd3a1bc57e8c53f701a6005c8d5e9d8ad6a15a57cdec3f22b27066015897,8213c89526adfad2ef5f5702634520b931010436ff8317bf5c5ded3e06a286fb,75.56390977443608,13.909776443825635,True
Bircsak2021,Dexamethasone,VIABILITY,human iHep/HMEC-1/THP-1; OrganoPlate 2-lane; rocker perfusion; endpoint unit=percent live iHep,72h,0.39905822769950033,uM,Bircsak2021_S5_Dexamethasone_02,Bircsak2021_S5_Dexamethasone,percent live iHep,selected,adaptive10_a0.25,88.10312025964299,0.6820050301084706,175.5242354891775,Bircsak2021_S5_Dexamethasone_01|Bircsak2021_S5_Dexamethasone_03|Bircsak2021_S5_Dexamethasone_05,e94ec7721fd57c3015fd2a2e0bc227f581810294e127c3a81fa1b0d823ad8d8b,8213c89526adfad2ef5f5702634520b931010436ff8317bf5c5ded3e06a286fb,88.47583643122677,0.37271617158377524,True
Bircsak2021,Dexamethasone,VIABILITY,human iHep/HMEC-1/THP-1; OrganoPlate 2-lane; rocker perfusion; endpoint unit=percent live iHep,72h,3.3366915550634793,uM,Bircsak2021_S5_Dexamethasone_04,Bircsak2021_S5_Dexamethasone,percent live iHep,selected,adaptive10_a0.25,89.0978594364881,1.6767442069535718,176.51897466602261,Bircsak2021_S5_Dexamethasone_01|Bircsak2021_S5_Dexamethasone_03|Bircsak2021_S5_Dexamethasone_05,e94ec7721fd57c3015fd2a2e0bc227f581810294e127c3a81fa1b0d823ad8d8b,8213c89526adfad2ef5f5702634520b931010436ff8317bf5c5ded3e06a286fb,89.96282527881041,0.8649658423223201,True
Bircsak2021,Dexamethasone,VIABILITY,human iHep/HMEC-1/THP-1; OrganoPlate 2-lane; rocker perfusion; endpoint unit=percent live iHep,72h,32.19378361750495,uM,Bircsak2021_S5_Dexamethasone_06,Bircsak2021_S5_Dexamethasone,percent live iHep,selected,adaptive10_a0.25,88.41695555412782,0.9958403245933027,175.83807078366235,Bircsak2021_S5_Dexamethasone_01|Bircsak2021_S5_Dexamethasone_03|Bircsak2021_S5_Dexamethasone_05,e94ec7721fd57c3015fd2a2e0bc227f581810294e127c3a81fa1b0d823ad8d8b,8213c89526adfad2ef5f5702634520b931010436ff8317bf5c5ded3e06a286fb,89.96282527881041,1.5458697246825892,True
Bircsak2021,Dexamethasone,VIABILITY,human iHep/HMEC-1/THP-1; OrganoPlate 2-lane; rocker perfusion; endpoint unit=percent live iHep,72h,101.20019449085433,uM,Bircsak2021_S5_Dexamethasone_07,Bircsak2021_S5_Dexamethasone,percent live iHep,selected,adaptive10_a0.25,85.6344666960064,-1.7866485335281226,173.05558192554093,Bircsak2021_S5_Dexamethasone_01|Bircsak2021_S5_Dexamethasone_03|Bircsak2021_S5_Dexamethasone_05,e94ec7721fd57c3015fd2a2e0bc227f581810294e127c3a81fa1b0d823ad8d8b,8213c89526adfad2ef5f5702634520b931010436ff8317bf5c5ded3e06a286fb,88.47583643122677,2.8413697352203684,True
Bircsak2021,Dexamethasone,VIABILITY,human iHep/HMEC-1/THP-1; OrganoPlate 2-lane; rocker perfusion; endpoint unit=percent live iHep,72h,0.39905822769950033,uM,Bircsak2021_S5_Dexamethasone_02,Bircsak2021_S5_Dexamethasone,percent live iHep,fixed50,fixed50_a1,86.78078243017353,12.85070209002805,160.710862770319,Bircsak2021_S5_Dexamethasone_01|Bircsak2021_S5_Dexamethasone_03|Bircsak2021_S5_Dexamethasone_05,e94ec7721fd57c3015fd2a2e0bc227f581810294e127c3a81fa1b0d823ad8d8b,8213c89526adfad2ef5f5702634520b931010436ff8317bf5c5ded3e06a286fb,88.47583643122677,1.6950540010532364,True
Bircsak2021,Dexamethasone,VIABILITY,human iHep/HMEC-1/THP-1; OrganoPlate 2-lane; rocker perfusion; endpoint unit=percent live iHep,72h,3.3366915550634793,uM,Bircsak2021_S5_Dexamethasone_04,Bircsak2021_S5_Dexamethasone,percent live iHep,fixed50,fixed50_a1,88.18182013120628,14.2517397910608,162.11190047135176,Bircsak2021_S5_Dexamethasone_01|Bircsak2021_S5_Dexamethasone_03|Bircsak2021_S5_Dexamethasone_05,e94ec7721fd57c3015fd2a2e0bc227f581810294e127c3a81fa1b0d823ad8d8b,8213c89526adfad2ef5f5702634520b931010436ff8317bf5c5ded3e06a286fb,89.96282527881041,1.7810051476041338,True
Bircsak2021,Dexamethasone,VIABILITY,human iHep/HMEC-1/THP-1; OrganoPlate 2-lane; rocker perfusion; endpoint unit=percent live iHep,72h,32.19378361750495,uM,Bircsak2021_S5_Dexamethasone_06,Bircsak2021_S5_Dexamethasone,percent live iHep,fixed50,fixed50_a1,84.89458308076911,10.96450274062363,158.8246634209146,Bircsak2021_S5_Dexamethasone_01|Bircsak2021_S5_Dexamethasone_03|Bircsak2021_S5_Dexamethasone_05,e94ec7721fd57c3015fd2a2e0bc227f581810294e127c3a81fa1b0d823ad8d8b,8213c89526adfad2ef5f5702634520b931010436ff8317bf5c5ded3e06a286fb,89.96282527881041,5.068242198041304,True
Bircsak2021,Dexamethasone,VIABILITY,human iHep/HMEC-1/THP-1; OrganoPlate 2-lane; rocker perfusion; endpoint unit=percent live iHep,72h,101.20019449085433,uM,Bircsak2021_S5_Dexamethasone_07,Bircsak2021_S5_Dexamethasone,percent live iHep,fixed50,fixed50_a1,73.76462764828344,-0.16545269186204337,147.69470798842892,Bircsak2021_S5_Dexamethasone_01|Bircsak2021_S5_Dexamethasone_03|Bircsak2021_S5_Dexamethasone_05,e94ec7721fd57c3015fd2a2e0bc227f581810294e127c3a81fa1b0d823ad8d8b,8213c89526adfad2ef5f5702634520b931010436ff8317bf5c5ded3e06a286fb,88.47583643122677,14.71120878294333,True
Bircsak2021,Dexamethasone,VIABILITY,human iHep/HMEC-1/THP-1; OrganoPlate 2-lane; rocker perfusion; endpoint unit=percent live iHep,72h,0.39905822769950033,uM,Bircsak2021_S5_Dexamethasone_02,Bircsak2021_S5_Dexamethasone,percent live iHep,interpolation,interpolation,88.54389953613281,1.122784306598291,175.96501476566732,Bircsak2021_S5_Dexamethasone_01|Bircsak2021_S5_Dexamethasone_03|Bircsak2021_S5_Dexamethasone_05,3d02dd3a1bc57e8c53f701a6005c8d5e9d8ad6a15a57cdec3f22b27066015897,8213c89526adfad2ef5f5702634520b931010436ff8317bf5c5ded3e06a286fb,88.47583643122677,0.06806310490604517,True
Bircsak2021,Dexamethasone,VIABILITY,human iHep/HMEC-1/THP-1; OrganoPlate 2-lane; rocker perfusion; endpoint unit=percent live iHep,72h,3.3366915550634793,uM,Bircsak2021_S5_Dexamethasone_04,Bircsak2021_S5_Dexamethasone,percent live iHep,interpolation,interpolation,89.40320587158203,1.9820906420475097,176.82432110111654,Bircsak2021_S5_Dexamethasone_01|Bircsak2021_S5_Dexamethasone_03|Bircsak2021_S5_Dexamethasone_05,3d02dd3a1bc57e8c53f701a6005c8d5e9d8ad6a15a57cdec3f22b27066015897,8213c89526adfad2ef5f5702634520b931010436ff8317bf5c5ded3e06a286fb,89.96282527881041,0.5596194072283822,True
Bircsak2021,Dexamethasone,VIABILITY,human iHep/HMEC-1/THP-1; OrganoPlate 2-lane; rocker perfusion; endpoint unit=percent live iHep,72h,32.19378361750495,uM,Bircsak2021_S5_Dexamethasone_06,Bircsak2021_S5_Dexamethasone,percent live iHep,interpolation,interpolation,89.59107971191406,2.169964482379541,177.01219494144857,Bircsak2021_S5_Dexamethasone_01|Bircsak2021_S5_Dexamethasone_03|Bircsak2021_S5_Dexamethasone_05,3d02dd3a1bc57e8c53f701a6005c8d5e9d8ad6a15a57cdec3f22b27066015897,8213c89526adfad2ef5f5702634520b931010436ff8317bf5c5ded3e06a286fb,89.96282527881041,0.37174556689635097,True
Bircsak2021,Dexamethasone,VIABILITY,human iHep/HMEC-1/THP-1; OrganoPlate 2-lane; rocker perfusion; endpoint unit=percent live iHep,72h,101.20019449085433,uM,Bircsak2021_S5_Dexamethasone_07,Bircsak2021_S5_Dexamethasone,percent live iHep,interpolation,interpolation,89.59107971191406,2.169964482379541,177.01219494144857,Bircsak2021_S5_Dexamethasone_01|Bircsak2021_S5_Dexamethasone_03|Bircsak2021_S5_Dexamethasone_05,3d02dd3a1bc57e8c53f701a6005c8d5e9d8ad6a15a57cdec3f22b27066015897,8213c89526adfad2ef5f5702634520b931010436ff8317bf5c5ded3e06a286fb,88.47583643122677,1.1152432806872952,True
Bircsak2021,Chlorpromazine,VIABILITY,human iHep/HMEC-1/THP-1; OrganoPlate 2-lane; rocker perfusion; endpoint unit=percent live iHep,72h,1.0057875736205835,uM,Bircsak2021_S5_Chlorpromazine_02,Bircsak2021_S5_Chlorpromazine,percent live iHep,selected,adaptive10_a0.25,89.11816742385915,0.751921436568793,177.4844134111495,Bircsak2021_S5_Chlorpromazine_01|Bircsak2021_S5_Chlorpromazine_03|Bircsak2021_S5_Chlorpromazine_05,e94ec7721fd57c3015fd2a2e0bc227f581810294e127c3a81fa1b0d823ad8d8b,8213c89526adfad2ef5f5702634520b931010436ff8317bf5c5ded3e06a286fb,85.66037735849056,3.4577900653685845,True
Bircsak2021,Chlorpromazine,VIABILITY,human iHep/HMEC-1/THP-1; OrganoPlate 2-lane; rocker perfusion; endpoint unit=percent live iHep,72h,10.116086432495807,uM,Bircsak2021_S5_Chlorpromazine_04,Bircsak2021_S5_Chlorpromazine,percent live iHep,selected,adaptive10_a0.25,87.45329955359536,-0.912946433694998,175.8195455408857,Bircsak2021_S5_Chlorpromazine_01|Bircsak2021_S5_Chlorpromazine_03|Bircsak2021_S5_Chlorpromazine_05,e94ec7721fd57c3015fd2a2e0bc227f581810294e127c3a81fa1b0d823ad8d8b,8213c89526adfad2ef5f5702634520b931010436ff8317bf5c5ded3e06a286fb,87.9245283018868,0.4712287482914377,True
Bircsak2021,Chlorpromazine,VIABILITY,human iHep/HMEC-1/THP-1; OrganoPlate 2-lane; rocker perfusion; endpoint unit=percent live iHep,72h,99.42457296427418,uM,Bircsak2021_S5_Chlorpromazine_06,Bircsak2021_S5_Chlorpromazine,percent live iHep,selected,adaptive10_a0.25,84.04607421645179,-4.32017177083857,172.41232020374213,Bircsak2021_S5_Chlorpromazine_01|Bircsak2021_S5_Chlorpromazine_03|Bircsak2021_S5_Chlorpromazine_05,e94ec7721fd57c3015fd2a2e0bc227f581810294e127c3a81fa1b0d823ad8d8b,8213c89526adfad2ef5f5702634520b931010436ff8317bf5c5ded3e06a286fb,0.7547169811320755,83.29135723531971,True
Bircsak2021,Chlorpromazine,VIABILITY,human iHep/HMEC-1/THP-1; OrganoPlate 2-lane; rocker perfusion; endpoint unit=percent live iHep,72h,315.3166233554365,uM,Bircsak2021_S5_Chlorpromazine_07,Bircsak2021_S5_Chlorpromazine,percent live iHep,selected,adaptive10_a0.25,76.98381008708567,-11.382435900204683,165.35005607437603,Bircsak2021_S5_Chlorpromazine_01|Bircsak2021_S5_Chlorpromazine_03|Bircsak2021_S5_Chlorpromazine_05,e94ec7721fd57c3015fd2a2e0bc227f581810294e127c3a81fa1b0d823ad8d8b,8213c89526adfad2ef5f5702634520b931010436ff8317bf5c5ded3e06a286fb,0.37735849056603776,76.60645159651963,True
Bircsak2021,Chlorpromazine,VIABILITY,human iHep/HMEC-1/THP-1; OrganoPlate 2-lane; rocker perfusion; endpoint unit=percent live iHep,72h,1.0057875736205835,uM,Bircsak2021_S5_Chlorpromazine_02,Bircsak2021_S5_Chlorpromazine,percent live iHep,fixed50,fixed50_a1,89.30286226135459,14.573505994914086,164.0322185277951,Bircsak2021_S5_Chlorpromazine_01|Bircsak2021_S5_Chlorpromazine_03|Bircsak2021_S5_Chlorpromazine_05,e94ec7721fd57c3015fd2a2e0bc227f581810294e127c3a81fa1b0d823ad8d8b,8213c89526adfad2ef5f5702634520b931010436ff8317bf5c5ded3e06a286fb,85.66037735849056,3.6424849028640267,True
Bircsak2021,Chlorpromazine,VIABILITY,human iHep/HMEC-1/THP-1; OrganoPlate 2-lane; rocker perfusion; endpoint unit=percent live iHep,72h,10.116086432495807,uM,Bircsak2021_S5_Chlorpromazine_04,Bircsak2021_S5_Chlorpromazine,percent live iHep,fixed50,fixed50_a1,87.78918088039705,13.05982461395655,162.51853714683756,Bircsak2021_S5_Chlorpromazine_01|Bircsak2021_S5_Chlorpromazine_03|Bircsak2021_S5_Chlorpromazine_05,e94ec7721fd57c3015fd2a2e0bc227f581810294e127c3a81fa1b0d823ad8d8b,8213c89526adfad2ef5f5702634520b931010436ff8317bf5c5ded3e06a286fb,87.9245283018868,0.13534742148974033,True
Bircsak2021,Chlorpromazine,VIABILITY,human iHep/HMEC-1/THP-1; OrganoPlate 2-lane; rocker perfusion; endpoint unit=percent live iHep,72h,99.42457296427418,uM,Bircsak2021_S5_Chlorpromazine_06,Bircsak2021_S5_Chlorpromazine,percent live iHep,fixed50,fixed50_a1,79.20316435848294,4.473808092042432,153.93252062492343,Bircsak2021_S5_Chlorpromazine_01|Bircsak2021_S5_Chlorpromazine_03|Bircsak2021_S5_Chlorpromazine_05,e94ec7721fd57c3015fd2a2e0bc227f581810294e127c3a81fa1b0d823ad8d8b,8213c89526adfad2ef5f5702634520b931010436ff8317bf5c5ded3e06a286fb,0.7547169811320755,78.44844737735086,False
Bircsak2021,Chlorpromazine,VIABILITY,human iHep/HMEC-1/THP-1; OrganoPlate 2-lane; rocker perfusion; endpoint unit=percent live iHep,72h,315.3166233554365,uM,Bircsak2021_S5_Chlorpromazine_07,Bircsak2021_S5_Chlorpromazine,percent live iHep,fixed50,fixed50_a1,50.954107841018455,-23.77524842542205,125.68346410745896,Bircsak2021_S5_Chlorpromazine_01|Bircsak2021_S5_Chlorpromazine_03|Bircsak2021_S5_Chlorpromazine_05,e94ec7721fd57c3015fd2a2e0bc227f581810294e127c3a81fa1b0d823ad8d8b,8213c89526adfad2ef5f5702634520b931010436ff8317bf5c5ded3e06a286fb,0.37735849056603776,50.57674935045242,True
Bircsak2021,Chlorpromazine,VIABILITY,human iHep/HMEC-1/THP-1; OrganoPlate 2-lane; rocker perfusion; endpoint unit=percent live iHep,72h,1.0057875736205835,uM,Bircsak2021_S5_Chlorpromazine_02,Bircsak2021_S5_Chlorpromazine,percent live iHep,interpolation,interpolation,89.05660247802734,0.6903564907369883,177.4228484653177,Bircsak2021_S5_Chlorpromazine_01|Bircsak2021_S5_Chlorpromazine_03|Bircsak2021_S5_Chlorpromazine_05,3d02dd3a1bc57e8c53f701a6005c8d5e9d8ad6a15a57cdec3f22b27066015897,8213c89526adfad2ef5f5702634520b931010436ff8317bf5c5ded3e06a286fb,85.66037735849056,3.39622511953678,True
Bircsak2021,Chlorpromazine,VIABILITY,human iHep/HMEC-1/THP-1; OrganoPlate 2-lane; rocker perfusion; endpoint unit=percent live iHep,72h,10.116086432495807,uM,Bircsak2021_S5_Chlorpromazine_04,Bircsak2021_S5_Chlorpromazine,percent live iHep,interpolation,interpolation,87.34133911132812,-1.0249068759622304,175.7075850986185,Bircsak2021_S5_Chlorpromazine_01|Bircsak2021_S5_Chlorpromazine_03|Bircsak2021_S5_Chlorpromazine_05,3d02dd3a1bc57e8c53f701a6005c8d5e9d8ad6a15a57cdec3f22b27066015897,8213c89526adfad2ef5f5702634520b931010436ff8317bf5c5ded3e06a286fb,87.9245283018868,0.5831891905586701,True
Bircsak2021,Chlorpromazine,VIABILITY,human iHep/HMEC-1/THP-1; OrganoPlate 2-lane; rocker perfusion; endpoint unit=percent live iHep,72h,99.42457296427418,uM,Bircsak2021_S5_Chlorpromazine_06,Bircsak2021_S5_Chlorpromazine,percent live iHep,interpolation,interpolation,85.6603775024414,-2.705868484848949,174.02662348973178,Bircsak2021_S5_Chlorpromazine_01|Bircsak2021_S5_Chlorpromazine_03|Bircsak2021_S5_Chlorpromazine_05,3d02dd3a1bc57e8c53f701a6005c8d5e9d8ad6a15a57cdec3f22b27066015897,8213c89526adfad2ef5f5702634520b931010436ff8317bf5c5ded3e06a286fb,0.7547169811320755,84.90566052130933,True
Bircsak2021,Chlorpromazine,VIABILITY,human iHep/HMEC-1/THP-1; OrganoPlate 2-lane; rocker perfusion; endpoint unit=percent live iHep,72h,315.3166233554365,uM,Bircsak2021_S5_Chlorpromazine_07,Bircsak2021_S5_Chlorpromazine,percent live iHep,interpolation,interpolation,85.6603775024414,-2.705868484848949,174.02662348973178,Bircsak2021_S5_Chlorpromazine_01|Bircsak2021_S5_Chlorpromazine_03|Bircsak2021_S5_Chlorpromazine_05,3d02dd3a1bc57e8c53f701a6005c8d5e9d8ad6a15a57cdec3f22b27066015897,8213c89526adfad2ef5f5702634520b931010436ff8317bf5c5ded3e06a286fb,0.37735849056603776,85.28301901187537,True
Bircsak2021,Tamoxifen,VIABILITY,human iHep/HMEC-1/THP-1; OrganoPlate 2-lane; rocker perfusion; endpoint unit=percent live iHep,72h,0.3036771118035459,uM,Bircsak2021_S5_Tamoxifen_02,Bircsak2021_S5_Tamoxifen,percent live iHep,selected,adaptive10_a0.25,86.10601546013284,0.3101270166935137,171.90190390357216,Bircsak2021_S5_Tamoxifen_01|Bircsak2021_S5_Tamoxifen_03|Bircsak2021_S5_Tamoxifen_05,e94ec7721fd57c3015fd2a2e0bc227f581810294e127c3a81fa1b0d823ad8d8b,8213c89526adfad2ef5f5702634520b931010436ff8317bf5c5ded3e06a286fb,86.46616541353383,0.36014995340099176,True
Bircsak2021,Tamoxifen,VIABILITY,human iHep/HMEC-1/THP-1; OrganoPlate 2-lane; rocker perfusion; endpoint unit=percent live iHep,72h,3.2550885998350565,uM,Bircsak2021_S5_Tamoxifen_04,Bircsak2021_S5_Tamoxifen,percent live iHep,selected,adaptive10_a0.25,82.72363536914342,-3.072253074295901,168.51952381258275,Bircsak2021_S5_Tamoxifen_01|Bircsak2021_S5_Tamoxifen_03|Bircsak2021_S5_Tamoxifen_05,e94ec7721fd57c3015fd2a2e0bc227f581810294e127c3a81fa1b0d823ad8d8b,8213c89526adfad2ef5f5702634520b931010436ff8317bf5c5ded3e06a286fb,87.96992481203007,5.246289442886649,True
Bircsak2021,Tamoxifen,VIABILITY,human iHep/HMEC-1/THP-1; OrganoPlate 2-lane; rocker perfusion; endpoint unit=percent live iHep,72h,32.929712550971516,uM,Bircsak2021_S5_Tamoxifen_06,Bircsak2021_S5_Tamoxifen,percent live iHep,selected,adaptive10_a0.25,79.46015593062603,-6.335732512813294,165.25604437406537,Bircsak2021_S5_Tamoxifen_01|Bircsak2021_S5_Tamoxifen_03|Bircsak2021_S5_Tamoxifen_05,e94ec7721fd57c3015fd2a2e0bc227f581810294e127c3a81fa1b0d823ad8d8b,8213c89526adfad2ef5f5702634520b931010436ff8317bf5c5ded3e06a286fb,1.1278195488721803,78.33233638175385,True
Bircsak2021,Tamoxifen,VIABILITY,human iHep/HMEC-1/THP-1; OrganoPlate 2-lane; rocker perfusion; endpoint unit=percent live iHep,72h,104.73708979594508,uM,Bircsak2021_S5_Tamoxifen_07,Bircsak2021_S5_Tamoxifen,percent live iHep,selected,adaptive10_a0.25,76.57318819233015,-9.222700251109174,162.3690766357695,Bircsak2021_S5_Tamoxifen_01|Bircsak2021_S5_Tamoxifen_03|Bircsak2021_S5_Tamoxifen_05,e94ec7721fd57c3015fd2a2e0bc227f581810294e127c3a81fa1b0d823ad8d8b,8213c89526adfad2ef5f5702634520b931010436ff8317bf5c5ded3e06a286fb,0.37593984962406013,76.19724834270609,True
Bircsak2021,Tamoxifen,VIABILITY,human iHep/HMEC-1/THP-1; OrganoPlate 2-lane; rocker perfusion; endpoint unit=percent live iHep,72h,0.3036771118035459,uM,Bircsak2021_S5_Tamoxifen_02,Bircsak2021_S5_Tamoxifen,percent live iHep,fixed50,fixed50_a1,86.63271052217196,14.077048096411346,159.18837294793258,Bircsak2021_S5_Tamoxifen_01|Bircsak2021_S5_Tamoxifen_03|Bircsak2021_S5_Tamoxifen_05,e94ec7721fd57c3015fd2a2e0bc227f581810294e127c3a81fa1b0d823ad8d8b,8213c89526adfad2ef5f5702634520b931010436ff8317bf5c5ded3e06a286fb,86.46616541353383,0.16654510863813243,True
Bircsak2021,Tamoxifen,VIABILITY,human iHep/HMEC-1/THP-1; OrganoPlate 2-lane; rocker perfusion; endpoint unit=percent live iHep,72h,3.2550885998350565,uM,Bircsak2021_S5_Tamoxifen_04,Bircsak2021_S5_Tamoxifen,percent live iHep,fixed50,fixed50_a1,82.77424881299947,10.218586387238858,155.32991123876008,Bircsak2021_S5_Tamoxifen_01|Bircsak2021_S5_Tamoxifen_03|Bircsak2021_S5_Tamoxifen_05,e94ec7721fd57c3015fd2a2e0bc227f581810294e127c3a81fa1b0d823ad8d8b,8213c89526adfad2ef5f5702634520b931010436ff8317bf5c5ded3e06a286fb,87.96992481203007,5.195675999030598,True
Bircsak2021,Tamoxifen,VIABILITY,human iHep/HMEC-1/THP-1; OrganoPlate 2-lane; rocker perfusion; endpoint unit=percent live iHep,72h,32.929712550971516,uM,Bircsak2021_S5_Tamoxifen_06,Bircsak2021_S5_Tamoxifen,percent live iHep,fixed50,fixed50_a1,77.61506067318774,5.059398247427126,150.17072309894837,Bircsak2021_S5_Tamoxifen_01|Bircsak2021_S5_Tamoxifen_03|Bircsak2021_S5_Tamoxifen_05,e94ec7721fd57c3015fd2a2e0bc227f581810294e127c3a81fa1b0d823ad8d8b,8213c89526adfad2ef5f5702634520b931010436ff8317bf5c5ded3e06a286fb,1.1278195488721803,76.48724112431556,False
Bircsak2021,Tamoxifen,VIABILITY,human iHep/HMEC-1/THP-1; OrganoPlate 2-lane; rocker perfusion; endpoint unit=percent live iHep,72h,104.73708979594508,uM,Bircsak2021_S5_Tamoxifen_07,Bircsak2021_S5_Tamoxifen,percent live iHep,fixed50,fixed50_a1,66.06718972000421,-6.488472705756408,138.62285214576482,Bircsak2021_S5_Tamoxifen_01|Bircsak2021_S5_Tamoxifen_03|Bircsak2021_S5_Tamoxifen_05,e94ec7721fd57c3015fd2a2e0bc227f581810294e127c3a81fa1b0d823ad8d8b,8213c89526adfad2ef5f5702634520b931010436ff8317bf5c5ded3e06a286fb,0.37593984962406013,65.69124987038015,True
Bircsak2021,Tamoxifen,VIABILITY,human iHep/HMEC-1/THP-1; OrganoPlate 2-lane; rocker perfusion; endpoint unit=percent live iHep,72h,0.3036771118035459,uM,Bircsak2021_S5_Tamoxifen_02,Bircsak2021_S5_Tamoxifen,percent live iHep,interpolation,interpolation,85.93045043945312,0.13456199601380092,171.72633888289243,Bircsak2021_S5_Tamoxifen_01|Bircsak2021_S5_Tamoxifen_03|Bircsak2021_S5_Tamoxifen_05,3d02dd3a1bc57e8c53f701a6005c8d5e9d8ad6a15a57cdec3f22b27066015897,8213c89526adfad2ef5f5702634520b931010436ff8317bf5c5ded3e06a286fb,86.46616541353383,0.5357149740807046,True
Bircsak2021,Tamoxifen,VIABILITY,human iHep/HMEC-1/THP-1; OrganoPlate 2-lane; rocker perfusion; endpoint unit=percent live iHep,72h,3.2550885998350565,uM,Bircsak2021_S5_Tamoxifen_04,Bircsak2021_S5_Tamoxifen,percent live iHep,interpolation,interpolation,82.7067642211914,-3.089124222247918,168.50265266463072,Bircsak2021_S5_Tamoxifen_01|Bircsak2021_S5_Tamoxifen_03|Bircsak2021_S5_Tamoxifen_05,3d02dd3a1bc57e8c53f701a6005c8d5e9d8ad6a15a57cdec3f22b27066015897,8213c89526adfad2ef5f5702634520b931010436ff8317bf5c5ded3e06a286fb,87.96992481203007,5.263160590838666,True
Bircsak2021,Tamoxifen,VIABILITY,human iHep/HMEC-1/THP-1; OrganoPlate 2-lane; rocker perfusion; endpoint unit=percent live iHep,72h,32.929712550971516,uM,Bircsak2021_S5_Tamoxifen_06,Bircsak2021_S5_Tamoxifen,percent live iHep,interpolation,interpolation,80.07518768310547,-5.720700760333855,165.87107612654478,Bircsak2021_S5_Tamoxifen_01|Bircsak2021_S5_Tamoxifen_03|Bircsak2021_S5_Tamoxifen_05,3d02dd3a1bc57e8c53f701a6005c8d5e9d8ad6a15a57cdec3f22b27066015897,8213c89526adfad2ef5f5702634520b931010436ff8317bf5c5ded3e06a286fb,1.1278195488721803,78.94736813423329,True
Bircsak2021,Tamoxifen,VIABILITY,human iHep/HMEC-1/THP-1; OrganoPlate 2-lane; rocker perfusion; endpoint unit=percent live iHep,72h,104.73708979594508,uM,Bircsak2021_S5_Tamoxifen_07,Bircsak2021_S5_Tamoxifen,percent live iHep,interpolation,interpolation,80.07518768310547,-5.720700760333855,165.87107612654478,Bircsak2021_S5_Tamoxifen_01|Bircsak2021_S5_Tamoxifen_03|Bircsak2021_S5_Tamoxifen_05,3d02dd3a1bc57e8c53f701a6005c8d5e9d8ad6a15a57cdec3f22b27066015897,8213c89526adfad2ef5f5702634520b931010436ff8317bf5c5ded3e06a286fb,0.37593984962406013,79.69924783348141,True
