patient,call1,call2,action,reason,baseline_action,response,wrong_release
Patient8,1,1,1,Measured combined-regimen assay at its frozen training cutoff,1,1,0
Patient26,1,1,1,Measured combined-regimen assay at its frozen training cutoff,1,1,0
Patient1,1,1,1,Measured combined-regimen assay at its frozen training cutoff,1,1,0
Patient35,1,0,1,Measured combined-regimen assay at its frozen training cutoff,retest,1,0
Patient69,0,1,1,Measured combined-regimen assay at its frozen training cutoff,retest,1,0
Patient79,0,0,0,Measured combined-regimen assay at its frozen training cutoff,0,0,0
Patient23,0,1,1,Measured combined-regimen assay at its frozen training cutoff,retest,1,0
Patient39,0,1,1,Measured combined-regimen assay at its frozen training cutoff,retest,1,0
Patient65,0,0,0,Measured combined-regimen assay at its frozen training cutoff,0,0,0
Patient92,0,1,0,Measured combined-regimen assay at its frozen training cutoff,retest,0,0
Patient44,0,1,1,Measured combined-regimen assay at its frozen training cutoff,retest,1,0
Patient110,0,0,0,Measured combined-regimen assay at its frozen training cutoff,0,0,0
Patient87,1,1,1,Measured combined-regimen assay at its frozen training cutoff,1,1,0
Patient37,0,1,0,Measured combined-regimen assay at its frozen training cutoff,retest,0,0
Patient4,0,1,1,Measured combined-regimen assay at its frozen training cutoff,retest,1,0
Patient115,0,0,0,Measured combined-regimen assay at its frozen training cutoff,0,0,0
Patient2,0,0,0,Measured combined-regimen assay at its frozen training cutoff,0,0,0
Patient16,1,1,1,Measured combined-regimen assay at its frozen training cutoff,1,1,0
Patient41,0,0,0,Measured combined-regimen assay at its frozen training cutoff,0,0,0
Patient54,1,0,1,Measured combined-regimen assay at its frozen training cutoff,retest,1,0
Patient63,0,0,0,Measured combined-regimen assay at its frozen training cutoff,0,0,0
Patient91,0,0,0,Measured combined-regimen assay at its frozen training cutoff,0,0,0
Patient12,1,1,1,Measured combined-regimen assay at its frozen training cutoff,1,1,0
Patient67,0,0,0,Measured combined-regimen assay at its frozen training cutoff,0,0,0
Patient101,0,1,1,Measured combined-regimen assay at its frozen training cutoff,retest,1,0
Patient108,0,1,1,Measured combined-regimen assay at its frozen training cutoff,retest,1,0
Patient13,1,0,0,Measured combined-regimen assay at its frozen training cutoff,retest,0,0
Patient61,0,1,0,Measured combined-regimen assay at its frozen training cutoff,retest,0,0
Patient97,0,0,1,Measured combined-regimen assay at its frozen training cutoff,0,1,0
Patient89,0,0,1,Measured combined-regimen assay at its frozen training cutoff,0,1,0
Patient121,0,0,0,Measured combined-regimen assay at its frozen training cutoff,0,0,0
Patient32,1,1,1,Measured combined-regimen assay at its frozen training cutoff,1,1,0
Patient20,0,0,0,Measured combined-regimen assay at its frozen training cutoff,0,0,0
Patient86,1,1,1,Measured combined-regimen assay at its frozen training cutoff,1,1,0
Patient94,0,0,0,Measured combined-regimen assay at its frozen training cutoff,0,0,0
Patient49,0,0,1,Measured combined-regimen assay at its frozen training cutoff,0,1,0
Patient36,1,0,1,Measured combined-regimen assay at its frozen training cutoff,retest,1,0
Patient113,0,0,0,Measured combined-regimen assay at its frozen training cutoff,0,0,0
Patient60,0,1,1,Measured combined-regimen assay at its frozen training cutoff,retest,1,0
Patient21,1,1,0,Measured combined-regimen assay at its frozen training cutoff,1,0,0
Patient122,0,0,0,Measured combined-regimen assay at its frozen training cutoff,0,0,0
Patient71,0,1,0,Measured combined-regimen assay at its frozen training cutoff,retest,0,0
Patient105,1,1,0,Measured combined-regimen assay at its frozen training cutoff,1,1,1
